image_path,image_group,frame_id,model_detection_count,model_strong_count,model_weak_count,model_noise_count,new_strong_count,new_review_count,new_color_corrected_count,new_weak_count,new_noise_count,heuristics_count,old_policy_debug_path,new_policy_debug_path,heuristics_only_debug_path,comparison_debug_path
images_ok_raw/ok_20260630_103642_000001.jpg,images_ok_raw,1,3,0,1,2,0,1,0,0,2,0,policy_replay_lab/outputs/session_20260630_103628/analysis/old_policy_debug/frame_000001_ok_20260630_103642_000001.jpg,policy_replay_lab/outputs/session_20260630_103628/analysis/new_policy_debug/frame_000001_ok_20260630_103642_000001.jpg,policy_replay_lab/outputs/session_20260630_103628/analysis/heuristics_only_debug/frame_000001_ok_20260630_103642_000001.jpg,policy_replay_lab/outputs/session_20260630_103628/analysis/comparison_debug/frame_000001_ok_20260630_103642_000001.jpg
images_ok_raw/ok_20260630_103643_000002.jpg,images_ok_raw,2,12,3,7,2,3,1,0,6,2,0,policy_replay_lab/outputs/session_20260630_103628/analysis/old_policy_debug/frame_000002_ok_20260630_103643_000002.jpg,policy_replay_lab/outputs/session_20260630_103628/analysis/new_policy_debug/frame_000002_ok_20260630_103643_000002.jpg,policy_replay_lab/outputs/session_20260630_103628/analysis/heuristics_only_debug/frame_000002_ok_20260630_103643_000002.jpg,policy_replay_lab/outputs/session_20260630_103628/analysis/comparison_debug/frame_000002_ok_20260630_103643_000002.jpg
images_ok_raw/ok_20260630_103644_000003.jpg,images_ok_raw,3,15,7,7,1,7,3,1,3,1,1,policy_replay_lab/outputs/session_20260630_103628/analysis/old_policy_debug/frame_000003_ok_20260630_103644_000003.jpg,policy_replay_lab/outputs/session_20260630_103628/analysis/new_policy_debug/frame_000003_ok_20260630_103644_000003.jpg,policy_replay_lab/outputs/session_20260630_103628/analysis/heuristics_only_debug/frame_000003_ok_20260630_103644_000003.jpg,policy_replay_lab/outputs/session_20260630_103628/analysis/comparison_debug/frame_000003_ok_20260630_103644_000003.jpg
images_ok_raw/ok_20260630_103645_000004.jpg,images_ok_raw,4,15,10,5,0,9,2,1,3,0,1,policy_replay_lab/outputs/session_20260630_103628/analysis/old_policy_debug/frame_000004_ok_20260630_103645_000004.jpg,policy_replay_lab/outputs/session_20260630_103628/analysis/new_policy_debug/frame_000004_ok_20260630_103645_000004.jpg,policy_replay_lab/outputs/session_20260630_103628/analysis/heuristics_only_debug/frame_000004_ok_20260630_103645_000004.jpg,policy_replay_lab/outputs/session_20260630_103628/analysis/comparison_debug/frame_000004_ok_20260630_103645_000004.jpg
images_ok_raw/ok_20260630_103646_000005.jpg,images_ok_raw,5,14,7,7,0,7,3,1,3,0,1,policy_replay_lab/outputs/session_20260630_103628/analysis/old_policy_debug/frame_000005_ok_20260630_103646_000005.jpg,policy_replay_lab/outputs/session_20260630_103628/analysis/new_policy_debug/frame_000005_ok_20260630_103646_000005.jpg,policy_replay_lab/outputs/session_20260630_103628/analysis/heuristics_only_debug/frame_000005_ok_20260630_103646_000005.jpg,policy_replay_lab/outputs/session_20260630_103628/analysis/comparison_debug/frame_000005_ok_20260630_103646_000005.jpg
images_ok_raw/ok_20260630_103647_000006.jpg,images_ok_raw,6,10,7,3,0,7,0,1,2,0,1,policy_replay_lab/outputs/session_20260630_103628/analysis/old_policy_debug/frame_000006_ok_20260630_103647_000006.jpg,policy_replay_lab/outputs/session_20260630_103628/analysis/new_policy_debug/frame_000006_ok_20260630_103647_000006.jpg,policy_replay_lab/outputs/session_20260630_103628/analysis/heuristics_only_debug/frame_000006_ok_20260630_103647_000006.jpg,policy_replay_lab/outputs/session_20260630_103628/analysis/comparison_debug/frame_000006_ok_20260630_103647_000006.jpg
images_ok_raw/ok_20260630_103648_000007.jpg,images_ok_raw,7,7,5,1,1,5,0,0,1,1,0,policy_replay_lab/outputs/session_20260630_103628/analysis/old_policy_debug/frame_000007_ok_20260630_103648_000007.jpg,policy_replay_lab/outputs/session_20260630_103628/analysis/new_policy_debug/frame_000007_ok_20260630_103648_000007.jpg,policy_replay_lab/outputs/session_20260630_103628/analysis/heuristics_only_debug/frame_000007_ok_20260630_103648_000007.jpg,policy_replay_lab/outputs/session_20260630_103628/analysis/comparison_debug/frame_000007_ok_20260630_103648_000007.jpg
images_ok_raw/ok_20260630_103649_000008.jpg,images_ok_raw,8,12,5,7,0,5,1,1,5,0,0,policy_replay_lab/outputs/session_20260630_103628/analysis/old_policy_debug/frame_000008_ok_20260630_103649_000008.jpg,policy_replay_lab/outputs/session_20260630_103628/analysis/new_policy_debug/frame_000008_ok_20260630_103649_000008.jpg,policy_replay_lab/outputs/session_20260630_103628/analysis/heuristics_only_debug/frame_000008_ok_20260630_103649_000008.jpg,policy_replay_lab/outputs/session_20260630_103628/analysis/comparison_debug/frame_000008_ok_20260630_103649_000008.jpg
images_ok_raw/ok_20260630_103650_000009.jpg,images_ok_raw,9,4,1,2,1,1,1,0,1,1,0,policy_replay_lab/outputs/session_20260630_103628/analysis/old_policy_debug/frame_000009_ok_20260630_103650_000009.jpg,policy_replay_lab/outputs/session_20260630_103628/analysis/new_policy_debug/frame_000009_ok_20260630_103650_000009.jpg,policy_replay_lab/outputs/session_20260630_103628/analysis/heuristics_only_debug/frame_000009_ok_20260630_103650_000009.jpg,policy_replay_lab/outputs/session_20260630_103628/analysis/comparison_debug/frame_000009_ok_20260630_103650_000009.jpg
images_ok_raw/ok_20260630_103652_000010.jpg,images_ok_raw,10,6,1,4,1,1,0,0,4,1,0,policy_replay_lab/outputs/session_20260630_103628/analysis/old_policy_debug/frame_000010_ok_20260630_103652_000010.jpg,policy_replay_lab/outputs/session_20260630_103628/analysis/new_policy_debug/frame_000010_ok_20260630_103652_000010.jpg,policy_replay_lab/outputs/session_20260630_103628/analysis/heuristics_only_debug/frame_000010_ok_20260630_103652_000010.jpg,policy_replay_lab/outputs/session_20260630_103628/analysis/comparison_debug/frame_000010_ok_20260630_103652_000010.jpg
images_ok_raw/ok_20260630_103653_000011.jpg,images_ok_raw,11,5,1,4,0,1,1,1,2,0,0,policy_replay_lab/outputs/session_20260630_103628/analysis/old_policy_debug/frame_000011_ok_20260630_103653_000011.jpg,policy_replay_lab/outputs/session_20260630_103628/analysis/new_policy_debug/frame_000011_ok_20260630_103653_000011.jpg,policy_replay_lab/outputs/session_20260630_103628/analysis/heuristics_only_debug/frame_000011_ok_20260630_103653_000011.jpg,policy_replay_lab/outputs/session_20260630_103628/analysis/comparison_debug/frame_000011_ok_20260630_103653_000011.jpg
images_ok_raw/ok_20260630_103654_000012.jpg,images_ok_raw,12,22,4,16,2,4,2,2,12,2,1,policy_replay_lab/outputs/session_20260630_103628/analysis/old_policy_debug/frame_000012_ok_20260630_103654_000012.jpg,policy_replay_lab/outputs/session_20260630_103628/analysis/new_policy_debug/frame_000012_ok_20260630_103654_000012.jpg,policy_replay_lab/outputs/session_20260630_103628/analysis/heuristics_only_debug/frame_000012_ok_20260630_103654_000012.jpg,policy_replay_lab/outputs/session_20260630_103628/analysis/comparison_debug/frame_000012_ok_20260630_103654_000012.jpg
images_ok_raw/ok_20260630_103655_000013.jpg,images_ok_raw,13,22,2,17,3,2,2,2,13,3,2,policy_replay_lab/outputs/session_20260630_103628/analysis/old_policy_debug/frame_000013_ok_20260630_103655_000013.jpg,policy_replay_lab/outputs/session_20260630_103628/analysis/new_policy_debug/frame_000013_ok_20260630_103655_000013.jpg,policy_replay_lab/outputs/session_20260630_103628/analysis/heuristics_only_debug/frame_000013_ok_20260630_103655_000013.jpg,policy_replay_lab/outputs/session_20260630_103628/analysis/comparison_debug/frame_000013_ok_20260630_103655_000013.jpg
images_ok_raw/ok_20260630_103656_000014.jpg,images_ok_raw,14,23,2,16,5,2,1,3,12,5,2,policy_replay_lab/outputs/session_20260630_103628/analysis/old_policy_debug/frame_000014_ok_20260630_103656_000014.jpg,policy_replay_lab/outputs/session_20260630_103628/analysis/new_policy_debug/frame_000014_ok_20260630_103656_000014.jpg,policy_replay_lab/outputs/session_20260630_103628/analysis/heuristics_only_debug/frame_000014_ok_20260630_103656_000014.jpg,policy_replay_lab/outputs/session_20260630_103628/analysis/comparison_debug/frame_000014_ok_20260630_103656_000014.jpg
images_ok_raw/ok_20260630_103657_000015.jpg,images_ok_raw,15,22,1,20,1,1,3,2,15,1,1,policy_replay_lab/outputs/session_20260630_103628/analysis/old_policy_debug/frame_000015_ok_20260630_103657_000015.jpg,policy_replay_lab/outputs/session_20260630_103628/analysis/new_policy_debug/frame_000015_ok_20260630_103657_000015.jpg,policy_replay_lab/outputs/session_20260630_103628/analysis/heuristics_only_debug/frame_000015_ok_20260630_103657_000015.jpg,policy_replay_lab/outputs/session_20260630_103628/analysis/comparison_debug/frame_000015_ok_20260630_103657_000015.jpg
images_ok_raw/ok_20260630_103658_000016.jpg,images_ok_raw,16,17,4,10,3,4,1,2,7,3,1,policy_replay_lab/outputs/session_20260630_103628/analysis/old_policy_debug/frame_000016_ok_20260630_103658_000016.jpg,policy_replay_lab/outputs/session_20260630_103628/analysis/new_policy_debug/frame_000016_ok_20260630_103658_000016.jpg,policy_replay_lab/outputs/session_20260630_103628/analysis/heuristics_only_debug/frame_000016_ok_20260630_103658_000016.jpg,policy_replay_lab/outputs/session_20260630_103628/analysis/comparison_debug/frame_000016_ok_20260630_103658_000016.jpg
images_ok_raw/ok_20260630_103700_000017.jpg,images_ok_raw,17,16,0,13,3,0,2,1,10,3,2,policy_replay_lab/outputs/session_20260630_103628/analysis/old_policy_debug/frame_000017_ok_20260630_103700_000017.jpg,policy_replay_lab/outputs/session_20260630_103628/analysis/new_policy_debug/frame_000017_ok_20260630_103700_000017.jpg,policy_replay_lab/outputs/session_20260630_103628/analysis/heuristics_only_debug/frame_000017_ok_20260630_103700_000017.jpg,policy_replay_lab/outputs/session_20260630_103628/analysis/comparison_debug/frame_000017_ok_20260630_103700_000017.jpg
images_ok_raw/ok_20260630_103701_000018.jpg,images_ok_raw,18,13,1,10,2,1,1,1,8,2,1,policy_replay_lab/outputs/session_20260630_103628/analysis/old_policy_debug/frame_000018_ok_20260630_103701_000018.jpg,policy_replay_lab/outputs/session_20260630_103628/analysis/new_policy_debug/frame_000018_ok_20260630_103701_000018.jpg,policy_replay_lab/outputs/session_20260630_103628/analysis/heuristics_only_debug/frame_000018_ok_20260630_103701_000018.jpg,policy_replay_lab/outputs/session_20260630_103628/analysis/comparison_debug/frame_000018_ok_20260630_103701_000018.jpg
images_ok_raw/ok_20260630_103708_000019.jpg,images_ok_raw,19,7,1,5,1,1,1,0,4,1,0,policy_replay_lab/outputs/session_20260630_103628/analysis/old_policy_debug/frame_000019_ok_20260630_103708_000019.jpg,policy_replay_lab/outputs/session_20260630_103628/analysis/new_policy_debug/frame_000019_ok_20260630_103708_000019.jpg,policy_replay_lab/outputs/session_20260630_103628/analysis/heuristics_only_debug/frame_000019_ok_20260630_103708_000019.jpg,policy_replay_lab/outputs/session_20260630_103628/analysis/comparison_debug/frame_000019_ok_20260630_103708_000019.jpg
images_ok_raw/ok_20260630_103709_000020.jpg,images_ok_raw,20,4,2,1,1,2,1,0,0,1,0,policy_replay_lab/outputs/session_20260630_103628/analysis/old_policy_debug/frame_000020_ok_20260630_103709_000020.jpg,policy_replay_lab/outputs/session_20260630_103628/analysis/new_policy_debug/frame_000020_ok_20260630_103709_000020.jpg,policy_replay_lab/outputs/session_20260630_103628/analysis/heuristics_only_debug/frame_000020_ok_20260630_103709_000020.jpg,policy_replay_lab/outputs/session_20260630_103628/analysis/comparison_debug/frame_000020_ok_20260630_103709_000020.jpg
images_ok_raw/ok_20260630_103710_000021.jpg,images_ok_raw,21,2,1,1,0,1,0,0,1,0,0,policy_replay_lab/outputs/session_20260630_103628/analysis/old_policy_debug/frame_000021_ok_20260630_103710_000021.jpg,policy_replay_lab/outputs/session_20260630_103628/analysis/new_policy_debug/frame_000021_ok_20260630_103710_000021.jpg,policy_replay_lab/outputs/session_20260630_103628/analysis/heuristics_only_debug/frame_000021_ok_20260630_103710_000021.jpg,policy_replay_lab/outputs/session_20260630_103628/analysis/comparison_debug/frame_000021_ok_20260630_103710_000021.jpg
images_ok_raw/ok_20260630_103711_000022.jpg,images_ok_raw,22,6,3,3,0,3,1,0,2,0,0,policy_replay_lab/outputs/session_20260630_103628/analysis/old_policy_debug/frame_000022_ok_20260630_103711_000022.jpg,policy_replay_lab/outputs/session_20260630_103628/analysis/new_policy_debug/frame_000022_ok_20260630_103711_000022.jpg,policy_replay_lab/outputs/session_20260630_103628/analysis/heuristics_only_debug/frame_000022_ok_20260630_103711_000022.jpg,policy_replay_lab/outputs/session_20260630_103628/analysis/comparison_debug/frame_000022_ok_20260630_103711_000022.jpg
images_ok_raw/ok_20260630_103712_000023.jpg,images_ok_raw,23,4,2,2,0,2,0,0,2,0,0,policy_replay_lab/outputs/session_20260630_103628/analysis/old_policy_debug/frame_000023_ok_20260630_103712_000023.jpg,policy_replay_lab/outputs/session_20260630_103628/analysis/new_policy_debug/frame_000023_ok_20260630_103712_000023.jpg,policy_replay_lab/outputs/session_20260630_103628/analysis/heuristics_only_debug/frame_000023_ok_20260630_103712_000023.jpg,policy_replay_lab/outputs/session_20260630_103628/analysis/comparison_debug/frame_000023_ok_20260630_103712_000023.jpg
images_ok_raw/ok_20260630_103713_000024.jpg,images_ok_raw,24,2,2,0,0,2,0,0,0,0,0,policy_replay_lab/outputs/session_20260630_103628/analysis/old_policy_debug/frame_000024_ok_20260630_103713_000024.jpg,policy_replay_lab/outputs/session_20260630_103628/analysis/new_policy_debug/frame_000024_ok_20260630_103713_000024.jpg,policy_replay_lab/outputs/session_20260630_103628/analysis/heuristics_only_debug/frame_000024_ok_20260630_103713_000024.jpg,policy_replay_lab/outputs/session_20260630_103628/analysis/comparison_debug/frame_000024_ok_20260630_103713_000024.jpg
images_ok_raw/ok_20260630_103714_000025.jpg,images_ok_raw,25,2,2,0,0,2,0,0,0,0,0,policy_replay_lab/outputs/session_20260630_103628/analysis/old_policy_debug/frame_000025_ok_20260630_103714_000025.jpg,policy_replay_lab/outputs/session_20260630_103628/analysis/new_policy_debug/frame_000025_ok_20260630_103714_000025.jpg,policy_replay_lab/outputs/session_20260630_103628/analysis/heuristics_only_debug/frame_000025_ok_20260630_103714_000025.jpg,policy_replay_lab/outputs/session_20260630_103628/analysis/comparison_debug/frame_000025_ok_20260630_103714_000025.jpg
images_ok_raw/ok_20260630_103715_000026.jpg,images_ok_raw,26,6,3,2,1,3,1,0,1,1,1,policy_replay_lab/outputs/session_20260630_103628/analysis/old_policy_debug/frame_000026_ok_20260630_103715_000026.jpg,policy_replay_lab/outputs/session_20260630_103628/analysis/new_policy_debug/frame_000026_ok_20260630_103715_000026.jpg,policy_replay_lab/outputs/session_20260630_103628/analysis/heuristics_only_debug/frame_000026_ok_20260630_103715_000026.jpg,policy_replay_lab/outputs/session_20260630_103628/analysis/comparison_debug/frame_000026_ok_20260630_103715_000026.jpg
images_ok_raw/ok_20260630_103716_000027.jpg,images_ok_raw,27,7,3,2,2,3,0,0,2,2,1,policy_replay_lab/outputs/session_20260630_103628/analysis/old_policy_debug/frame_000027_ok_20260630_103716_000027.jpg,policy_replay_lab/outputs/session_20260630_103628/analysis/new_policy_debug/frame_000027_ok_20260630_103716_000027.jpg,policy_replay_lab/outputs/session_20260630_103628/analysis/heuristics_only_debug/frame_000027_ok_20260630_103716_000027.jpg,policy_replay_lab/outputs/session_20260630_103628/analysis/comparison_debug/frame_000027_ok_20260630_103716_000027.jpg
images_ok_raw/ok_20260630_103717_000028.jpg,images_ok_raw,28,9,2,5,2,2,0,0,5,2,0,policy_replay_lab/outputs/session_20260630_103628/analysis/old_policy_debug/frame_000028_ok_20260630_103717_000028.jpg,policy_replay_lab/outputs/session_20260630_103628/analysis/new_policy_debug/frame_000028_ok_20260630_103717_000028.jpg,policy_replay_lab/outputs/session_20260630_103628/analysis/heuristics_only_debug/frame_000028_ok_20260630_103717_000028.jpg,policy_replay_lab/outputs/session_20260630_103628/analysis/comparison_debug/frame_000028_ok_20260630_103717_000028.jpg
images_ok_raw/ok_20260630_103718_000029.jpg,images_ok_raw,29,18,1,13,4,1,2,0,11,4,1,policy_replay_lab/outputs/session_20260630_103628/analysis/old_policy_debug/frame_000029_ok_20260630_103718_000029.jpg,policy_replay_lab/outputs/session_20260630_103628/analysis/new_policy_debug/frame_000029_ok_20260630_103718_000029.jpg,policy_replay_lab/outputs/session_20260630_103628/analysis/heuristics_only_debug/frame_000029_ok_20260630_103718_000029.jpg,policy_replay_lab/outputs/session_20260630_103628/analysis/comparison_debug/frame_000029_ok_20260630_103718_000029.jpg
images_ok_raw/ok_20260630_103720_000030.jpg,images_ok_raw,30,14,1,10,3,1,2,0,8,3,1,policy_replay_lab/outputs/session_20260630_103628/analysis/old_policy_debug/frame_000030_ok_20260630_103720_000030.jpg,policy_replay_lab/outputs/session_20260630_103628/analysis/new_policy_debug/frame_000030_ok_20260630_103720_000030.jpg,policy_replay_lab/outputs/session_20260630_103628/analysis/heuristics_only_debug/frame_000030_ok_20260630_103720_000030.jpg,policy_replay_lab/outputs/session_20260630_103628/analysis/comparison_debug/frame_000030_ok_20260630_103720_000030.jpg
images_ok_raw/ok_20260630_103721_000031.jpg,images_ok_raw,31,15,0,12,3,0,2,0,10,3,1,policy_replay_lab/outputs/session_20260630_103628/analysis/old_policy_debug/frame_000031_ok_20260630_103721_000031.jpg,policy_replay_lab/outputs/session_20260630_103628/analysis/new_policy_debug/frame_000031_ok_20260630_103721_000031.jpg,policy_replay_lab/outputs/session_20260630_103628/analysis/heuristics_only_debug/frame_000031_ok_20260630_103721_000031.jpg,policy_replay_lab/outputs/session_20260630_103628/analysis/comparison_debug/frame_000031_ok_20260630_103721_000031.jpg
images_ok_raw/ok_20260630_103722_000032.jpg,images_ok_raw,32,15,1,11,3,1,2,0,9,3,0,policy_replay_lab/outputs/session_20260630_103628/analysis/old_policy_debug/frame_000032_ok_20260630_103722_000032.jpg,policy_replay_lab/outputs/session_20260630_103628/analysis/new_policy_debug/frame_000032_ok_20260630_103722_000032.jpg,policy_replay_lab/outputs/session_20260630_103628/analysis/heuristics_only_debug/frame_000032_ok_20260630_103722_000032.jpg,policy_replay_lab/outputs/session_20260630_103628/analysis/comparison_debug/frame_000032_ok_20260630_103722_000032.jpg
images_ok_raw/ok_20260630_103723_000033.jpg,images_ok_raw,33,13,3,7,3,3,2,0,5,3,1,policy_replay_lab/outputs/session_20260630_103628/analysis/old_policy_debug/frame_000033_ok_20260630_103723_000033.jpg,policy_replay_lab/outputs/session_20260630_103628/analysis/new_policy_debug/frame_000033_ok_20260630_103723_000033.jpg,policy_replay_lab/outputs/session_20260630_103628/analysis/heuristics_only_debug/frame_000033_ok_20260630_103723_000033.jpg,policy_replay_lab/outputs/session_20260630_103628/analysis/comparison_debug/frame_000033_ok_20260630_103723_000033.jpg
images_ok_raw/ok_20260630_103724_000034.jpg,images_ok_raw,34,12,3,8,1,3,2,0,6,1,0,policy_replay_lab/outputs/session_20260630_103628/analysis/old_policy_debug/frame_000034_ok_20260630_103724_000034.jpg,policy_replay_lab/outputs/session_20260630_103628/analysis/new_policy_debug/frame_000034_ok_20260630_103724_000034.jpg,policy_replay_lab/outputs/session_20260630_103628/analysis/heuristics_only_debug/frame_000034_ok_20260630_103724_000034.jpg,policy_replay_lab/outputs/session_20260630_103628/analysis/comparison_debug/frame_000034_ok_20260630_103724_000034.jpg
images_ok_raw/ok_20260630_103725_000035.jpg,images_ok_raw,35,7,6,0,1,6,0,0,0,1,0,policy_replay_lab/outputs/session_20260630_103628/analysis/old_policy_debug/frame_000035_ok_20260630_103725_000035.jpg,policy_replay_lab/outputs/session_20260630_103628/analysis/new_policy_debug/frame_000035_ok_20260630_103725_000035.jpg,policy_replay_lab/outputs/session_20260630_103628/analysis/heuristics_only_debug/frame_000035_ok_20260630_103725_000035.jpg,policy_replay_lab/outputs/session_20260630_103628/analysis/comparison_debug/frame_000035_ok_20260630_103725_000035.jpg
images_ok_raw/ok_20260630_103726_000036.jpg,images_ok_raw,36,7,1,5,1,1,2,0,3,1,1,policy_replay_lab/outputs/session_20260630_103628/analysis/old_policy_debug/frame_000036_ok_20260630_103726_000036.jpg,policy_replay_lab/outputs/session_20260630_103628/analysis/new_policy_debug/frame_000036_ok_20260630_103726_000036.jpg,policy_replay_lab/outputs/session_20260630_103628/analysis/heuristics_only_debug/frame_000036_ok_20260630_103726_000036.jpg,policy_replay_lab/outputs/session_20260630_103628/analysis/comparison_debug/frame_000036_ok_20260630_103726_000036.jpg
images_ok_raw/ok_20260630_103727_000037.jpg,images_ok_raw,37,10,5,5,0,5,1,0,4,0,0,policy_replay_lab/outputs/session_20260630_103628/analysis/old_policy_debug/frame_000037_ok_20260630_103727_000037.jpg,policy_replay_lab/outputs/session_20260630_103628/analysis/new_policy_debug/frame_000037_ok_20260630_103727_000037.jpg,policy_replay_lab/outputs/session_20260630_103628/analysis/heuristics_only_debug/frame_000037_ok_20260630_103727_000037.jpg,policy_replay_lab/outputs/session_20260630_103628/analysis/comparison_debug/frame_000037_ok_20260630_103727_000037.jpg
images_ok_raw/ok_20260630_103728_000038.jpg,images_ok_raw,38,13,4,7,2,4,1,0,6,2,0,policy_replay_lab/outputs/session_20260630_103628/analysis/old_policy_debug/frame_000038_ok_20260630_103728_000038.jpg,policy_replay_lab/outputs/session_20260630_103628/analysis/new_policy_debug/frame_000038_ok_20260630_103728_000038.jpg,policy_replay_lab/outputs/session_20260630_103628/analysis/heuristics_only_debug/frame_000038_ok_20260630_103728_000038.jpg,policy_replay_lab/outputs/session_20260630_103628/analysis/comparison_debug/frame_000038_ok_20260630_103728_000038.jpg
images_ok_raw/ok_20260630_103729_000039.jpg,images_ok_raw,39,18,3,12,3,3,3,0,9,3,0,policy_replay_lab/outputs/session_20260630_103628/analysis/old_policy_debug/frame_000039_ok_20260630_103729_000039.jpg,policy_replay_lab/outputs/session_20260630_103628/analysis/new_policy_debug/frame_000039_ok_20260630_103729_000039.jpg,policy_replay_lab/outputs/session_20260630_103628/analysis/heuristics_only_debug/frame_000039_ok_20260630_103729_000039.jpg,policy_replay_lab/outputs/session_20260630_103628/analysis/comparison_debug/frame_000039_ok_20260630_103729_000039.jpg
images_ok_raw/ok_20260630_103734_000040.jpg,images_ok_raw,40,6,0,4,2,0,1,0,3,2,0,policy_replay_lab/outputs/session_20260630_103628/analysis/old_policy_debug/frame_000040_ok_20260630_103734_000040.jpg,policy_replay_lab/outputs/session_20260630_103628/analysis/new_policy_debug/frame_000040_ok_20260630_103734_000040.jpg,policy_replay_lab/outputs/session_20260630_103628/analysis/heuristics_only_debug/frame_000040_ok_20260630_103734_000040.jpg,policy_replay_lab/outputs/session_20260630_103628/analysis/comparison_debug/frame_000040_ok_20260630_103734_000040.jpg
images_ok_raw/ok_20260630_103751_000041.jpg,images_ok_raw,41,18,1,13,4,1,1,2,10,4,2,policy_replay_lab/outputs/session_20260630_103628/analysis/old_policy_debug/frame_000041_ok_20260630_103751_000041.jpg,policy_replay_lab/outputs/session_20260630_103628/analysis/new_policy_debug/frame_000041_ok_20260630_103751_000041.jpg,policy_replay_lab/outputs/session_20260630_103628/analysis/heuristics_only_debug/frame_000041_ok_20260630_103751_000041.jpg,policy_replay_lab/outputs/session_20260630_103628/analysis/comparison_debug/frame_000041_ok_20260630_103751_000041.jpg
images_ok_raw/ok_20260630_103752_000042.jpg,images_ok_raw,42,12,3,7,2,3,0,0,7,2,0,policy_replay_lab/outputs/session_20260630_103628/analysis/old_policy_debug/frame_000042_ok_20260630_103752_000042.jpg,policy_replay_lab/outputs/session_20260630_103628/analysis/new_policy_debug/frame_000042_ok_20260630_103752_000042.jpg,policy_replay_lab/outputs/session_20260630_103628/analysis/heuristics_only_debug/frame_000042_ok_20260630_103752_000042.jpg,policy_replay_lab/outputs/session_20260630_103628/analysis/comparison_debug/frame_000042_ok_20260630_103752_000042.jpg
images_ok_raw/ok_20260630_103753_000043.jpg,images_ok_raw,43,9,2,7,0,2,1,2,4,0,0,policy_replay_lab/outputs/session_20260630_103628/analysis/old_policy_debug/frame_000043_ok_20260630_103753_000043.jpg,policy_replay_lab/outputs/session_20260630_103628/analysis/new_policy_debug/frame_000043_ok_20260630_103753_000043.jpg,policy_replay_lab/outputs/session_20260630_103628/analysis/heuristics_only_debug/frame_000043_ok_20260630_103753_000043.jpg,policy_replay_lab/outputs/session_20260630_103628/analysis/comparison_debug/frame_000043_ok_20260630_103753_000043.jpg
images_ok_raw/ok_20260630_103754_000044.jpg,images_ok_raw,44,6,3,3,0,3,0,0,3,0,0,policy_replay_lab/outputs/session_20260630_103628/analysis/old_policy_debug/frame_000044_ok_20260630_103754_000044.jpg,policy_replay_lab/outputs/session_20260630_103628/analysis/new_policy_debug/frame_000044_ok_20260630_103754_000044.jpg,policy_replay_lab/outputs/session_20260630_103628/analysis/heuristics_only_debug/frame_000044_ok_20260630_103754_000044.jpg,policy_replay_lab/outputs/session_20260630_103628/analysis/comparison_debug/frame_000044_ok_20260630_103754_000044.jpg
images_ok_raw/ok_20260630_103755_000045.jpg,images_ok_raw,45,8,2,4,2,2,1,0,3,2,0,policy_replay_lab/outputs/session_20260630_103628/analysis/old_policy_debug/frame_000045_ok_20260630_103755_000045.jpg,policy_replay_lab/outputs/session_20260630_103628/analysis/new_policy_debug/frame_000045_ok_20260630_103755_000045.jpg,policy_replay_lab/outputs/session_20260630_103628/analysis/heuristics_only_debug/frame_000045_ok_20260630_103755_000045.jpg,policy_replay_lab/outputs/session_20260630_103628/analysis/comparison_debug/frame_000045_ok_20260630_103755_000045.jpg
images_ok_raw/ok_20260630_103756_000046.jpg,images_ok_raw,46,11,2,5,4,2,0,0,5,4,0,policy_replay_lab/outputs/session_20260630_103628/analysis/old_policy_debug/frame_000046_ok_20260630_103756_000046.jpg,policy_replay_lab/outputs/session_20260630_103628/analysis/new_policy_debug/frame_000046_ok_20260630_103756_000046.jpg,policy_replay_lab/outputs/session_20260630_103628/analysis/heuristics_only_debug/frame_000046_ok_20260630_103756_000046.jpg,policy_replay_lab/outputs/session_20260630_103628/analysis/comparison_debug/frame_000046_ok_20260630_103756_000046.jpg
images_ok_raw/ok_20260630_103757_000047.jpg,images_ok_raw,47,14,4,7,3,4,1,2,4,3,0,policy_replay_lab/outputs/session_20260630_103628/analysis/old_policy_debug/frame_000047_ok_20260630_103757_000047.jpg,policy_replay_lab/outputs/session_20260630_103628/analysis/new_policy_debug/frame_000047_ok_20260630_103757_000047.jpg,policy_replay_lab/outputs/session_20260630_103628/analysis/heuristics_only_debug/frame_000047_ok_20260630_103757_000047.jpg,policy_replay_lab/outputs/session_20260630_103628/analysis/comparison_debug/frame_000047_ok_20260630_103757_000047.jpg
images_ok_raw/ok_20260630_103758_000048.jpg,images_ok_raw,48,24,0,17,7,0,1,4,12,7,2,policy_replay_lab/outputs/session_20260630_103628/analysis/old_policy_debug/frame_000048_ok_20260630_103758_000048.jpg,policy_replay_lab/outputs/session_20260630_103628/analysis/new_policy_debug/frame_000048_ok_20260630_103758_000048.jpg,policy_replay_lab/outputs/session_20260630_103628/analysis/heuristics_only_debug/frame_000048_ok_20260630_103758_000048.jpg,policy_replay_lab/outputs/session_20260630_103628/analysis/comparison_debug/frame_000048_ok_20260630_103758_000048.jpg
images_ok_raw/ok_20260630_103759_000049.jpg,images_ok_raw,49,22,1,19,2,1,1,3,15,2,2,policy_replay_lab/outputs/session_20260630_103628/analysis/old_policy_debug/frame_000049_ok_20260630_103759_000049.jpg,policy_replay_lab/outputs/session_20260630_103628/analysis/new_policy_debug/frame_000049_ok_20260630_103759_000049.jpg,policy_replay_lab/outputs/session_20260630_103628/analysis/heuristics_only_debug/frame_000049_ok_20260630_103759_000049.jpg,policy_replay_lab/outputs/session_20260630_103628/analysis/comparison_debug/frame_000049_ok_20260630_103759_000049.jpg
images_ok_raw/ok_20260630_103802_000050.jpg,images_ok_raw,50,7,0,6,1,0,1,1,4,1,1,policy_replay_lab/outputs/session_20260630_103628/analysis/old_policy_debug/frame_000050_ok_20260630_103802_000050.jpg,policy_replay_lab/outputs/session_20260630_103628/analysis/new_policy_debug/frame_000050_ok_20260630_103802_000050.jpg,policy_replay_lab/outputs/session_20260630_103628/analysis/heuristics_only_debug/frame_000050_ok_20260630_103802_000050.jpg,policy_replay_lab/outputs/session_20260630_103628/analysis/comparison_debug/frame_000050_ok_20260630_103802_000050.jpg
images_ok_raw/ok_20260630_103803_000051.jpg,images_ok_raw,51,10,0,7,3,0,1,1,5,3,1,policy_replay_lab/outputs/session_20260630_103628/analysis/old_policy_debug/frame_000051_ok_20260630_103803_000051.jpg,policy_replay_lab/outputs/session_20260630_103628/analysis/new_policy_debug/frame_000051_ok_20260630_103803_000051.jpg,policy_replay_lab/outputs/session_20260630_103628/analysis/heuristics_only_debug/frame_000051_ok_20260630_103803_000051.jpg,policy_replay_lab/outputs/session_20260630_103628/analysis/comparison_debug/frame_000051_ok_20260630_103803_000051.jpg
images_ok_raw/ok_20260630_103805_000052.jpg,images_ok_raw,52,18,1,14,3,1,2,2,10,3,1,policy_replay_lab/outputs/session_20260630_103628/analysis/old_policy_debug/frame_000052_ok_20260630_103805_000052.jpg,policy_replay_lab/outputs/session_20260630_103628/analysis/new_policy_debug/frame_000052_ok_20260630_103805_000052.jpg,policy_replay_lab/outputs/session_20260630_103628/analysis/heuristics_only_debug/frame_000052_ok_20260630_103805_000052.jpg,policy_replay_lab/outputs/session_20260630_103628/analysis/comparison_debug/frame_000052_ok_20260630_103805_000052.jpg
images_ok_raw/ok_20260630_103809_000053.jpg,images_ok_raw,53,3,0,2,1,0,1,0,1,1,0,policy_replay_lab/outputs/session_20260630_103628/analysis/old_policy_debug/frame_000053_ok_20260630_103809_000053.jpg,policy_replay_lab/outputs/session_20260630_103628/analysis/new_policy_debug/frame_000053_ok_20260630_103809_000053.jpg,policy_replay_lab/outputs/session_20260630_103628/analysis/heuristics_only_debug/frame_000053_ok_20260630_103809_000053.jpg,policy_replay_lab/outputs/session_20260630_103628/analysis/comparison_debug/frame_000053_ok_20260630_103809_000053.jpg
images_ok_raw/ok_20260630_103810_000054.jpg,images_ok_raw,54,4,1,1,2,1,0,0,1,2,0,policy_replay_lab/outputs/session_20260630_103628/analysis/old_policy_debug/frame_000054_ok_20260630_103810_000054.jpg,policy_replay_lab/outputs/session_20260630_103628/analysis/new_policy_debug/frame_000054_ok_20260630_103810_000054.jpg,policy_replay_lab/outputs/session_20260630_103628/analysis/heuristics_only_debug/frame_000054_ok_20260630_103810_000054.jpg,policy_replay_lab/outputs/session_20260630_103628/analysis/comparison_debug/frame_000054_ok_20260630_103810_000054.jpg
images_ok_raw/ok_20260630_103812_000055.jpg,images_ok_raw,55,13,1,6,6,1,0,0,6,6,0,policy_replay_lab/outputs/session_20260630_103628/analysis/old_policy_debug/frame_000055_ok_20260630_103812_000055.jpg,policy_replay_lab/outputs/session_20260630_103628/analysis/new_policy_debug/frame_000055_ok_20260630_103812_000055.jpg,policy_replay_lab/outputs/session_20260630_103628/analysis/heuristics_only_debug/frame_000055_ok_20260630_103812_000055.jpg,policy_replay_lab/outputs/session_20260630_103628/analysis/comparison_debug/frame_000055_ok_20260630_103812_000055.jpg
images_ok_raw/ok_20260630_103813_000056.jpg,images_ok_raw,56,17,0,12,5,0,1,1,10,5,1,policy_replay_lab/outputs/session_20260630_103628/analysis/old_policy_debug/frame_000056_ok_20260630_103813_000056.jpg,policy_replay_lab/outputs/session_20260630_103628/analysis/new_policy_debug/frame_000056_ok_20260630_103813_000056.jpg,policy_replay_lab/outputs/session_20260630_103628/analysis/heuristics_only_debug/frame_000056_ok_20260630_103813_000056.jpg,policy_replay_lab/outputs/session_20260630_103628/analysis/comparison_debug/frame_000056_ok_20260630_103813_000056.jpg
images_ok_raw/ok_20260630_103814_000057.jpg,images_ok_raw,57,15,1,10,4,1,0,3,7,4,1,policy_replay_lab/outputs/session_20260630_103628/analysis/old_policy_debug/frame_000057_ok_20260630_103814_000057.jpg,policy_replay_lab/outputs/session_20260630_103628/analysis/new_policy_debug/frame_000057_ok_20260630_103814_000057.jpg,policy_replay_lab/outputs/session_20260630_103628/analysis/heuristics_only_debug/frame_000057_ok_20260630_103814_000057.jpg,policy_replay_lab/outputs/session_20260630_103628/analysis/comparison_debug/frame_000057_ok_20260630_103814_000057.jpg
images_ok_raw/ok_20260630_103835_000058.jpg,images_ok_raw,58,10,0,7,3,0,1,0,6,3,1,policy_replay_lab/outputs/session_20260630_103628/analysis/old_policy_debug/frame_000058_ok_20260630_103835_000058.jpg,policy_replay_lab/outputs/session_20260630_103628/analysis/new_policy_debug/frame_000058_ok_20260630_103835_000058.jpg,policy_replay_lab/outputs/session_20260630_103628/analysis/heuristics_only_debug/frame_000058_ok_20260630_103835_000058.jpg,policy_replay_lab/outputs/session_20260630_103628/analysis/comparison_debug/frame_000058_ok_20260630_103835_000058.jpg
images_ok_raw/ok_20260630_103836_000059.jpg,images_ok_raw,59,12,0,9,3,0,1,1,7,3,0,policy_replay_lab/outputs/session_20260630_103628/analysis/old_policy_debug/frame_000059_ok_20260630_103836_000059.jpg,policy_replay_lab/outputs/session_20260630_103628/analysis/new_policy_debug/frame_000059_ok_20260630_103836_000059.jpg,policy_replay_lab/outputs/session_20260630_103628/analysis/heuristics_only_debug/frame_000059_ok_20260630_103836_000059.jpg,policy_replay_lab/outputs/session_20260630_103628/analysis/comparison_debug/frame_000059_ok_20260630_103836_000059.jpg
images_ok_raw/ok_20260630_103837_000060.jpg,images_ok_raw,60,14,5,9,0,3,1,2,8,0,1,policy_replay_lab/outputs/session_20260630_103628/analysis/old_policy_debug/frame_000060_ok_20260630_103837_000060.jpg,policy_replay_lab/outputs/session_20260630_103628/analysis/new_policy_debug/frame_000060_ok_20260630_103837_000060.jpg,policy_replay_lab/outputs/session_20260630_103628/analysis/heuristics_only_debug/frame_000060_ok_20260630_103837_000060.jpg,policy_replay_lab/outputs/session_20260630_103628/analysis/comparison_debug/frame_000060_ok_20260630_103837_000060.jpg
images_ok_raw/ok_20260630_103838_000061.jpg,images_ok_raw,61,13,5,6,2,3,0,2,6,2,1,policy_replay_lab/outputs/session_20260630_103628/analysis/old_policy_debug/frame_000061_ok_20260630_103838_000061.jpg,policy_replay_lab/outputs/session_20260630_103628/analysis/new_policy_debug/frame_000061_ok_20260630_103838_000061.jpg,policy_replay_lab/outputs/session_20260630_103628/analysis/heuristics_only_debug/frame_000061_ok_20260630_103838_000061.jpg,policy_replay_lab/outputs/session_20260630_103628/analysis/comparison_debug/frame_000061_ok_20260630_103838_000061.jpg
images_ok_raw/ok_20260630_103839_000062.jpg,images_ok_raw,62,12,3,7,2,2,0,3,5,2,1,policy_replay_lab/outputs/session_20260630_103628/analysis/old_policy_debug/frame_000062_ok_20260630_103839_000062.jpg,policy_replay_lab/outputs/session_20260630_103628/analysis/new_policy_debug/frame_000062_ok_20260630_103839_000062.jpg,policy_replay_lab/outputs/session_20260630_103628/analysis/heuristics_only_debug/frame_000062_ok_20260630_103839_000062.jpg,policy_replay_lab/outputs/session_20260630_103628/analysis/comparison_debug/frame_000062_ok_20260630_103839_000062.jpg
images_ok_raw/ok_20260630_103840_000063.jpg,images_ok_raw,63,11,2,6,3,2,0,2,4,3,1,policy_replay_lab/outputs/session_20260630_103628/analysis/old_policy_debug/frame_000063_ok_20260630_103840_000063.jpg,policy_replay_lab/outputs/session_20260630_103628/analysis/new_policy_debug/frame_000063_ok_20260630_103840_000063.jpg,policy_replay_lab/outputs/session_20260630_103628/analysis/heuristics_only_debug/frame_000063_ok_20260630_103840_000063.jpg,policy_replay_lab/outputs/session_20260630_103628/analysis/comparison_debug/frame_000063_ok_20260630_103840_000063.jpg
images_ok_raw/ok_20260630_103841_000064.jpg,images_ok_raw,64,11,4,6,1,4,0,2,4,1,0,policy_replay_lab/outputs/session_20260630_103628/analysis/old_policy_debug/frame_000064_ok_20260630_103841_000064.jpg,policy_replay_lab/outputs/session_20260630_103628/analysis/new_policy_debug/frame_000064_ok_20260630_103841_000064.jpg,policy_replay_lab/outputs/session_20260630_103628/analysis/heuristics_only_debug/frame_000064_ok_20260630_103841_000064.jpg,policy_replay_lab/outputs/session_20260630_103628/analysis/comparison_debug/frame_000064_ok_20260630_103841_000064.jpg
images_ok_raw/ok_20260630_103842_000065.jpg,images_ok_raw,65,5,3,2,0,3,0,0,2,0,1,policy_replay_lab/outputs/session_20260630_103628/analysis/old_policy_debug/frame_000065_ok_20260630_103842_000065.jpg,policy_replay_lab/outputs/session_20260630_103628/analysis/new_policy_debug/frame_000065_ok_20260630_103842_000065.jpg,policy_replay_lab/outputs/session_20260630_103628/analysis/heuristics_only_debug/frame_000065_ok_20260630_103842_000065.jpg,policy_replay_lab/outputs/session_20260630_103628/analysis/comparison_debug/frame_000065_ok_20260630_103842_000065.jpg
images_ok_raw/ok_20260630_103843_000066.jpg,images_ok_raw,66,8,3,5,0,3,0,1,4,0,0,policy_replay_lab/outputs/session_20260630_103628/analysis/old_policy_debug/frame_000066_ok_20260630_103843_000066.jpg,policy_replay_lab/outputs/session_20260630_103628/analysis/new_policy_debug/frame_000066_ok_20260630_103843_000066.jpg,policy_replay_lab/outputs/session_20260630_103628/analysis/heuristics_only_debug/frame_000066_ok_20260630_103843_000066.jpg,policy_replay_lab/outputs/session_20260630_103628/analysis/comparison_debug/frame_000066_ok_20260630_103843_000066.jpg
images_ok_raw/ok_20260630_103844_000067.jpg,images_ok_raw,67,9,1,7,1,1,2,1,4,1,1,policy_replay_lab/outputs/session_20260630_103628/analysis/old_policy_debug/frame_000067_ok_20260630_103844_000067.jpg,policy_replay_lab/outputs/session_20260630_103628/analysis/new_policy_debug/frame_000067_ok_20260630_103844_000067.jpg,policy_replay_lab/outputs/session_20260630_103628/analysis/heuristics_only_debug/frame_000067_ok_20260630_103844_000067.jpg,policy_replay_lab/outputs/session_20260630_103628/analysis/comparison_debug/frame_000067_ok_20260630_103844_000067.jpg
images_ok_raw/ok_20260630_103845_000068.jpg,images_ok_raw,68,7,1,6,0,1,1,1,4,0,1,policy_replay_lab/outputs/session_20260630_103628/analysis/old_policy_debug/frame_000068_ok_20260630_103845_000068.jpg,policy_replay_lab/outputs/session_20260630_103628/analysis/new_policy_debug/frame_000068_ok_20260630_103845_000068.jpg,policy_replay_lab/outputs/session_20260630_103628/analysis/heuristics_only_debug/frame_000068_ok_20260630_103845_000068.jpg,policy_replay_lab/outputs/session_20260630_103628/analysis/comparison_debug/frame_000068_ok_20260630_103845_000068.jpg
images_ok_raw/ok_20260630_103846_000069.jpg,images_ok_raw,69,10,4,5,1,4,2,1,2,1,0,policy_replay_lab/outputs/session_20260630_103628/analysis/old_policy_debug/frame_000069_ok_20260630_103846_000069.jpg,policy_replay_lab/outputs/session_20260630_103628/analysis/new_policy_debug/frame_000069_ok_20260630_103846_000069.jpg,policy_replay_lab/outputs/session_20260630_103628/analysis/heuristics_only_debug/frame_000069_ok_20260630_103846_000069.jpg,policy_replay_lab/outputs/session_20260630_103628/analysis/comparison_debug/frame_000069_ok_20260630_103846_000069.jpg
images_ok_raw/ok_20260630_103847_000070.jpg,images_ok_raw,70,6,4,2,0,4,1,1,0,0,0,policy_replay_lab/outputs/session_20260630_103628/analysis/old_policy_debug/frame_000070_ok_20260630_103847_000070.jpg,policy_replay_lab/outputs/session_20260630_103628/analysis/new_policy_debug/frame_000070_ok_20260630_103847_000070.jpg,policy_replay_lab/outputs/session_20260630_103628/analysis/heuristics_only_debug/frame_000070_ok_20260630_103847_000070.jpg,policy_replay_lab/outputs/session_20260630_103628/analysis/comparison_debug/frame_000070_ok_20260630_103847_000070.jpg
images_ok_raw/ok_20260630_103848_000071.jpg,images_ok_raw,71,8,4,2,2,4,0,1,1,2,0,policy_replay_lab/outputs/session_20260630_103628/analysis/old_policy_debug/frame_000071_ok_20260630_103848_000071.jpg,policy_replay_lab/outputs/session_20260630_103628/analysis/new_policy_debug/frame_000071_ok_20260630_103848_000071.jpg,policy_replay_lab/outputs/session_20260630_103628/analysis/heuristics_only_debug/frame_000071_ok_20260630_103848_000071.jpg,policy_replay_lab/outputs/session_20260630_103628/analysis/comparison_debug/frame_000071_ok_20260630_103848_000071.jpg
images_ok_raw/ok_20260630_103849_000072.jpg,images_ok_raw,72,4,3,1,0,2,0,2,0,0,0,policy_replay_lab/outputs/session_20260630_103628/analysis/old_policy_debug/frame_000072_ok_20260630_103849_000072.jpg,policy_replay_lab/outputs/session_20260630_103628/analysis/new_policy_debug/frame_000072_ok_20260630_103849_000072.jpg,policy_replay_lab/outputs/session_20260630_103628/analysis/heuristics_only_debug/frame_000072_ok_20260630_103849_000072.jpg,policy_replay_lab/outputs/session_20260630_103628/analysis/comparison_debug/frame_000072_ok_20260630_103849_000072.jpg
images_ok_raw/ok_20260630_103852_000073.jpg,images_ok_raw,73,11,0,8,3,0,0,1,7,3,1,policy_replay_lab/outputs/session_20260630_103628/analysis/old_policy_debug/frame_000073_ok_20260630_103852_000073.jpg,policy_replay_lab/outputs/session_20260630_103628/analysis/new_policy_debug/frame_000073_ok_20260630_103852_000073.jpg,policy_replay_lab/outputs/session_20260630_103628/analysis/heuristics_only_debug/frame_000073_ok_20260630_103852_000073.jpg,policy_replay_lab/outputs/session_20260630_103628/analysis/comparison_debug/frame_000073_ok_20260630_103852_000073.jpg
images_ok_raw/ok_20260630_103853_000074.jpg,images_ok_raw,74,8,1,5,2,1,0,1,4,2,0,policy_replay_lab/outputs/session_20260630_103628/analysis/old_policy_debug/frame_000074_ok_20260630_103853_000074.jpg,policy_replay_lab/outputs/session_20260630_103628/analysis/new_policy_debug/frame_000074_ok_20260630_103853_000074.jpg,policy_replay_lab/outputs/session_20260630_103628/analysis/heuristics_only_debug/frame_000074_ok_20260630_103853_000074.jpg,policy_replay_lab/outputs/session_20260630_103628/analysis/comparison_debug/frame_000074_ok_20260630_103853_000074.jpg
images_ok_raw/ok_20260630_103856_000075.jpg,images_ok_raw,75,11,0,6,5,0,0,1,5,5,1,policy_replay_lab/outputs/session_20260630_103628/analysis/old_policy_debug/frame_000075_ok_20260630_103856_000075.jpg,policy_replay_lab/outputs/session_20260630_103628/analysis/new_policy_debug/frame_000075_ok_20260630_103856_000075.jpg,policy_replay_lab/outputs/session_20260630_103628/analysis/heuristics_only_debug/frame_000075_ok_20260630_103856_000075.jpg,policy_replay_lab/outputs/session_20260630_103628/analysis/comparison_debug/frame_000075_ok_20260630_103856_000075.jpg
images_ok_raw/ok_20260630_103901_000076.jpg,images_ok_raw,76,10,0,8,2,0,1,0,7,2,0,policy_replay_lab/outputs/session_20260630_103628/analysis/old_policy_debug/frame_000076_ok_20260630_103901_000076.jpg,policy_replay_lab/outputs/session_20260630_103628/analysis/new_policy_debug/frame_000076_ok_20260630_103901_000076.jpg,policy_replay_lab/outputs/session_20260630_103628/analysis/heuristics_only_debug/frame_000076_ok_20260630_103901_000076.jpg,policy_replay_lab/outputs/session_20260630_103628/analysis/comparison_debug/frame_000076_ok_20260630_103901_000076.jpg
images_ok_raw/ok_20260630_103905_000077.jpg,images_ok_raw,77,1,1,0,0,1,0,0,0,0,0,policy_replay_lab/outputs/session_20260630_103628/analysis/old_policy_debug/frame_000077_ok_20260630_103905_000077.jpg,policy_replay_lab/outputs/session_20260630_103628/analysis/new_policy_debug/frame_000077_ok_20260630_103905_000077.jpg,policy_replay_lab/outputs/session_20260630_103628/analysis/heuristics_only_debug/frame_000077_ok_20260630_103905_000077.jpg,policy_replay_lab/outputs/session_20260630_103628/analysis/comparison_debug/frame_000077_ok_20260630_103905_000077.jpg
images_ok_raw/ok_20260630_103907_000078.jpg,images_ok_raw,78,13,1,7,5,1,0,0,7,5,0,policy_replay_lab/outputs/session_20260630_103628/analysis/old_policy_debug/frame_000078_ok_20260630_103907_000078.jpg,policy_replay_lab/outputs/session_20260630_103628/analysis/new_policy_debug/frame_000078_ok_20260630_103907_000078.jpg,policy_replay_lab/outputs/session_20260630_103628/analysis/heuristics_only_debug/frame_000078_ok_20260630_103907_000078.jpg,policy_replay_lab/outputs/session_20260630_103628/analysis/comparison_debug/frame_000078_ok_20260630_103907_000078.jpg
images_ok_raw/ok_20260630_103908_000079.jpg,images_ok_raw,79,7,0,6,1,0,2,0,4,1,0,policy_replay_lab/outputs/session_20260630_103628/analysis/old_policy_debug/frame_000079_ok_20260630_103908_000079.jpg,policy_replay_lab/outputs/session_20260630_103628/analysis/new_policy_debug/frame_000079_ok_20260630_103908_000079.jpg,policy_replay_lab/outputs/session_20260630_103628/analysis/heuristics_only_debug/frame_000079_ok_20260630_103908_000079.jpg,policy_replay_lab/outputs/session_20260630_103628/analysis/comparison_debug/frame_000079_ok_20260630_103908_000079.jpg
images_ok_raw/ok_20260630_103909_000080.jpg,images_ok_raw,80,7,1,3,3,1,0,0,3,3,0,policy_replay_lab/outputs/session_20260630_103628/analysis/old_policy_debug/frame_000080_ok_20260630_103909_000080.jpg,policy_replay_lab/outputs/session_20260630_103628/analysis/new_policy_debug/frame_000080_ok_20260630_103909_000080.jpg,policy_replay_lab/outputs/session_20260630_103628/analysis/heuristics_only_debug/frame_000080_ok_20260630_103909_000080.jpg,policy_replay_lab/outputs/session_20260630_103628/analysis/comparison_debug/frame_000080_ok_20260630_103909_000080.jpg
images_ok_raw/ok_20260630_103910_000081.jpg,images_ok_raw,81,7,1,5,1,1,1,0,4,1,0,policy_replay_lab/outputs/session_20260630_103628/analysis/old_policy_debug/frame_000081_ok_20260630_103910_000081.jpg,policy_replay_lab/outputs/session_20260630_103628/analysis/new_policy_debug/frame_000081_ok_20260630_103910_000081.jpg,policy_replay_lab/outputs/session_20260630_103628/analysis/heuristics_only_debug/frame_000081_ok_20260630_103910_000081.jpg,policy_replay_lab/outputs/session_20260630_103628/analysis/comparison_debug/frame_000081_ok_20260630_103910_000081.jpg
images_ok_raw/ok_20260630_103912_000082.jpg,images_ok_raw,82,6,0,5,1,0,1,0,4,1,0,policy_replay_lab/outputs/session_20260630_103628/analysis/old_policy_debug/frame_000082_ok_20260630_103912_000082.jpg,policy_replay_lab/outputs/session_20260630_103628/analysis/new_policy_debug/frame_000082_ok_20260630_103912_000082.jpg,policy_replay_lab/outputs/session_20260630_103628/analysis/heuristics_only_debug/frame_000082_ok_20260630_103912_000082.jpg,policy_replay_lab/outputs/session_20260630_103628/analysis/comparison_debug/frame_000082_ok_20260630_103912_000082.jpg
images_ok_raw/ok_20260630_103913_000083.jpg,images_ok_raw,83,6,2,3,1,2,1,0,2,1,0,policy_replay_lab/outputs/session_20260630_103628/analysis/old_policy_debug/frame_000083_ok_20260630_103913_000083.jpg,policy_replay_lab/outputs/session_20260630_103628/analysis/new_policy_debug/frame_000083_ok_20260630_103913_000083.jpg,policy_replay_lab/outputs/session_20260630_103628/analysis/heuristics_only_debug/frame_000083_ok_20260630_103913_000083.jpg,policy_replay_lab/outputs/session_20260630_103628/analysis/comparison_debug/frame_000083_ok_20260630_103913_000083.jpg
images_ok_raw/ok_20260630_103914_000084.jpg,images_ok_raw,84,4,1,2,1,1,0,0,2,1,0,policy_replay_lab/outputs/session_20260630_103628/analysis/old_policy_debug/frame_000084_ok_20260630_103914_000084.jpg,policy_replay_lab/outputs/session_20260630_103628/analysis/new_policy_debug/frame_000084_ok_20260630_103914_000084.jpg,policy_replay_lab/outputs/session_20260630_103628/analysis/heuristics_only_debug/frame_000084_ok_20260630_103914_000084.jpg,policy_replay_lab/outputs/session_20260630_103628/analysis/comparison_debug/frame_000084_ok_20260630_103914_000084.jpg
images_ok_raw/ok_20260630_103916_000085.jpg,images_ok_raw,85,7,1,3,3,1,0,0,3,3,0,policy_replay_lab/outputs/session_20260630_103628/analysis/old_policy_debug/frame_000085_ok_20260630_103916_000085.jpg,policy_replay_lab/outputs/session_20260630_103628/analysis/new_policy_debug/frame_000085_ok_20260630_103916_000085.jpg,policy_replay_lab/outputs/session_20260630_103628/analysis/heuristics_only_debug/frame_000085_ok_20260630_103916_000085.jpg,policy_replay_lab/outputs/session_20260630_103628/analysis/comparison_debug/frame_000085_ok_20260630_103916_000085.jpg
images_ok_raw/ok_20260630_103917_000086.jpg,images_ok_raw,86,5,1,4,0,1,0,0,4,0,0,policy_replay_lab/outputs/session_20260630_103628/analysis/old_policy_debug/frame_000086_ok_20260630_103917_000086.jpg,policy_replay_lab/outputs/session_20260630_103628/analysis/new_policy_debug/frame_000086_ok_20260630_103917_000086.jpg,policy_replay_lab/outputs/session_20260630_103628/analysis/heuristics_only_debug/frame_000086_ok_20260630_103917_000086.jpg,policy_replay_lab/outputs/session_20260630_103628/analysis/comparison_debug/frame_000086_ok_20260630_103917_000086.jpg
images_ok_raw/ok_20260630_103918_000087.jpg,images_ok_raw,87,1,1,0,0,1,0,0,0,0,0,policy_replay_lab/outputs/session_20260630_103628/analysis/old_policy_debug/frame_000087_ok_20260630_103918_000087.jpg,policy_replay_lab/outputs/session_20260630_103628/analysis/new_policy_debug/frame_000087_ok_20260630_103918_000087.jpg,policy_replay_lab/outputs/session_20260630_103628/analysis/heuristics_only_debug/frame_000087_ok_20260630_103918_000087.jpg,policy_replay_lab/outputs/session_20260630_103628/analysis/comparison_debug/frame_000087_ok_20260630_103918_000087.jpg
images_ok_raw/ok_20260630_103919_000088.jpg,images_ok_raw,88,7,1,5,1,1,0,0,5,1,0,policy_replay_lab/outputs/session_20260630_103628/analysis/old_policy_debug/frame_000088_ok_20260630_103919_000088.jpg,policy_replay_lab/outputs/session_20260630_103628/analysis/new_policy_debug/frame_000088_ok_20260630_103919_000088.jpg,policy_replay_lab/outputs/session_20260630_103628/analysis/heuristics_only_debug/frame_000088_ok_20260630_103919_000088.jpg,policy_replay_lab/outputs/session_20260630_103628/analysis/comparison_debug/frame_000088_ok_20260630_103919_000088.jpg
images_ok_raw/ok_20260630_103920_000089.jpg,images_ok_raw,89,16,1,13,2,1,2,1,10,2,1,policy_replay_lab/outputs/session_20260630_103628/analysis/old_policy_debug/frame_000089_ok_20260630_103920_000089.jpg,policy_replay_lab/outputs/session_20260630_103628/analysis/new_policy_debug/frame_000089_ok_20260630_103920_000089.jpg,policy_replay_lab/outputs/session_20260630_103628/analysis/heuristics_only_debug/frame_000089_ok_20260630_103920_000089.jpg,policy_replay_lab/outputs/session_20260630_103628/analysis/comparison_debug/frame_000089_ok_20260630_103920_000089.jpg
images_ok_raw/ok_20260630_103921_000090.jpg,images_ok_raw,90,18,1,13,4,1,2,0,11,4,1,policy_replay_lab/outputs/session_20260630_103628/analysis/old_policy_debug/frame_000090_ok_20260630_103921_000090.jpg,policy_replay_lab/outputs/session_20260630_103628/analysis/new_policy_debug/frame_000090_ok_20260630_103921_000090.jpg,policy_replay_lab/outputs/session_20260630_103628/analysis/heuristics_only_debug/frame_000090_ok_20260630_103921_000090.jpg,policy_replay_lab/outputs/session_20260630_103628/analysis/comparison_debug/frame_000090_ok_20260630_103921_000090.jpg
images_ok_raw/ok_20260630_103924_000091.jpg,images_ok_raw,91,15,1,9,5,1,0,1,8,5,0,policy_replay_lab/outputs/session_20260630_103628/analysis/old_policy_debug/frame_000091_ok_20260630_103924_000091.jpg,policy_replay_lab/outputs/session_20260630_103628/analysis/new_policy_debug/frame_000091_ok_20260630_103924_000091.jpg,policy_replay_lab/outputs/session_20260630_103628/analysis/heuristics_only_debug/frame_000091_ok_20260630_103924_000091.jpg,policy_replay_lab/outputs/session_20260630_103628/analysis/comparison_debug/frame_000091_ok_20260630_103924_000091.jpg
images_ok_raw/ok_20260630_103925_000092.jpg,images_ok_raw,92,9,6,2,1,6,1,0,1,1,0,policy_replay_lab/outputs/session_20260630_103628/analysis/old_policy_debug/frame_000092_ok_20260630_103925_000092.jpg,policy_replay_lab/outputs/session_20260630_103628/analysis/new_policy_debug/frame_000092_ok_20260630_103925_000092.jpg,policy_replay_lab/outputs/session_20260630_103628/analysis/heuristics_only_debug/frame_000092_ok_20260630_103925_000092.jpg,policy_replay_lab/outputs/session_20260630_103628/analysis/comparison_debug/frame_000092_ok_20260630_103925_000092.jpg
images_ok_raw/ok_20260630_103926_000093.jpg,images_ok_raw,93,5,4,1,0,3,0,1,1,0,0,policy_replay_lab/outputs/session_20260630_103628/analysis/old_policy_debug/frame_000093_ok_20260630_103926_000093.jpg,policy_replay_lab/outputs/session_20260630_103628/analysis/new_policy_debug/frame_000093_ok_20260630_103926_000093.jpg,policy_replay_lab/outputs/session_20260630_103628/analysis/heuristics_only_debug/frame_000093_ok_20260630_103926_000093.jpg,policy_replay_lab/outputs/session_20260630_103628/analysis/comparison_debug/frame_000093_ok_20260630_103926_000093.jpg
images_ok_raw/ok_20260630_103927_000094.jpg,images_ok_raw,94,3,1,2,0,1,1,0,1,0,0,policy_replay_lab/outputs/session_20260630_103628/analysis/old_policy_debug/frame_000094_ok_20260630_103927_000094.jpg,policy_replay_lab/outputs/session_20260630_103628/analysis/new_policy_debug/frame_000094_ok_20260630_103927_000094.jpg,policy_replay_lab/outputs/session_20260630_103628/analysis/heuristics_only_debug/frame_000094_ok_20260630_103927_000094.jpg,policy_replay_lab/outputs/session_20260630_103628/analysis/comparison_debug/frame_000094_ok_20260630_103927_000094.jpg
images_ok_raw/ok_20260630_103931_000095.jpg,images_ok_raw,95,4,1,3,0,1,0,1,2,0,0,policy_replay_lab/outputs/session_20260630_103628/analysis/old_policy_debug/frame_000095_ok_20260630_103931_000095.jpg,policy_replay_lab/outputs/session_20260630_103628/analysis/new_policy_debug/frame_000095_ok_20260630_103931_000095.jpg,policy_replay_lab/outputs/session_20260630_103628/analysis/heuristics_only_debug/frame_000095_ok_20260630_103931_000095.jpg,policy_replay_lab/outputs/session_20260630_103628/analysis/comparison_debug/frame_000095_ok_20260630_103931_000095.jpg
images_ok_raw/ok_20260630_103932_000096.jpg,images_ok_raw,96,6,1,4,1,1,0,0,4,1,0,policy_replay_lab/outputs/session_20260630_103628/analysis/old_policy_debug/frame_000096_ok_20260630_103932_000096.jpg,policy_replay_lab/outputs/session_20260630_103628/analysis/new_policy_debug/frame_000096_ok_20260630_103932_000096.jpg,policy_replay_lab/outputs/session_20260630_103628/analysis/heuristics_only_debug/frame_000096_ok_20260630_103932_000096.jpg,policy_replay_lab/outputs/session_20260630_103628/analysis/comparison_debug/frame_000096_ok_20260630_103932_000096.jpg
images_ok_raw/ok_20260630_103934_000097.jpg,images_ok_raw,97,5,1,3,1,1,0,1,2,1,0,policy_replay_lab/outputs/session_20260630_103628/analysis/old_policy_debug/frame_000097_ok_20260630_103934_000097.jpg,policy_replay_lab/outputs/session_20260630_103628/analysis/new_policy_debug/frame_000097_ok_20260630_103934_000097.jpg,policy_replay_lab/outputs/session_20260630_103628/analysis/heuristics_only_debug/frame_000097_ok_20260630_103934_000097.jpg,policy_replay_lab/outputs/session_20260630_103628/analysis/comparison_debug/frame_000097_ok_20260630_103934_000097.jpg
images_ok_raw/ok_20260630_103935_000098.jpg,images_ok_raw,98,6,1,5,0,1,0,1,4,0,0,policy_replay_lab/outputs/session_20260630_103628/analysis/old_policy_debug/frame_000098_ok_20260630_103935_000098.jpg,policy_replay_lab/outputs/session_20260630_103628/analysis/new_policy_debug/frame_000098_ok_20260630_103935_000098.jpg,policy_replay_lab/outputs/session_20260630_103628/analysis/heuristics_only_debug/frame_000098_ok_20260630_103935_000098.jpg,policy_replay_lab/outputs/session_20260630_103628/analysis/comparison_debug/frame_000098_ok_20260630_103935_000098.jpg
images_ok_raw/ok_20260630_103937_000099.jpg,images_ok_raw,99,6,1,4,1,1,0,2,2,1,0,policy_replay_lab/outputs/session_20260630_103628/analysis/old_policy_debug/frame_000099_ok_20260630_103937_000099.jpg,policy_replay_lab/outputs/session_20260630_103628/analysis/new_policy_debug/frame_000099_ok_20260630_103937_000099.jpg,policy_replay_lab/outputs/session_20260630_103628/analysis/heuristics_only_debug/frame_000099_ok_20260630_103937_000099.jpg,policy_replay_lab/outputs/session_20260630_103628/analysis/comparison_debug/frame_000099_ok_20260630_103937_000099.jpg
images_ok_raw/ok_20260630_103938_000100.jpg,images_ok_raw,100,6,2,3,1,2,1,1,1,1,0,policy_replay_lab/outputs/session_20260630_103628/analysis/old_policy_debug/frame_000100_ok_20260630_103938_000100.jpg,policy_replay_lab/outputs/session_20260630_103628/analysis/new_policy_debug/frame_000100_ok_20260630_103938_000100.jpg,policy_replay_lab/outputs/session_20260630_103628/analysis/heuristics_only_debug/frame_000100_ok_20260630_103938_000100.jpg,policy_replay_lab/outputs/session_20260630_103628/analysis/comparison_debug/frame_000100_ok_20260630_103938_000100.jpg
images_ok_raw/ok_20260630_103939_000101.jpg,images_ok_raw,101,9,3,4,2,3,0,0,4,2,0,policy_replay_lab/outputs/session_20260630_103628/analysis/old_policy_debug/frame_000101_ok_20260630_103939_000101.jpg,policy_replay_lab/outputs/session_20260630_103628/analysis/new_policy_debug/frame_000101_ok_20260630_103939_000101.jpg,policy_replay_lab/outputs/session_20260630_103628/analysis/heuristics_only_debug/frame_000101_ok_20260630_103939_000101.jpg,policy_replay_lab/outputs/session_20260630_103628/analysis/comparison_debug/frame_000101_ok_20260630_103939_000101.jpg
images_ok_raw/ok_20260630_103940_000102.jpg,images_ok_raw,102,6,2,4,0,2,0,0,4,0,0,policy_replay_lab/outputs/session_20260630_103628/analysis/old_policy_debug/frame_000102_ok_20260630_103940_000102.jpg,policy_replay_lab/outputs/session_20260630_103628/analysis/new_policy_debug/frame_000102_ok_20260630_103940_000102.jpg,policy_replay_lab/outputs/session_20260630_103628/analysis/heuristics_only_debug/frame_000102_ok_20260630_103940_000102.jpg,policy_replay_lab/outputs/session_20260630_103628/analysis/comparison_debug/frame_000102_ok_20260630_103940_000102.jpg
images_ok_raw/ok_20260630_103941_000103.jpg,images_ok_raw,103,8,2,4,2,2,0,0,4,2,0,policy_replay_lab/outputs/session_20260630_103628/analysis/old_policy_debug/frame_000103_ok_20260630_103941_000103.jpg,policy_replay_lab/outputs/session_20260630_103628/analysis/new_policy_debug/frame_000103_ok_20260630_103941_000103.jpg,policy_replay_lab/outputs/session_20260630_103628/analysis/heuristics_only_debug/frame_000103_ok_20260630_103941_000103.jpg,policy_replay_lab/outputs/session_20260630_103628/analysis/comparison_debug/frame_000103_ok_20260630_103941_000103.jpg
images_ok_raw/ok_20260630_103942_000104.jpg,images_ok_raw,104,6,3,2,1,3,0,0,2,1,0,policy_replay_lab/outputs/session_20260630_103628/analysis/old_policy_debug/frame_000104_ok_20260630_103942_000104.jpg,policy_replay_lab/outputs/session_20260630_103628/analysis/new_policy_debug/frame_000104_ok_20260630_103942_000104.jpg,policy_replay_lab/outputs/session_20260630_103628/analysis/heuristics_only_debug/frame_000104_ok_20260630_103942_000104.jpg,policy_replay_lab/outputs/session_20260630_103628/analysis/comparison_debug/frame_000104_ok_20260630_103942_000104.jpg
images_ok_raw/ok_20260630_103943_000105.jpg,images_ok_raw,105,7,5,2,0,5,0,1,1,0,0,policy_replay_lab/outputs/session_20260630_103628/analysis/old_policy_debug/frame_000105_ok_20260630_103943_000105.jpg,policy_replay_lab/outputs/session_20260630_103628/analysis/new_policy_debug/frame_000105_ok_20260630_103943_000105.jpg,policy_replay_lab/outputs/session_20260630_103628/analysis/heuristics_only_debug/frame_000105_ok_20260630_103943_000105.jpg,policy_replay_lab/outputs/session_20260630_103628/analysis/comparison_debug/frame_000105_ok_20260630_103943_000105.jpg
images_ok_raw/ok_20260630_103945_000106.jpg,images_ok_raw,106,7,5,2,0,5,0,1,1,0,1,policy_replay_lab/outputs/session_20260630_103628/analysis/old_policy_debug/frame_000106_ok_20260630_103945_000106.jpg,policy_replay_lab/outputs/session_20260630_103628/analysis/new_policy_debug/frame_000106_ok_20260630_103945_000106.jpg,policy_replay_lab/outputs/session_20260630_103628/analysis/heuristics_only_debug/frame_000106_ok_20260630_103945_000106.jpg,policy_replay_lab/outputs/session_20260630_103628/analysis/comparison_debug/frame_000106_ok_20260630_103945_000106.jpg
images_ok_raw/ok_20260630_103946_000107.jpg,images_ok_raw,107,7,3,3,1,3,1,1,1,1,0,policy_replay_lab/outputs/session_20260630_103628/analysis/old_policy_debug/frame_000107_ok_20260630_103946_000107.jpg,policy_replay_lab/outputs/session_20260630_103628/analysis/new_policy_debug/frame_000107_ok_20260630_103946_000107.jpg,policy_replay_lab/outputs/session_20260630_103628/analysis/heuristics_only_debug/frame_000107_ok_20260630_103946_000107.jpg,policy_replay_lab/outputs/session_20260630_103628/analysis/comparison_debug/frame_000107_ok_20260630_103946_000107.jpg
images_ok_raw/ok_20260630_103947_000108.jpg,images_ok_raw,108,5,2,3,0,2,0,1,2,0,1,policy_replay_lab/outputs/session_20260630_103628/analysis/old_policy_debug/frame_000108_ok_20260630_103947_000108.jpg,policy_replay_lab/outputs/session_20260630_103628/analysis/new_policy_debug/frame_000108_ok_20260630_103947_000108.jpg,policy_replay_lab/outputs/session_20260630_103628/analysis/heuristics_only_debug/frame_000108_ok_20260630_103947_000108.jpg,policy_replay_lab/outputs/session_20260630_103628/analysis/comparison_debug/frame_000108_ok_20260630_103947_000108.jpg
images_ok_raw/ok_20260630_103948_000109.jpg,images_ok_raw,109,5,2,3,0,2,0,1,2,0,1,policy_replay_lab/outputs/session_20260630_103628/analysis/old_policy_debug/frame_000109_ok_20260630_103948_000109.jpg,policy_replay_lab/outputs/session_20260630_103628/analysis/new_policy_debug/frame_000109_ok_20260630_103948_000109.jpg,policy_replay_lab/outputs/session_20260630_103628/analysis/heuristics_only_debug/frame_000109_ok_20260630_103948_000109.jpg,policy_replay_lab/outputs/session_20260630_103628/analysis/comparison_debug/frame_000109_ok_20260630_103948_000109.jpg
images_ok_raw/ok_20260630_103949_000110.jpg,images_ok_raw,110,6,4,2,0,4,0,1,1,0,0,policy_replay_lab/outputs/session_20260630_103628/analysis/old_policy_debug/frame_000110_ok_20260630_103949_000110.jpg,policy_replay_lab/outputs/session_20260630_103628/analysis/new_policy_debug/frame_000110_ok_20260630_103949_000110.jpg,policy_replay_lab/outputs/session_20260630_103628/analysis/heuristics_only_debug/frame_000110_ok_20260630_103949_000110.jpg,policy_replay_lab/outputs/session_20260630_103628/analysis/comparison_debug/frame_000110_ok_20260630_103949_000110.jpg
images_ok_raw/ok_20260630_103950_000111.jpg,images_ok_raw,111,8,3,4,1,3,0,1,3,1,1,policy_replay_lab/outputs/session_20260630_103628/analysis/old_policy_debug/frame_000111_ok_20260630_103950_000111.jpg,policy_replay_lab/outputs/session_20260630_103628/analysis/new_policy_debug/frame_000111_ok_20260630_103950_000111.jpg,policy_replay_lab/outputs/session_20260630_103628/analysis/heuristics_only_debug/frame_000111_ok_20260630_103950_000111.jpg,policy_replay_lab/outputs/session_20260630_103628/analysis/comparison_debug/frame_000111_ok_20260630_103950_000111.jpg
images_ok_raw/ok_20260630_103951_000112.jpg,images_ok_raw,112,8,3,4,1,3,0,1,3,1,1,policy_replay_lab/outputs/session_20260630_103628/analysis/old_policy_debug/frame_000112_ok_20260630_103951_000112.jpg,policy_replay_lab/outputs/session_20260630_103628/analysis/new_policy_debug/frame_000112_ok_20260630_103951_000112.jpg,policy_replay_lab/outputs/session_20260630_103628/analysis/heuristics_only_debug/frame_000112_ok_20260630_103951_000112.jpg,policy_replay_lab/outputs/session_20260630_103628/analysis/comparison_debug/frame_000112_ok_20260630_103951_000112.jpg
images_ok_raw/ok_20260630_103952_000113.jpg,images_ok_raw,113,2,0,2,0,0,1,0,1,0,0,policy_replay_lab/outputs/session_20260630_103628/analysis/old_policy_debug/frame_000113_ok_20260630_103952_000113.jpg,policy_replay_lab/outputs/session_20260630_103628/analysis/new_policy_debug/frame_000113_ok_20260630_103952_000113.jpg,policy_replay_lab/outputs/session_20260630_103628/analysis/heuristics_only_debug/frame_000113_ok_20260630_103952_000113.jpg,policy_replay_lab/outputs/session_20260630_103628/analysis/comparison_debug/frame_000113_ok_20260630_103952_000113.jpg
images_ok_raw/ok_20260630_103953_000114.jpg,images_ok_raw,114,5,1,3,1,1,0,1,2,1,0,policy_replay_lab/outputs/session_20260630_103628/analysis/old_policy_debug/frame_000114_ok_20260630_103953_000114.jpg,policy_replay_lab/outputs/session_20260630_103628/analysis/new_policy_debug/frame_000114_ok_20260630_103953_000114.jpg,policy_replay_lab/outputs/session_20260630_103628/analysis/heuristics_only_debug/frame_000114_ok_20260630_103953_000114.jpg,policy_replay_lab/outputs/session_20260630_103628/analysis/comparison_debug/frame_000114_ok_20260630_103953_000114.jpg
images_ok_raw/ok_20260630_103954_000115.jpg,images_ok_raw,115,5,2,1,2,2,0,0,1,2,0,policy_replay_lab/outputs/session_20260630_103628/analysis/old_policy_debug/frame_000115_ok_20260630_103954_000115.jpg,policy_replay_lab/outputs/session_20260630_103628/analysis/new_policy_debug/frame_000115_ok_20260630_103954_000115.jpg,policy_replay_lab/outputs/session_20260630_103628/analysis/heuristics_only_debug/frame_000115_ok_20260630_103954_000115.jpg,policy_replay_lab/outputs/session_20260630_103628/analysis/comparison_debug/frame_000115_ok_20260630_103954_000115.jpg
images_ok_raw/ok_20260630_103955_000116.jpg,images_ok_raw,116,5,3,0,2,3,0,0,0,2,0,policy_replay_lab/outputs/session_20260630_103628/analysis/old_policy_debug/frame_000116_ok_20260630_103955_000116.jpg,policy_replay_lab/outputs/session_20260630_103628/analysis/new_policy_debug/frame_000116_ok_20260630_103955_000116.jpg,policy_replay_lab/outputs/session_20260630_103628/analysis/heuristics_only_debug/frame_000116_ok_20260630_103955_000116.jpg,policy_replay_lab/outputs/session_20260630_103628/analysis/comparison_debug/frame_000116_ok_20260630_103955_000116.jpg
images_ok_raw/ok_20260630_103956_000117.jpg,images_ok_raw,117,3,3,0,0,3,0,0,0,0,0,policy_replay_lab/outputs/session_20260630_103628/analysis/old_policy_debug/frame_000117_ok_20260630_103956_000117.jpg,policy_replay_lab/outputs/session_20260630_103628/analysis/new_policy_debug/frame_000117_ok_20260630_103956_000117.jpg,policy_replay_lab/outputs/session_20260630_103628/analysis/heuristics_only_debug/frame_000117_ok_20260630_103956_000117.jpg,policy_replay_lab/outputs/session_20260630_103628/analysis/comparison_debug/frame_000117_ok_20260630_103956_000117.jpg
images_ok_raw/ok_20260630_103957_000118.jpg,images_ok_raw,118,9,3,0,6,3,0,0,0,6,0,policy_replay_lab/outputs/session_20260630_103628/analysis/old_policy_debug/frame_000118_ok_20260630_103957_000118.jpg,policy_replay_lab/outputs/session_20260630_103628/analysis/new_policy_debug/frame_000118_ok_20260630_103957_000118.jpg,policy_replay_lab/outputs/session_20260630_103628/analysis/heuristics_only_debug/frame_000118_ok_20260630_103957_000118.jpg,policy_replay_lab/outputs/session_20260630_103628/analysis/comparison_debug/frame_000118_ok_20260630_103957_000118.jpg
images_ok_raw/ok_20260630_103958_000119.jpg,images_ok_raw,119,3,0,2,1,0,0,1,1,1,0,policy_replay_lab/outputs/session_20260630_103628/analysis/old_policy_debug/frame_000119_ok_20260630_103958_000119.jpg,policy_replay_lab/outputs/session_20260630_103628/analysis/new_policy_debug/frame_000119_ok_20260630_103958_000119.jpg,policy_replay_lab/outputs/session_20260630_103628/analysis/heuristics_only_debug/frame_000119_ok_20260630_103958_000119.jpg,policy_replay_lab/outputs/session_20260630_103628/analysis/comparison_debug/frame_000119_ok_20260630_103958_000119.jpg
images_ok_raw/ok_20260630_104009_000120.jpg,images_ok_raw,120,16,1,11,4,1,1,1,9,4,1,policy_replay_lab/outputs/session_20260630_103628/analysis/old_policy_debug/frame_000120_ok_20260630_104009_000120.jpg,policy_replay_lab/outputs/session_20260630_103628/analysis/new_policy_debug/frame_000120_ok_20260630_104009_000120.jpg,policy_replay_lab/outputs/session_20260630_103628/analysis/heuristics_only_debug/frame_000120_ok_20260630_104009_000120.jpg,policy_replay_lab/outputs/session_20260630_103628/analysis/comparison_debug/frame_000120_ok_20260630_104009_000120.jpg
images_ok_raw/ok_20260630_104010_000121.jpg,images_ok_raw,121,11,6,3,2,6,1,0,2,2,0,policy_replay_lab/outputs/session_20260630_103628/analysis/old_policy_debug/frame_000121_ok_20260630_104010_000121.jpg,policy_replay_lab/outputs/session_20260630_103628/analysis/new_policy_debug/frame_000121_ok_20260630_104010_000121.jpg,policy_replay_lab/outputs/session_20260630_103628/analysis/heuristics_only_debug/frame_000121_ok_20260630_104010_000121.jpg,policy_replay_lab/outputs/session_20260630_103628/analysis/comparison_debug/frame_000121_ok_20260630_104010_000121.jpg
images_ok_raw/ok_20260630_104011_000122.jpg,images_ok_raw,122,12,3,8,1,3,6,0,2,1,0,policy_replay_lab/outputs/session_20260630_103628/analysis/old_policy_debug/frame_000122_ok_20260630_104011_000122.jpg,policy_replay_lab/outputs/session_20260630_103628/analysis/new_policy_debug/frame_000122_ok_20260630_104011_000122.jpg,policy_replay_lab/outputs/session_20260630_103628/analysis/heuristics_only_debug/frame_000122_ok_20260630_104011_000122.jpg,policy_replay_lab/outputs/session_20260630_103628/analysis/comparison_debug/frame_000122_ok_20260630_104011_000122.jpg
images_ok_raw/ok_20260630_104012_000123.jpg,images_ok_raw,123,8,2,3,3,2,0,0,3,3,0,policy_replay_lab/outputs/session_20260630_103628/analysis/old_policy_debug/frame_000123_ok_20260630_104012_000123.jpg,policy_replay_lab/outputs/session_20260630_103628/analysis/new_policy_debug/frame_000123_ok_20260630_104012_000123.jpg,policy_replay_lab/outputs/session_20260630_103628/analysis/heuristics_only_debug/frame_000123_ok_20260630_104012_000123.jpg,policy_replay_lab/outputs/session_20260630_103628/analysis/comparison_debug/frame_000123_ok_20260630_104012_000123.jpg
images_ok_raw/ok_20260630_104013_000124.jpg,images_ok_raw,124,17,2,12,3,2,2,1,9,3,1,policy_replay_lab/outputs/session_20260630_103628/analysis/old_policy_debug/frame_000124_ok_20260630_104013_000124.jpg,policy_replay_lab/outputs/session_20260630_103628/analysis/new_policy_debug/frame_000124_ok_20260630_104013_000124.jpg,policy_replay_lab/outputs/session_20260630_103628/analysis/heuristics_only_debug/frame_000124_ok_20260630_104013_000124.jpg,policy_replay_lab/outputs/session_20260630_103628/analysis/comparison_debug/frame_000124_ok_20260630_104013_000124.jpg
images_ok_raw/ok_20260630_104015_000125.jpg,images_ok_raw,125,18,1,15,2,1,1,1,13,2,0,policy_replay_lab/outputs/session_20260630_103628/analysis/old_policy_debug/frame_000125_ok_20260630_104015_000125.jpg,policy_replay_lab/outputs/session_20260630_103628/analysis/new_policy_debug/frame_000125_ok_20260630_104015_000125.jpg,policy_replay_lab/outputs/session_20260630_103628/analysis/heuristics_only_debug/frame_000125_ok_20260630_104015_000125.jpg,policy_replay_lab/outputs/session_20260630_103628/analysis/comparison_debug/frame_000125_ok_20260630_104015_000125.jpg
images_ok_raw/ok_20260630_104018_000126.jpg,images_ok_raw,126,20,2,12,6,2,4,0,8,6,1,policy_replay_lab/outputs/session_20260630_103628/analysis/old_policy_debug/frame_000126_ok_20260630_104018_000126.jpg,policy_replay_lab/outputs/session_20260630_103628/analysis/new_policy_debug/frame_000126_ok_20260630_104018_000126.jpg,policy_replay_lab/outputs/session_20260630_103628/analysis/heuristics_only_debug/frame_000126_ok_20260630_104018_000126.jpg,policy_replay_lab/outputs/session_20260630_103628/analysis/comparison_debug/frame_000126_ok_20260630_104018_000126.jpg
images_ok_raw/ok_20260630_104020_000127.jpg,images_ok_raw,127,2,2,0,0,2,0,0,0,0,0,policy_replay_lab/outputs/session_20260630_103628/analysis/old_policy_debug/frame_000127_ok_20260630_104020_000127.jpg,policy_replay_lab/outputs/session_20260630_103628/analysis/new_policy_debug/frame_000127_ok_20260630_104020_000127.jpg,policy_replay_lab/outputs/session_20260630_103628/analysis/heuristics_only_debug/frame_000127_ok_20260630_104020_000127.jpg,policy_replay_lab/outputs/session_20260630_103628/analysis/comparison_debug/frame_000127_ok_20260630_104020_000127.jpg
images_ok_raw/ok_20260630_104021_000128.jpg,images_ok_raw,128,1,0,1,0,0,1,0,0,0,0,policy_replay_lab/outputs/session_20260630_103628/analysis/old_policy_debug/frame_000128_ok_20260630_104021_000128.jpg,policy_replay_lab/outputs/session_20260630_103628/analysis/new_policy_debug/frame_000128_ok_20260630_104021_000128.jpg,policy_replay_lab/outputs/session_20260630_103628/analysis/heuristics_only_debug/frame_000128_ok_20260630_104021_000128.jpg,policy_replay_lab/outputs/session_20260630_103628/analysis/comparison_debug/frame_000128_ok_20260630_104021_000128.jpg
images_ok_raw/ok_20260630_104022_000129.jpg,images_ok_raw,129,5,1,4,0,1,0,0,4,0,0,policy_replay_lab/outputs/session_20260630_103628/analysis/old_policy_debug/frame_000129_ok_20260630_104022_000129.jpg,policy_replay_lab/outputs/session_20260630_103628/analysis/new_policy_debug/frame_000129_ok_20260630_104022_000129.jpg,policy_replay_lab/outputs/session_20260630_103628/analysis/heuristics_only_debug/frame_000129_ok_20260630_104022_000129.jpg,policy_replay_lab/outputs/session_20260630_103628/analysis/comparison_debug/frame_000129_ok_20260630_104022_000129.jpg
images_weak_noise_raw/weak_20260630_103628_000001.jpg,images_weak_noise_raw,130,2,0,2,0,0,0,0,2,0,0,policy_replay_lab/outputs/session_20260630_103628/analysis/old_policy_debug/frame_000130_weak_20260630_103628_000001.jpg,policy_replay_lab/outputs/session_20260630_103628/analysis/new_policy_debug/frame_000130_weak_20260630_103628_000001.jpg,policy_replay_lab/outputs/session_20260630_103628/analysis/heuristics_only_debug/frame_000130_weak_20260630_103628_000001.jpg,policy_replay_lab/outputs/session_20260630_103628/analysis/comparison_debug/frame_000130_weak_20260630_103628_000001.jpg
images_weak_noise_raw/weak_20260630_103629_000002.jpg,images_weak_noise_raw,131,3,0,2,1,0,0,0,2,1,0,policy_replay_lab/outputs/session_20260630_103628/analysis/old_policy_debug/frame_000131_weak_20260630_103629_000002.jpg,policy_replay_lab/outputs/session_20260630_103628/analysis/new_policy_debug/frame_000131_weak_20260630_103629_000002.jpg,policy_replay_lab/outputs/session_20260630_103628/analysis/heuristics_only_debug/frame_000131_weak_20260630_103629_000002.jpg,policy_replay_lab/outputs/session_20260630_103628/analysis/comparison_debug/frame_000131_weak_20260630_103629_000002.jpg
images_weak_noise_raw/weak_20260630_103631_000003.jpg,images_weak_noise_raw,132,3,0,2,1,0,0,0,2,1,0,policy_replay_lab/outputs/session_20260630_103628/analysis/old_policy_debug/frame_000132_weak_20260630_103631_000003.jpg,policy_replay_lab/outputs/session_20260630_103628/analysis/new_policy_debug/frame_000132_weak_20260630_103631_000003.jpg,policy_replay_lab/outputs/session_20260630_103628/analysis/heuristics_only_debug/frame_000132_weak_20260630_103631_000003.jpg,policy_replay_lab/outputs/session_20260630_103628/analysis/comparison_debug/frame_000132_weak_20260630_103631_000003.jpg
images_weak_noise_raw/weak_20260630_103632_000004.jpg,images_weak_noise_raw,133,2,0,2,0,0,0,0,2,0,0,policy_replay_lab/outputs/session_20260630_103628/analysis/old_policy_debug/frame_000133_weak_20260630_103632_000004.jpg,policy_replay_lab/outputs/session_20260630_103628/analysis/new_policy_debug/frame_000133_weak_20260630_103632_000004.jpg,policy_replay_lab/outputs/session_20260630_103628/analysis/heuristics_only_debug/frame_000133_weak_20260630_103632_000004.jpg,policy_replay_lab/outputs/session_20260630_103628/analysis/comparison_debug/frame_000133_weak_20260630_103632_000004.jpg
images_weak_noise_raw/weak_20260630_103634_000005.jpg,images_weak_noise_raw,134,2,0,1,1,0,0,0,1,1,0,policy_replay_lab/outputs/session_20260630_103628/analysis/old_policy_debug/frame_000134_weak_20260630_103634_000005.jpg,policy_replay_lab/outputs/session_20260630_103628/analysis/new_policy_debug/frame_000134_weak_20260630_103634_000005.jpg,policy_replay_lab/outputs/session_20260630_103628/analysis/heuristics_only_debug/frame_000134_weak_20260630_103634_000005.jpg,policy_replay_lab/outputs/session_20260630_103628/analysis/comparison_debug/frame_000134_weak_20260630_103634_000005.jpg
images_weak_noise_raw/weak_20260630_103636_000006.jpg,images_weak_noise_raw,135,2,0,2,0,0,0,0,2,0,0,policy_replay_lab/outputs/session_20260630_103628/analysis/old_policy_debug/frame_000135_weak_20260630_103636_000006.jpg,policy_replay_lab/outputs/session_20260630_103628/analysis/new_policy_debug/frame_000135_weak_20260630_103636_000006.jpg,policy_replay_lab/outputs/session_20260630_103628/analysis/heuristics_only_debug/frame_000135_weak_20260630_103636_000006.jpg,policy_replay_lab/outputs/session_20260630_103628/analysis/comparison_debug/frame_000135_weak_20260630_103636_000006.jpg
images_weak_noise_raw/weak_20260630_103637_000007.jpg,images_weak_noise_raw,136,2,0,2,0,0,0,0,2,0,0,policy_replay_lab/outputs/session_20260630_103628/analysis/old_policy_debug/frame_000136_weak_20260630_103637_000007.jpg,policy_replay_lab/outputs/session_20260630_103628/analysis/new_policy_debug/frame_000136_weak_20260630_103637_000007.jpg,policy_replay_lab/outputs/session_20260630_103628/analysis/heuristics_only_debug/frame_000136_weak_20260630_103637_000007.jpg,policy_replay_lab/outputs/session_20260630_103628/analysis/comparison_debug/frame_000136_weak_20260630_103637_000007.jpg
images_weak_noise_raw/weak_20260630_103639_000008.jpg,images_weak_noise_raw,137,3,0,2,1,0,0,0,2,1,0,policy_replay_lab/outputs/session_20260630_103628/analysis/old_policy_debug/frame_000137_weak_20260630_103639_000008.jpg,policy_replay_lab/outputs/session_20260630_103628/analysis/new_policy_debug/frame_000137_weak_20260630_103639_000008.jpg,policy_replay_lab/outputs/session_20260630_103628/analysis/heuristics_only_debug/frame_000137_weak_20260630_103639_000008.jpg,policy_replay_lab/outputs/session_20260630_103628/analysis/comparison_debug/frame_000137_weak_20260630_103639_000008.jpg
images_weak_noise_raw/weak_20260630_103641_000009.jpg,images_weak_noise_raw,138,2,0,2,0,0,0,0,2,0,0,policy_replay_lab/outputs/session_20260630_103628/analysis/old_policy_debug/frame_000138_weak_20260630_103641_000009.jpg,policy_replay_lab/outputs/session_20260630_103628/analysis/new_policy_debug/frame_000138_weak_20260630_103641_000009.jpg,policy_replay_lab/outputs/session_20260630_103628/analysis/heuristics_only_debug/frame_000138_weak_20260630_103641_000009.jpg,policy_replay_lab/outputs/session_20260630_103628/analysis/comparison_debug/frame_000138_weak_20260630_103641_000009.jpg
images_weak_noise_raw/weak_20260630_103642_000010.jpg,images_weak_noise_raw,139,2,0,2,0,0,0,0,2,0,0,policy_replay_lab/outputs/session_20260630_103628/analysis/old_policy_debug/frame_000139_weak_20260630_103642_000010.jpg,policy_replay_lab/outputs/session_20260630_103628/analysis/new_policy_debug/frame_000139_weak_20260630_103642_000010.jpg,policy_replay_lab/outputs/session_20260630_103628/analysis/heuristics_only_debug/frame_000139_weak_20260630_103642_000010.jpg,policy_replay_lab/outputs/session_20260630_103628/analysis/comparison_debug/frame_000139_weak_20260630_103642_000010.jpg
images_weak_noise_raw/weak_20260630_103651_000011.jpg,images_weak_noise_raw,140,6,0,4,2,0,0,0,4,2,0,policy_replay_lab/outputs/session_20260630_103628/analysis/old_policy_debug/frame_000140_weak_20260630_103651_000011.jpg,policy_replay_lab/outputs/session_20260630_103628/analysis/new_policy_debug/frame_000140_weak_20260630_103651_000011.jpg,policy_replay_lab/outputs/session_20260630_103628/analysis/heuristics_only_debug/frame_000140_weak_20260630_103651_000011.jpg,policy_replay_lab/outputs/session_20260630_103628/analysis/comparison_debug/frame_000140_weak_20260630_103651_000011.jpg
images_weak_noise_raw/weak_20260630_103656_000012.jpg,images_weak_noise_raw,141,22,0,19,3,0,5,3,11,3,2,policy_replay_lab/outputs/session_20260630_103628/analysis/old_policy_debug/frame_000141_weak_20260630_103656_000012.jpg,policy_replay_lab/outputs/session_20260630_103628/analysis/new_policy_debug/frame_000141_weak_20260630_103656_000012.jpg,policy_replay_lab/outputs/session_20260630_103628/analysis/heuristics_only_debug/frame_000141_weak_20260630_103656_000012.jpg,policy_replay_lab/outputs/session_20260630_103628/analysis/comparison_debug/frame_000141_weak_20260630_103656_000012.jpg
images_weak_noise_raw/weak_20260630_103659_000013.jpg,images_weak_noise_raw,142,18,0,15,3,0,4,1,10,3,2,policy_replay_lab/outputs/session_20260630_103628/analysis/old_policy_debug/frame_000142_weak_20260630_103659_000013.jpg,policy_replay_lab/outputs/session_20260630_103628/analysis/new_policy_debug/frame_000142_weak_20260630_103659_000013.jpg,policy_replay_lab/outputs/session_20260630_103628/analysis/heuristics_only_debug/frame_000142_weak_20260630_103659_000013.jpg,policy_replay_lab/outputs/session_20260630_103628/analysis/comparison_debug/frame_000142_weak_20260630_103659_000013.jpg
images_weak_noise_raw/weak_20260630_103700_000014.jpg,images_weak_noise_raw,143,13,0,10,3,0,1,1,8,3,1,policy_replay_lab/outputs/session_20260630_103628/analysis/old_policy_debug/frame_000143_weak_20260630_103700_000014.jpg,policy_replay_lab/outputs/session_20260630_103628/analysis/new_policy_debug/frame_000143_weak_20260630_103700_000014.jpg,policy_replay_lab/outputs/session_20260630_103628/analysis/heuristics_only_debug/frame_000143_weak_20260630_103700_000014.jpg,policy_replay_lab/outputs/session_20260630_103628/analysis/comparison_debug/frame_000143_weak_20260630_103700_000014.jpg
images_weak_noise_raw/weak_20260630_103702_000015.jpg,images_weak_noise_raw,144,11,0,9,2,0,0,1,8,2,1,policy_replay_lab/outputs/session_20260630_103628/analysis/old_policy_debug/frame_000144_weak_20260630_103702_000015.jpg,policy_replay_lab/outputs/session_20260630_103628/analysis/new_policy_debug/frame_000144_weak_20260630_103702_000015.jpg,policy_replay_lab/outputs/session_20260630_103628/analysis/heuristics_only_debug/frame_000144_weak_20260630_103702_000015.jpg,policy_replay_lab/outputs/session_20260630_103628/analysis/comparison_debug/frame_000144_weak_20260630_103702_000015.jpg
images_weak_noise_raw/weak_20260630_103703_000016.jpg,images_weak_noise_raw,145,13,0,9,4,0,0,2,7,4,1,policy_replay_lab/outputs/session_20260630_103628/analysis/old_policy_debug/frame_000145_weak_20260630_103703_000016.jpg,policy_replay_lab/outputs/session_20260630_103628/analysis/new_policy_debug/frame_000145_weak_20260630_103703_000016.jpg,policy_replay_lab/outputs/session_20260630_103628/analysis/heuristics_only_debug/frame_000145_weak_20260630_103703_000016.jpg,policy_replay_lab/outputs/session_20260630_103628/analysis/comparison_debug/frame_000145_weak_20260630_103703_000016.jpg
images_weak_noise_raw/weak_20260630_103705_000017.jpg,images_weak_noise_raw,146,6,0,5,1,0,0,0,5,1,0,policy_replay_lab/outputs/session_20260630_103628/analysis/old_policy_debug/frame_000146_weak_20260630_103705_000017.jpg,policy_replay_lab/outputs/session_20260630_103628/analysis/new_policy_debug/frame_000146_weak_20260630_103705_000017.jpg,policy_replay_lab/outputs/session_20260630_103628/analysis/heuristics_only_debug/frame_000146_weak_20260630_103705_000017.jpg,policy_replay_lab/outputs/session_20260630_103628/analysis/comparison_debug/frame_000146_weak_20260630_103705_000017.jpg
images_weak_noise_raw/weak_20260630_103707_000018.jpg,images_weak_noise_raw,147,5,0,4,1,0,0,0,4,1,0,policy_replay_lab/outputs/session_20260630_103628/analysis/old_policy_debug/frame_000147_weak_20260630_103707_000018.jpg,policy_replay_lab/outputs/session_20260630_103628/analysis/new_policy_debug/frame_000147_weak_20260630_103707_000018.jpg,policy_replay_lab/outputs/session_20260630_103628/analysis/heuristics_only_debug/frame_000147_weak_20260630_103707_000018.jpg,policy_replay_lab/outputs/session_20260630_103628/analysis/comparison_debug/frame_000147_weak_20260630_103707_000018.jpg
images_weak_noise_raw/weak_20260630_103718_000019.jpg,images_weak_noise_raw,148,14,0,12,2,0,2,0,10,2,1,policy_replay_lab/outputs/session_20260630_103628/analysis/old_policy_debug/frame_000148_weak_20260630_103718_000019.jpg,policy_replay_lab/outputs/session_20260630_103628/analysis/new_policy_debug/frame_000148_weak_20260630_103718_000019.jpg,policy_replay_lab/outputs/session_20260630_103628/analysis/heuristics_only_debug/frame_000148_weak_20260630_103718_000019.jpg,policy_replay_lab/outputs/session_20260630_103628/analysis/comparison_debug/frame_000148_weak_20260630_103718_000019.jpg
images_weak_noise_raw/weak_20260630_103719_000020.jpg,images_weak_noise_raw,149,9,0,7,2,0,2,0,5,2,0,policy_replay_lab/outputs/session_20260630_103628/analysis/old_policy_debug/frame_000149_weak_20260630_103719_000020.jpg,policy_replay_lab/outputs/session_20260630_103628/analysis/new_policy_debug/frame_000149_weak_20260630_103719_000020.jpg,policy_replay_lab/outputs/session_20260630_103628/analysis/heuristics_only_debug/frame_000149_weak_20260630_103719_000020.jpg,policy_replay_lab/outputs/session_20260630_103628/analysis/comparison_debug/frame_000149_weak_20260630_103719_000020.jpg
images_weak_noise_raw/weak_20260630_103721_000021.jpg,images_weak_noise_raw,150,17,0,12,5,0,2,0,10,5,0,policy_replay_lab/outputs/session_20260630_103628/analysis/old_policy_debug/frame_000150_weak_20260630_103721_000021.jpg,policy_replay_lab/outputs/session_20260630_103628/analysis/new_policy_debug/frame_000150_weak_20260630_103721_000021.jpg,policy_replay_lab/outputs/session_20260630_103628/analysis/heuristics_only_debug/frame_000150_weak_20260630_103721_000021.jpg,policy_replay_lab/outputs/session_20260630_103628/analysis/comparison_debug/frame_000150_weak_20260630_103721_000021.jpg
images_weak_noise_raw/weak_20260630_103722_000022.jpg,images_weak_noise_raw,151,15,3,5,7,3,2,0,3,7,0,policy_replay_lab/outputs/session_20260630_103628/analysis/old_policy_debug/frame_000151_weak_20260630_103722_000022.jpg,policy_replay_lab/outputs/session_20260630_103628/analysis/new_policy_debug/frame_000151_weak_20260630_103722_000022.jpg,policy_replay_lab/outputs/session_20260630_103628/analysis/heuristics_only_debug/frame_000151_weak_20260630_103722_000022.jpg,policy_replay_lab/outputs/session_20260630_103628/analysis/comparison_debug/frame_000151_weak_20260630_103722_000022.jpg
images_weak_noise_raw/weak_20260630_103726_000023.jpg,images_weak_noise_raw,152,5,0,5,0,0,0,0,5,0,0,policy_replay_lab/outputs/session_20260630_103628/analysis/old_policy_debug/frame_000152_weak_20260630_103726_000023.jpg,policy_replay_lab/outputs/session_20260630_103628/analysis/new_policy_debug/frame_000152_weak_20260630_103726_000023.jpg,policy_replay_lab/outputs/session_20260630_103628/analysis/heuristics_only_debug/frame_000152_weak_20260630_103726_000023.jpg,policy_replay_lab/outputs/session_20260630_103628/analysis/comparison_debug/frame_000152_weak_20260630_103726_000023.jpg
images_weak_noise_raw/weak_20260630_103728_000024.jpg,images_weak_noise_raw,153,19,0,11,8,0,3,0,8,8,1,policy_replay_lab/outputs/session_20260630_103628/analysis/old_policy_debug/frame_000153_weak_20260630_103728_000024.jpg,policy_replay_lab/outputs/session_20260630_103628/analysis/new_policy_debug/frame_000153_weak_20260630_103728_000024.jpg,policy_replay_lab/outputs/session_20260630_103628/analysis/heuristics_only_debug/frame_000153_weak_20260630_103728_000024.jpg,policy_replay_lab/outputs/session_20260630_103628/analysis/comparison_debug/frame_000153_weak_20260630_103728_000024.jpg
images_weak_noise_raw/weak_20260630_103729_000025.jpg,images_weak_noise_raw,154,5,0,3,2,0,0,0,3,2,0,policy_replay_lab/outputs/session_20260630_103628/analysis/old_policy_debug/frame_000154_weak_20260630_103729_000025.jpg,policy_replay_lab/outputs/session_20260630_103628/analysis/new_policy_debug/frame_000154_weak_20260630_103729_000025.jpg,policy_replay_lab/outputs/session_20260630_103628/analysis/heuristics_only_debug/frame_000154_weak_20260630_103729_000025.jpg,policy_replay_lab/outputs/session_20260630_103628/analysis/comparison_debug/frame_000154_weak_20260630_103729_000025.jpg
images_weak_noise_raw/weak_20260630_103734_000026.jpg,images_weak_noise_raw,155,3,0,3,0,0,0,0,3,0,0,policy_replay_lab/outputs/session_20260630_103628/analysis/old_policy_debug/frame_000155_weak_20260630_103734_000026.jpg,policy_replay_lab/outputs/session_20260630_103628/analysis/new_policy_debug/frame_000155_weak_20260630_103734_000026.jpg,policy_replay_lab/outputs/session_20260630_103628/analysis/heuristics_only_debug/frame_000155_weak_20260630_103734_000026.jpg,policy_replay_lab/outputs/session_20260630_103628/analysis/comparison_debug/frame_000155_weak_20260630_103734_000026.jpg
images_weak_noise_raw/weak_20260630_103736_000027.jpg,images_weak_noise_raw,156,14,0,6,8,0,2,0,4,8,1,policy_replay_lab/outputs/session_20260630_103628/analysis/old_policy_debug/frame_000156_weak_20260630_103736_000027.jpg,policy_replay_lab/outputs/session_20260630_103628/analysis/new_policy_debug/frame_000156_weak_20260630_103736_000027.jpg,policy_replay_lab/outputs/session_20260630_103628/analysis/heuristics_only_debug/frame_000156_weak_20260630_103736_000027.jpg,policy_replay_lab/outputs/session_20260630_103628/analysis/comparison_debug/frame_000156_weak_20260630_103736_000027.jpg
images_weak_noise_raw/weak_20260630_103737_000028.jpg,images_weak_noise_raw,157,12,0,8,4,0,2,0,6,4,1,policy_replay_lab/outputs/session_20260630_103628/analysis/old_policy_debug/frame_000157_weak_20260630_103737_000028.jpg,policy_replay_lab/outputs/session_20260630_103628/analysis/new_policy_debug/frame_000157_weak_20260630_103737_000028.jpg,policy_replay_lab/outputs/session_20260630_103628/analysis/heuristics_only_debug/frame_000157_weak_20260630_103737_000028.jpg,policy_replay_lab/outputs/session_20260630_103628/analysis/comparison_debug/frame_000157_weak_20260630_103737_000028.jpg
images_weak_noise_raw/weak_20260630_103739_000029.jpg,images_weak_noise_raw,158,9,0,7,2,0,0,0,7,2,1,policy_replay_lab/outputs/session_20260630_103628/analysis/old_policy_debug/frame_000158_weak_20260630_103739_000029.jpg,policy_replay_lab/outputs/session_20260630_103628/analysis/new_policy_debug/frame_000158_weak_20260630_103739_000029.jpg,policy_replay_lab/outputs/session_20260630_103628/analysis/heuristics_only_debug/frame_000158_weak_20260630_103739_000029.jpg,policy_replay_lab/outputs/session_20260630_103628/analysis/comparison_debug/frame_000158_weak_20260630_103739_000029.jpg
images_weak_noise_raw/weak_20260630_103740_000030.jpg,images_weak_noise_raw,159,19,0,9,10,0,0,0,9,10,0,policy_replay_lab/outputs/session_20260630_103628/analysis/old_policy_debug/frame_000159_weak_20260630_103740_000030.jpg,policy_replay_lab/outputs/session_20260630_103628/analysis/new_policy_debug/frame_000159_weak_20260630_103740_000030.jpg,policy_replay_lab/outputs/session_20260630_103628/analysis/heuristics_only_debug/frame_000159_weak_20260630_103740_000030.jpg,policy_replay_lab/outputs/session_20260630_103628/analysis/comparison_debug/frame_000159_weak_20260630_103740_000030.jpg
images_weak_noise_raw/weak_20260630_103742_000031.jpg,images_weak_noise_raw,160,25,0,12,13,0,0,0,12,13,1,policy_replay_lab/outputs/session_20260630_103628/analysis/old_policy_debug/frame_000160_weak_20260630_103742_000031.jpg,policy_replay_lab/outputs/session_20260630_103628/analysis/new_policy_debug/frame_000160_weak_20260630_103742_000031.jpg,policy_replay_lab/outputs/session_20260630_103628/analysis/heuristics_only_debug/frame_000160_weak_20260630_103742_000031.jpg,policy_replay_lab/outputs/session_20260630_103628/analysis/comparison_debug/frame_000160_weak_20260630_103742_000031.jpg
images_weak_noise_raw/weak_20260630_103743_000032.jpg,images_weak_noise_raw,161,21,0,14,7,0,0,0,14,7,1,policy_replay_lab/outputs/session_20260630_103628/analysis/old_policy_debug/frame_000161_weak_20260630_103743_000032.jpg,policy_replay_lab/outputs/session_20260630_103628/analysis/new_policy_debug/frame_000161_weak_20260630_103743_000032.jpg,policy_replay_lab/outputs/session_20260630_103628/analysis/heuristics_only_debug/frame_000161_weak_20260630_103743_000032.jpg,policy_replay_lab/outputs/session_20260630_103628/analysis/comparison_debug/frame_000161_weak_20260630_103743_000032.jpg
images_weak_noise_raw/weak_20260630_103745_000033.jpg,images_weak_noise_raw,162,14,0,11,3,0,0,1,10,3,1,policy_replay_lab/outputs/session_20260630_103628/analysis/old_policy_debug/frame_000162_weak_20260630_103745_000033.jpg,policy_replay_lab/outputs/session_20260630_103628/analysis/new_policy_debug/frame_000162_weak_20260630_103745_000033.jpg,policy_replay_lab/outputs/session_20260630_103628/analysis/heuristics_only_debug/frame_000162_weak_20260630_103745_000033.jpg,policy_replay_lab/outputs/session_20260630_103628/analysis/comparison_debug/frame_000162_weak_20260630_103745_000033.jpg
images_weak_noise_raw/weak_20260630_103746_000034.jpg,images_weak_noise_raw,163,22,0,12,10,0,0,1,11,10,1,policy_replay_lab/outputs/session_20260630_103628/analysis/old_policy_debug/frame_000163_weak_20260630_103746_000034.jpg,policy_replay_lab/outputs/session_20260630_103628/analysis/new_policy_debug/frame_000163_weak_20260630_103746_000034.jpg,policy_replay_lab/outputs/session_20260630_103628/analysis/heuristics_only_debug/frame_000163_weak_20260630_103746_000034.jpg,policy_replay_lab/outputs/session_20260630_103628/analysis/comparison_debug/frame_000163_weak_20260630_103746_000034.jpg
images_weak_noise_raw/weak_20260630_103748_000035.jpg,images_weak_noise_raw,164,25,0,19,6,0,0,1,18,6,1,policy_replay_lab/outputs/session_20260630_103628/analysis/old_policy_debug/frame_000164_weak_20260630_103748_000035.jpg,policy_replay_lab/outputs/session_20260630_103628/analysis/new_policy_debug/frame_000164_weak_20260630_103748_000035.jpg,policy_replay_lab/outputs/session_20260630_103628/analysis/heuristics_only_debug/frame_000164_weak_20260630_103748_000035.jpg,policy_replay_lab/outputs/session_20260630_103628/analysis/comparison_debug/frame_000164_weak_20260630_103748_000035.jpg
images_weak_noise_raw/weak_20260630_103749_000036.jpg,images_weak_noise_raw,165,22,0,17,5,0,0,4,13,5,2,policy_replay_lab/outputs/session_20260630_103628/analysis/old_policy_debug/frame_000165_weak_20260630_103749_000036.jpg,policy_replay_lab/outputs/session_20260630_103628/analysis/new_policy_debug/frame_000165_weak_20260630_103749_000036.jpg,policy_replay_lab/outputs/session_20260630_103628/analysis/heuristics_only_debug/frame_000165_weak_20260630_103749_000036.jpg,policy_replay_lab/outputs/session_20260630_103628/analysis/comparison_debug/frame_000165_weak_20260630_103749_000036.jpg
images_weak_noise_raw/weak_20260630_103751_000037.jpg,images_weak_noise_raw,166,15,0,10,5,0,1,3,6,5,0,policy_replay_lab/outputs/session_20260630_103628/analysis/old_policy_debug/frame_000166_weak_20260630_103751_000037.jpg,policy_replay_lab/outputs/session_20260630_103628/analysis/new_policy_debug/frame_000166_weak_20260630_103751_000037.jpg,policy_replay_lab/outputs/session_20260630_103628/analysis/heuristics_only_debug/frame_000166_weak_20260630_103751_000037.jpg,policy_replay_lab/outputs/session_20260630_103628/analysis/comparison_debug/frame_000166_weak_20260630_103751_000037.jpg
images_weak_noise_raw/weak_20260630_103754_000038.jpg,images_weak_noise_raw,167,6,0,4,2,0,0,0,4,2,0,policy_replay_lab/outputs/session_20260630_103628/analysis/old_policy_debug/frame_000167_weak_20260630_103754_000038.jpg,policy_replay_lab/outputs/session_20260630_103628/analysis/new_policy_debug/frame_000167_weak_20260630_103754_000038.jpg,policy_replay_lab/outputs/session_20260630_103628/analysis/heuristics_only_debug/frame_000167_weak_20260630_103754_000038.jpg,policy_replay_lab/outputs/session_20260630_103628/analysis/comparison_debug/frame_000167_weak_20260630_103754_000038.jpg
images_weak_noise_raw/weak_20260630_103756_000039.jpg,images_weak_noise_raw,168,4,0,2,2,0,0,0,2,2,0,policy_replay_lab/outputs/session_20260630_103628/analysis/old_policy_debug/frame_000168_weak_20260630_103756_000039.jpg,policy_replay_lab/outputs/session_20260630_103628/analysis/new_policy_debug/frame_000168_weak_20260630_103756_000039.jpg,policy_replay_lab/outputs/session_20260630_103628/analysis/heuristics_only_debug/frame_000168_weak_20260630_103756_000039.jpg,policy_replay_lab/outputs/session_20260630_103628/analysis/comparison_debug/frame_000168_weak_20260630_103756_000039.jpg
images_weak_noise_raw/weak_20260630_103759_000040.jpg,images_weak_noise_raw,169,24,1,15,8,1,1,4,10,8,1,policy_replay_lab/outputs/session_20260630_103628/analysis/old_policy_debug/frame_000169_weak_20260630_103759_000040.jpg,policy_replay_lab/outputs/session_20260630_103628/analysis/new_policy_debug/frame_000169_weak_20260630_103759_000040.jpg,policy_replay_lab/outputs/session_20260630_103628/analysis/heuristics_only_debug/frame_000169_weak_20260630_103759_000040.jpg,policy_replay_lab/outputs/session_20260630_103628/analysis/comparison_debug/frame_000169_weak_20260630_103759_000040.jpg
images_weak_noise_raw/weak_20260630_103800_000041.jpg,images_weak_noise_raw,170,3,0,3,0,0,0,0,3,0,0,policy_replay_lab/outputs/session_20260630_103628/analysis/old_policy_debug/frame_000170_weak_20260630_103800_000041.jpg,policy_replay_lab/outputs/session_20260630_103628/analysis/new_policy_debug/frame_000170_weak_20260630_103800_000041.jpg,policy_replay_lab/outputs/session_20260630_103628/analysis/heuristics_only_debug/frame_000170_weak_20260630_103800_000041.jpg,policy_replay_lab/outputs/session_20260630_103628/analysis/comparison_debug/frame_000170_weak_20260630_103800_000041.jpg
images_weak_noise_raw/weak_20260630_103802_000042.jpg,images_weak_noise_raw,171,7,0,4,3,0,0,1,3,3,0,policy_replay_lab/outputs/session_20260630_103628/analysis/old_policy_debug/frame_000171_weak_20260630_103802_000042.jpg,policy_replay_lab/outputs/session_20260630_103628/analysis/new_policy_debug/frame_000171_weak_20260630_103802_000042.jpg,policy_replay_lab/outputs/session_20260630_103628/analysis/heuristics_only_debug/frame_000171_weak_20260630_103802_000042.jpg,policy_replay_lab/outputs/session_20260630_103628/analysis/comparison_debug/frame_000171_weak_20260630_103802_000042.jpg
images_weak_noise_raw/weak_20260630_103803_000043.jpg,images_weak_noise_raw,172,14,0,12,2,0,2,2,8,2,1,policy_replay_lab/outputs/session_20260630_103628/analysis/old_policy_debug/frame_000172_weak_20260630_103803_000043.jpg,policy_replay_lab/outputs/session_20260630_103628/analysis/new_policy_debug/frame_000172_weak_20260630_103803_000043.jpg,policy_replay_lab/outputs/session_20260630_103628/analysis/heuristics_only_debug/frame_000172_weak_20260630_103803_000043.jpg,policy_replay_lab/outputs/session_20260630_103628/analysis/comparison_debug/frame_000172_weak_20260630_103803_000043.jpg
images_weak_noise_raw/weak_20260630_103805_000044.jpg,images_weak_noise_raw,173,13,0,10,3,0,0,0,10,3,1,policy_replay_lab/outputs/session_20260630_103628/analysis/old_policy_debug/frame_000173_weak_20260630_103805_000044.jpg,policy_replay_lab/outputs/session_20260630_103628/analysis/new_policy_debug/frame_000173_weak_20260630_103805_000044.jpg,policy_replay_lab/outputs/session_20260630_103628/analysis/heuristics_only_debug/frame_000173_weak_20260630_103805_000044.jpg,policy_replay_lab/outputs/session_20260630_103628/analysis/comparison_debug/frame_000173_weak_20260630_103805_000044.jpg
images_weak_noise_raw/weak_20260630_103807_000045.jpg,images_weak_noise_raw,174,4,0,2,2,0,0,0,2,2,0,policy_replay_lab/outputs/session_20260630_103628/analysis/old_policy_debug/frame_000174_weak_20260630_103807_000045.jpg,policy_replay_lab/outputs/session_20260630_103628/analysis/new_policy_debug/frame_000174_weak_20260630_103807_000045.jpg,policy_replay_lab/outputs/session_20260630_103628/analysis/heuristics_only_debug/frame_000174_weak_20260630_103807_000045.jpg,policy_replay_lab/outputs/session_20260630_103628/analysis/comparison_debug/frame_000174_weak_20260630_103807_000045.jpg
images_weak_noise_raw/weak_20260630_103808_000046.jpg,images_weak_noise_raw,175,3,0,0,3,0,0,0,0,3,0,policy_replay_lab/outputs/session_20260630_103628/analysis/old_policy_debug/frame_000175_weak_20260630_103808_000046.jpg,policy_replay_lab/outputs/session_20260630_103628/analysis/new_policy_debug/frame_000175_weak_20260630_103808_000046.jpg,policy_replay_lab/outputs/session_20260630_103628/analysis/heuristics_only_debug/frame_000175_weak_20260630_103808_000046.jpg,policy_replay_lab/outputs/session_20260630_103628/analysis/comparison_debug/frame_000175_weak_20260630_103808_000046.jpg
images_weak_noise_raw/weak_20260630_103810_000047.jpg,images_weak_noise_raw,176,3,0,1,2,0,0,0,1,2,0,policy_replay_lab/outputs/session_20260630_103628/analysis/old_policy_debug/frame_000176_weak_20260630_103810_000047.jpg,policy_replay_lab/outputs/session_20260630_103628/analysis/new_policy_debug/frame_000176_weak_20260630_103810_000047.jpg,policy_replay_lab/outputs/session_20260630_103628/analysis/heuristics_only_debug/frame_000176_weak_20260630_103810_000047.jpg,policy_replay_lab/outputs/session_20260630_103628/analysis/comparison_debug/frame_000176_weak_20260630_103810_000047.jpg
images_weak_noise_raw/weak_20260630_103812_000048.jpg,images_weak_noise_raw,177,14,0,13,1,0,2,1,10,1,0,policy_replay_lab/outputs/session_20260630_103628/analysis/old_policy_debug/frame_000177_weak_20260630_103812_000048.jpg,policy_replay_lab/outputs/session_20260630_103628/analysis/new_policy_debug/frame_000177_weak_20260630_103812_000048.jpg,policy_replay_lab/outputs/session_20260630_103628/analysis/heuristics_only_debug/frame_000177_weak_20260630_103812_000048.jpg,policy_replay_lab/outputs/session_20260630_103628/analysis/comparison_debug/frame_000177_weak_20260630_103812_000048.jpg
images_weak_noise_raw/weak_20260630_103813_000049.jpg,images_weak_noise_raw,178,12,0,6,6,0,0,1,5,6,0,policy_replay_lab/outputs/session_20260630_103628/analysis/old_policy_debug/frame_000178_weak_20260630_103813_000049.jpg,policy_replay_lab/outputs/session_20260630_103628/analysis/new_policy_debug/frame_000178_weak_20260630_103813_000049.jpg,policy_replay_lab/outputs/session_20260630_103628/analysis/heuristics_only_debug/frame_000178_weak_20260630_103813_000049.jpg,policy_replay_lab/outputs/session_20260630_103628/analysis/comparison_debug/frame_000178_weak_20260630_103813_000049.jpg
images_weak_noise_raw/weak_20260630_103815_000050.jpg,images_weak_noise_raw,179,21,1,15,5,1,0,1,14,5,1,policy_replay_lab/outputs/session_20260630_103628/analysis/old_policy_debug/frame_000179_weak_20260630_103815_000050.jpg,policy_replay_lab/outputs/session_20260630_103628/analysis/new_policy_debug/frame_000179_weak_20260630_103815_000050.jpg,policy_replay_lab/outputs/session_20260630_103628/analysis/heuristics_only_debug/frame_000179_weak_20260630_103815_000050.jpg,policy_replay_lab/outputs/session_20260630_103628/analysis/comparison_debug/frame_000179_weak_20260630_103815_000050.jpg
images_weak_noise_raw/weak_20260630_103816_000051.jpg,images_weak_noise_raw,180,13,0,10,3,0,1,1,8,3,2,policy_replay_lab/outputs/session_20260630_103628/analysis/old_policy_debug/frame_000180_weak_20260630_103816_000051.jpg,policy_replay_lab/outputs/session_20260630_103628/analysis/new_policy_debug/frame_000180_weak_20260630_103816_000051.jpg,policy_replay_lab/outputs/session_20260630_103628/analysis/heuristics_only_debug/frame_000180_weak_20260630_103816_000051.jpg,policy_replay_lab/outputs/session_20260630_103628/analysis/comparison_debug/frame_000180_weak_20260630_103816_000051.jpg
images_weak_noise_raw/weak_20260630_103818_000052.jpg,images_weak_noise_raw,181,5,0,4,1,0,0,0,4,1,0,policy_replay_lab/outputs/session_20260630_103628/analysis/old_policy_debug/frame_000181_weak_20260630_103818_000052.jpg,policy_replay_lab/outputs/session_20260630_103628/analysis/new_policy_debug/frame_000181_weak_20260630_103818_000052.jpg,policy_replay_lab/outputs/session_20260630_103628/analysis/heuristics_only_debug/frame_000181_weak_20260630_103818_000052.jpg,policy_replay_lab/outputs/session_20260630_103628/analysis/comparison_debug/frame_000181_weak_20260630_103818_000052.jpg
images_weak_noise_raw/weak_20260630_103819_000053.jpg,images_weak_noise_raw,182,3,0,3,0,0,0,0,3,0,0,policy_replay_lab/outputs/session_20260630_103628/analysis/old_policy_debug/frame_000182_weak_20260630_103819_000053.jpg,policy_replay_lab/outputs/session_20260630_103628/analysis/new_policy_debug/frame_000182_weak_20260630_103819_000053.jpg,policy_replay_lab/outputs/session_20260630_103628/analysis/heuristics_only_debug/frame_000182_weak_20260630_103819_000053.jpg,policy_replay_lab/outputs/session_20260630_103628/analysis/comparison_debug/frame_000182_weak_20260630_103819_000053.jpg
images_weak_noise_raw/weak_20260630_103821_000054.jpg,images_weak_noise_raw,183,5,0,3,2,0,0,0,3,2,0,policy_replay_lab/outputs/session_20260630_103628/analysis/old_policy_debug/frame_000183_weak_20260630_103821_000054.jpg,policy_replay_lab/outputs/session_20260630_103628/analysis/new_policy_debug/frame_000183_weak_20260630_103821_000054.jpg,policy_replay_lab/outputs/session_20260630_103628/analysis/heuristics_only_debug/frame_000183_weak_20260630_103821_000054.jpg,policy_replay_lab/outputs/session_20260630_103628/analysis/comparison_debug/frame_000183_weak_20260630_103821_000054.jpg
images_weak_noise_raw/weak_20260630_103822_000055.jpg,images_weak_noise_raw,184,12,0,8,4,0,0,0,8,4,0,policy_replay_lab/outputs/session_20260630_103628/analysis/old_policy_debug/frame_000184_weak_20260630_103822_000055.jpg,policy_replay_lab/outputs/session_20260630_103628/analysis/new_policy_debug/frame_000184_weak_20260630_103822_000055.jpg,policy_replay_lab/outputs/session_20260630_103628/analysis/heuristics_only_debug/frame_000184_weak_20260630_103822_000055.jpg,policy_replay_lab/outputs/session_20260630_103628/analysis/comparison_debug/frame_000184_weak_20260630_103822_000055.jpg
images_weak_noise_raw/weak_20260630_103824_000056.jpg,images_weak_noise_raw,185,10,0,9,1,0,0,1,8,1,0,policy_replay_lab/outputs/session_20260630_103628/analysis/old_policy_debug/frame_000185_weak_20260630_103824_000056.jpg,policy_replay_lab/outputs/session_20260630_103628/analysis/new_policy_debug/frame_000185_weak_20260630_103824_000056.jpg,policy_replay_lab/outputs/session_20260630_103628/analysis/heuristics_only_debug/frame_000185_weak_20260630_103824_000056.jpg,policy_replay_lab/outputs/session_20260630_103628/analysis/comparison_debug/frame_000185_weak_20260630_103824_000056.jpg
images_weak_noise_raw/weak_20260630_103826_000057.jpg,images_weak_noise_raw,186,14,0,11,3,0,0,0,11,3,0,policy_replay_lab/outputs/session_20260630_103628/analysis/old_policy_debug/frame_000186_weak_20260630_103826_000057.jpg,policy_replay_lab/outputs/session_20260630_103628/analysis/new_policy_debug/frame_000186_weak_20260630_103826_000057.jpg,policy_replay_lab/outputs/session_20260630_103628/analysis/heuristics_only_debug/frame_000186_weak_20260630_103826_000057.jpg,policy_replay_lab/outputs/session_20260630_103628/analysis/comparison_debug/frame_000186_weak_20260630_103826_000057.jpg
images_weak_noise_raw/weak_20260630_103827_000058.jpg,images_weak_noise_raw,187,11,0,8,3,0,0,0,8,3,0,policy_replay_lab/outputs/session_20260630_103628/analysis/old_policy_debug/frame_000187_weak_20260630_103827_000058.jpg,policy_replay_lab/outputs/session_20260630_103628/analysis/new_policy_debug/frame_000187_weak_20260630_103827_000058.jpg,policy_replay_lab/outputs/session_20260630_103628/analysis/heuristics_only_debug/frame_000187_weak_20260630_103827_000058.jpg,policy_replay_lab/outputs/session_20260630_103628/analysis/comparison_debug/frame_000187_weak_20260630_103827_000058.jpg
images_weak_noise_raw/weak_20260630_103829_000059.jpg,images_weak_noise_raw,188,13,0,9,4,0,0,0,9,4,1,policy_replay_lab/outputs/session_20260630_103628/analysis/old_policy_debug/frame_000188_weak_20260630_103829_000059.jpg,policy_replay_lab/outputs/session_20260630_103628/analysis/new_policy_debug/frame_000188_weak_20260630_103829_000059.jpg,policy_replay_lab/outputs/session_20260630_103628/analysis/heuristics_only_debug/frame_000188_weak_20260630_103829_000059.jpg,policy_replay_lab/outputs/session_20260630_103628/analysis/comparison_debug/frame_000188_weak_20260630_103829_000059.jpg
images_weak_noise_raw/weak_20260630_103830_000060.jpg,images_weak_noise_raw,189,16,0,13,3,0,0,2,11,3,2,policy_replay_lab/outputs/session_20260630_103628/analysis/old_policy_debug/frame_000189_weak_20260630_103830_000060.jpg,policy_replay_lab/outputs/session_20260630_103628/analysis/new_policy_debug/frame_000189_weak_20260630_103830_000060.jpg,policy_replay_lab/outputs/session_20260630_103628/analysis/heuristics_only_debug/frame_000189_weak_20260630_103830_000060.jpg,policy_replay_lab/outputs/session_20260630_103628/analysis/comparison_debug/frame_000189_weak_20260630_103830_000060.jpg
images_weak_noise_raw/weak_20260630_103832_000061.jpg,images_weak_noise_raw,190,12,0,12,0,0,0,0,12,0,1,policy_replay_lab/outputs/session_20260630_103628/analysis/old_policy_debug/frame_000190_weak_20260630_103832_000061.jpg,policy_replay_lab/outputs/session_20260630_103628/analysis/new_policy_debug/frame_000190_weak_20260630_103832_000061.jpg,policy_replay_lab/outputs/session_20260630_103628/analysis/heuristics_only_debug/frame_000190_weak_20260630_103832_000061.jpg,policy_replay_lab/outputs/session_20260630_103628/analysis/comparison_debug/frame_000190_weak_20260630_103832_000061.jpg
images_weak_noise_raw/weak_20260630_103833_000062.jpg,images_weak_noise_raw,191,12,0,12,0,0,0,1,11,0,1,policy_replay_lab/outputs/session_20260630_103628/analysis/old_policy_debug/frame_000191_weak_20260630_103833_000062.jpg,policy_replay_lab/outputs/session_20260630_103628/analysis/new_policy_debug/frame_000191_weak_20260630_103833_000062.jpg,policy_replay_lab/outputs/session_20260630_103628/analysis/heuristics_only_debug/frame_000191_weak_20260630_103833_000062.jpg,policy_replay_lab/outputs/session_20260630_103628/analysis/comparison_debug/frame_000191_weak_20260630_103833_000062.jpg
images_weak_noise_raw/weak_20260630_103835_000063.jpg,images_weak_noise_raw,192,5,0,4,1,0,0,0,4,1,0,policy_replay_lab/outputs/session_20260630_103628/analysis/old_policy_debug/frame_000192_weak_20260630_103835_000063.jpg,policy_replay_lab/outputs/session_20260630_103628/analysis/new_policy_debug/frame_000192_weak_20260630_103835_000063.jpg,policy_replay_lab/outputs/session_20260630_103628/analysis/heuristics_only_debug/frame_000192_weak_20260630_103835_000063.jpg,policy_replay_lab/outputs/session_20260630_103628/analysis/comparison_debug/frame_000192_weak_20260630_103835_000063.jpg
images_weak_noise_raw/weak_20260630_103842_000064.jpg,images_weak_noise_raw,193,7,0,7,0,0,1,0,6,0,0,policy_replay_lab/outputs/session_20260630_103628/analysis/old_policy_debug/frame_000193_weak_20260630_103842_000064.jpg,policy_replay_lab/outputs/session_20260630_103628/analysis/new_policy_debug/frame_000193_weak_20260630_103842_000064.jpg,policy_replay_lab/outputs/session_20260630_103628/analysis/heuristics_only_debug/frame_000193_weak_20260630_103842_000064.jpg,policy_replay_lab/outputs/session_20260630_103628/analysis/comparison_debug/frame_000193_weak_20260630_103842_000064.jpg
images_weak_noise_raw/weak_20260630_103849_000065.jpg,images_weak_noise_raw,194,6,0,3,3,0,0,1,2,3,0,policy_replay_lab/outputs/session_20260630_103628/analysis/old_policy_debug/frame_000194_weak_20260630_103849_000065.jpg,policy_replay_lab/outputs/session_20260630_103628/analysis/new_policy_debug/frame_000194_weak_20260630_103849_000065.jpg,policy_replay_lab/outputs/session_20260630_103628/analysis/heuristics_only_debug/frame_000194_weak_20260630_103849_000065.jpg,policy_replay_lab/outputs/session_20260630_103628/analysis/comparison_debug/frame_000194_weak_20260630_103849_000065.jpg
images_weak_noise_raw/weak_20260630_103851_000066.jpg,images_weak_noise_raw,195,8,0,7,1,0,0,1,6,1,0,policy_replay_lab/outputs/session_20260630_103628/analysis/old_policy_debug/frame_000195_weak_20260630_103851_000066.jpg,policy_replay_lab/outputs/session_20260630_103628/analysis/new_policy_debug/frame_000195_weak_20260630_103851_000066.jpg,policy_replay_lab/outputs/session_20260630_103628/analysis/heuristics_only_debug/frame_000195_weak_20260630_103851_000066.jpg,policy_replay_lab/outputs/session_20260630_103628/analysis/comparison_debug/frame_000195_weak_20260630_103851_000066.jpg
images_weak_noise_raw/weak_20260630_103852_000067.jpg,images_weak_noise_raw,196,7,0,6,1,0,1,1,4,1,0,policy_replay_lab/outputs/session_20260630_103628/analysis/old_policy_debug/frame_000196_weak_20260630_103852_000067.jpg,policy_replay_lab/outputs/session_20260630_103628/analysis/new_policy_debug/frame_000196_weak_20260630_103852_000067.jpg,policy_replay_lab/outputs/session_20260630_103628/analysis/heuristics_only_debug/frame_000196_weak_20260630_103852_000067.jpg,policy_replay_lab/outputs/session_20260630_103628/analysis/comparison_debug/frame_000196_weak_20260630_103852_000067.jpg
images_weak_noise_raw/weak_20260630_103854_000068.jpg,images_weak_noise_raw,197,9,0,6,3,0,2,1,3,3,0,policy_replay_lab/outputs/session_20260630_103628/analysis/old_policy_debug/frame_000197_weak_20260630_103854_000068.jpg,policy_replay_lab/outputs/session_20260630_103628/analysis/new_policy_debug/frame_000197_weak_20260630_103854_000068.jpg,policy_replay_lab/outputs/session_20260630_103628/analysis/heuristics_only_debug/frame_000197_weak_20260630_103854_000068.jpg,policy_replay_lab/outputs/session_20260630_103628/analysis/comparison_debug/frame_000197_weak_20260630_103854_000068.jpg
images_weak_noise_raw/weak_20260630_103855_000069.jpg,images_weak_noise_raw,198,12,1,7,4,0,0,1,7,4,1,policy_replay_lab/outputs/session_20260630_103628/analysis/old_policy_debug/frame_000198_weak_20260630_103855_000069.jpg,policy_replay_lab/outputs/session_20260630_103628/analysis/new_policy_debug/frame_000198_weak_20260630_103855_000069.jpg,policy_replay_lab/outputs/session_20260630_103628/analysis/heuristics_only_debug/frame_000198_weak_20260630_103855_000069.jpg,policy_replay_lab/outputs/session_20260630_103628/analysis/comparison_debug/frame_000198_weak_20260630_103855_000069.jpg
images_weak_noise_raw/weak_20260630_103857_000070.jpg,images_weak_noise_raw,199,11,0,9,2,0,1,1,7,2,0,policy_replay_lab/outputs/session_20260630_103628/analysis/old_policy_debug/frame_000199_weak_20260630_103857_000070.jpg,policy_replay_lab/outputs/session_20260630_103628/analysis/new_policy_debug/frame_000199_weak_20260630_103857_000070.jpg,policy_replay_lab/outputs/session_20260630_103628/analysis/heuristics_only_debug/frame_000199_weak_20260630_103857_000070.jpg,policy_replay_lab/outputs/session_20260630_103628/analysis/comparison_debug/frame_000199_weak_20260630_103857_000070.jpg
images_weak_noise_raw/weak_20260630_103858_000071.jpg,images_weak_noise_raw,200,11,0,11,0,0,0,1,10,0,2,policy_replay_lab/outputs/session_20260630_103628/analysis/old_policy_debug/frame_000200_weak_20260630_103858_000071.jpg,policy_replay_lab/outputs/session_20260630_103628/analysis/new_policy_debug/frame_000200_weak_20260630_103858_000071.jpg,policy_replay_lab/outputs/session_20260630_103628/analysis/heuristics_only_debug/frame_000200_weak_20260630_103858_000071.jpg,policy_replay_lab/outputs/session_20260630_103628/analysis/comparison_debug/frame_000200_weak_20260630_103858_000071.jpg
images_weak_noise_raw/weak_20260630_103900_000072.jpg,images_weak_noise_raw,201,7,0,6,1,0,0,1,5,1,0,policy_replay_lab/outputs/session_20260630_103628/analysis/old_policy_debug/frame_000201_weak_20260630_103900_000072.jpg,policy_replay_lab/outputs/session_20260630_103628/analysis/new_policy_debug/frame_000201_weak_20260630_103900_000072.jpg,policy_replay_lab/outputs/session_20260630_103628/analysis/heuristics_only_debug/frame_000201_weak_20260630_103900_000072.jpg,policy_replay_lab/outputs/session_20260630_103628/analysis/comparison_debug/frame_000201_weak_20260630_103900_000072.jpg
images_weak_noise_raw/weak_20260630_103902_000073.jpg,images_weak_noise_raw,202,8,0,5,3,0,0,0,5,3,0,policy_replay_lab/outputs/session_20260630_103628/analysis/old_policy_debug/frame_000202_weak_20260630_103902_000073.jpg,policy_replay_lab/outputs/session_20260630_103628/analysis/new_policy_debug/frame_000202_weak_20260630_103902_000073.jpg,policy_replay_lab/outputs/session_20260630_103628/analysis/heuristics_only_debug/frame_000202_weak_20260630_103902_000073.jpg,policy_replay_lab/outputs/session_20260630_103628/analysis/comparison_debug/frame_000202_weak_20260630_103902_000073.jpg
images_weak_noise_raw/weak_20260630_103903_000074.jpg,images_weak_noise_raw,203,3,0,1,2,0,0,0,1,2,0,policy_replay_lab/outputs/session_20260630_103628/analysis/old_policy_debug/frame_000203_weak_20260630_103903_000074.jpg,policy_replay_lab/outputs/session_20260630_103628/analysis/new_policy_debug/frame_000203_weak_20260630_103903_000074.jpg,policy_replay_lab/outputs/session_20260630_103628/analysis/heuristics_only_debug/frame_000203_weak_20260630_103903_000074.jpg,policy_replay_lab/outputs/session_20260630_103628/analysis/comparison_debug/frame_000203_weak_20260630_103903_000074.jpg
images_weak_noise_raw/weak_20260630_103905_000075.jpg,images_weak_noise_raw,204,2,0,2,0,0,0,0,2,0,0,policy_replay_lab/outputs/session_20260630_103628/analysis/old_policy_debug/frame_000204_weak_20260630_103905_000075.jpg,policy_replay_lab/outputs/session_20260630_103628/analysis/new_policy_debug/frame_000204_weak_20260630_103905_000075.jpg,policy_replay_lab/outputs/session_20260630_103628/analysis/heuristics_only_debug/frame_000204_weak_20260630_103905_000075.jpg,policy_replay_lab/outputs/session_20260630_103628/analysis/comparison_debug/frame_000204_weak_20260630_103905_000075.jpg
images_weak_noise_raw/weak_20260630_103907_000076.jpg,images_weak_noise_raw,205,14,0,10,4,0,0,1,9,4,0,policy_replay_lab/outputs/session_20260630_103628/analysis/old_policy_debug/frame_000205_weak_20260630_103907_000076.jpg,policy_replay_lab/outputs/session_20260630_103628/analysis/new_policy_debug/frame_000205_weak_20260630_103907_000076.jpg,policy_replay_lab/outputs/session_20260630_103628/analysis/heuristics_only_debug/frame_000205_weak_20260630_103907_000076.jpg,policy_replay_lab/outputs/session_20260630_103628/analysis/comparison_debug/frame_000205_weak_20260630_103907_000076.jpg
images_weak_noise_raw/weak_20260630_103909_000077.jpg,images_weak_noise_raw,206,10,0,8,2,0,0,0,8,2,0,policy_replay_lab/outputs/session_20260630_103628/analysis/old_policy_debug/frame_000206_weak_20260630_103909_000077.jpg,policy_replay_lab/outputs/session_20260630_103628/analysis/new_policy_debug/frame_000206_weak_20260630_103909_000077.jpg,policy_replay_lab/outputs/session_20260630_103628/analysis/heuristics_only_debug/frame_000206_weak_20260630_103909_000077.jpg,policy_replay_lab/outputs/session_20260630_103628/analysis/comparison_debug/frame_000206_weak_20260630_103909_000077.jpg
images_weak_noise_raw/weak_20260630_103910_000078.jpg,images_weak_noise_raw,207,3,0,2,1,0,0,0,2,1,0,policy_replay_lab/outputs/session_20260630_103628/analysis/old_policy_debug/frame_000207_weak_20260630_103910_000078.jpg,policy_replay_lab/outputs/session_20260630_103628/analysis/new_policy_debug/frame_000207_weak_20260630_103910_000078.jpg,policy_replay_lab/outputs/session_20260630_103628/analysis/heuristics_only_debug/frame_000207_weak_20260630_103910_000078.jpg,policy_replay_lab/outputs/session_20260630_103628/analysis/comparison_debug/frame_000207_weak_20260630_103910_000078.jpg
images_weak_noise_raw/weak_20260630_103912_000079.jpg,images_weak_noise_raw,208,4,0,4,0,0,0,0,4,0,0,policy_replay_lab/outputs/session_20260630_103628/analysis/old_policy_debug/frame_000208_weak_20260630_103912_000079.jpg,policy_replay_lab/outputs/session_20260630_103628/analysis/new_policy_debug/frame_000208_weak_20260630_103912_000079.jpg,policy_replay_lab/outputs/session_20260630_103628/analysis/heuristics_only_debug/frame_000208_weak_20260630_103912_000079.jpg,policy_replay_lab/outputs/session_20260630_103628/analysis/comparison_debug/frame_000208_weak_20260630_103912_000079.jpg
images_weak_noise_raw/weak_20260630_103915_000080.jpg,images_weak_noise_raw,209,4,0,3,1,0,0,0,3,1,0,policy_replay_lab/outputs/session_20260630_103628/analysis/old_policy_debug/frame_000209_weak_20260630_103915_000080.jpg,policy_replay_lab/outputs/session_20260630_103628/analysis/new_policy_debug/frame_000209_weak_20260630_103915_000080.jpg,policy_replay_lab/outputs/session_20260630_103628/analysis/heuristics_only_debug/frame_000209_weak_20260630_103915_000080.jpg,policy_replay_lab/outputs/session_20260630_103628/analysis/comparison_debug/frame_000209_weak_20260630_103915_000080.jpg
images_weak_noise_raw/weak_20260630_103919_000081.jpg,images_weak_noise_raw,210,13,0,12,1,0,0,1,11,1,1,policy_replay_lab/outputs/session_20260630_103628/analysis/old_policy_debug/frame_000210_weak_20260630_103919_000081.jpg,policy_replay_lab/outputs/session_20260630_103628/analysis/new_policy_debug/frame_000210_weak_20260630_103919_000081.jpg,policy_replay_lab/outputs/session_20260630_103628/analysis/heuristics_only_debug/frame_000210_weak_20260630_103919_000081.jpg,policy_replay_lab/outputs/session_20260630_103628/analysis/comparison_debug/frame_000210_weak_20260630_103919_000081.jpg
images_weak_noise_raw/weak_20260630_103920_000082.jpg,images_weak_noise_raw,211,17,0,13,4,0,0,1,12,4,1,policy_replay_lab/outputs/session_20260630_103628/analysis/old_policy_debug/frame_000211_weak_20260630_103920_000082.jpg,policy_replay_lab/outputs/session_20260630_103628/analysis/new_policy_debug/frame_000211_weak_20260630_103920_000082.jpg,policy_replay_lab/outputs/session_20260630_103628/analysis/heuristics_only_debug/frame_000211_weak_20260630_103920_000082.jpg,policy_replay_lab/outputs/session_20260630_103628/analysis/comparison_debug/frame_000211_weak_20260630_103920_000082.jpg
images_weak_noise_raw/weak_20260630_103922_000083.jpg,images_weak_noise_raw,212,18,0,14,4,0,0,0,14,4,0,policy_replay_lab/outputs/session_20260630_103628/analysis/old_policy_debug/frame_000212_weak_20260630_103922_000083.jpg,policy_replay_lab/outputs/session_20260630_103628/analysis/new_policy_debug/frame_000212_weak_20260630_103922_000083.jpg,policy_replay_lab/outputs/session_20260630_103628/analysis/heuristics_only_debug/frame_000212_weak_20260630_103922_000083.jpg,policy_replay_lab/outputs/session_20260630_103628/analysis/comparison_debug/frame_000212_weak_20260630_103922_000083.jpg
images_weak_noise_raw/weak_20260630_103923_000084.jpg,images_weak_noise_raw,213,21,0,14,7,0,0,0,14,7,1,policy_replay_lab/outputs/session_20260630_103628/analysis/old_policy_debug/frame_000213_weak_20260630_103923_000084.jpg,policy_replay_lab/outputs/session_20260630_103628/analysis/new_policy_debug/frame_000213_weak_20260630_103923_000084.jpg,policy_replay_lab/outputs/session_20260630_103628/analysis/heuristics_only_debug/frame_000213_weak_20260630_103923_000084.jpg,policy_replay_lab/outputs/session_20260630_103628/analysis/comparison_debug/frame_000213_weak_20260630_103923_000084.jpg
images_weak_noise_raw/weak_20260630_103927_000085.jpg,images_weak_noise_raw,214,8,0,3,5,0,0,0,3,5,0,policy_replay_lab/outputs/session_20260630_103628/analysis/old_policy_debug/frame_000214_weak_20260630_103927_000085.jpg,policy_replay_lab/outputs/session_20260630_103628/analysis/new_policy_debug/frame_000214_weak_20260630_103927_000085.jpg,policy_replay_lab/outputs/session_20260630_103628/analysis/heuristics_only_debug/frame_000214_weak_20260630_103927_000085.jpg,policy_replay_lab/outputs/session_20260630_103628/analysis/comparison_debug/frame_000214_weak_20260630_103927_000085.jpg
images_weak_noise_raw/weak_20260630_103928_000086.jpg,images_weak_noise_raw,215,5,0,3,2,0,1,0,2,2,0,policy_replay_lab/outputs/session_20260630_103628/analysis/old_policy_debug/frame_000215_weak_20260630_103928_000086.jpg,policy_replay_lab/outputs/session_20260630_103628/analysis/new_policy_debug/frame_000215_weak_20260630_103928_000086.jpg,policy_replay_lab/outputs/session_20260630_103628/analysis/heuristics_only_debug/frame_000215_weak_20260630_103928_000086.jpg,policy_replay_lab/outputs/session_20260630_103628/analysis/comparison_debug/frame_000215_weak_20260630_103928_000086.jpg
images_weak_noise_raw/weak_20260630_103931_000087.jpg,images_weak_noise_raw,216,5,0,3,2,0,0,1,2,2,0,policy_replay_lab/outputs/session_20260630_103628/analysis/old_policy_debug/frame_000216_weak_20260630_103931_000087.jpg,policy_replay_lab/outputs/session_20260630_103628/analysis/new_policy_debug/frame_000216_weak_20260630_103931_000087.jpg,policy_replay_lab/outputs/session_20260630_103628/analysis/heuristics_only_debug/frame_000216_weak_20260630_103931_000087.jpg,policy_replay_lab/outputs/session_20260630_103628/analysis/comparison_debug/frame_000216_weak_20260630_103931_000087.jpg
images_weak_noise_raw/weak_20260630_103932_000088.jpg,images_weak_noise_raw,217,5,1,4,0,1,0,1,3,0,0,policy_replay_lab/outputs/session_20260630_103628/analysis/old_policy_debug/frame_000217_weak_20260630_103932_000088.jpg,policy_replay_lab/outputs/session_20260630_103628/analysis/new_policy_debug/frame_000217_weak_20260630_103932_000088.jpg,policy_replay_lab/outputs/session_20260630_103628/analysis/heuristics_only_debug/frame_000217_weak_20260630_103932_000088.jpg,policy_replay_lab/outputs/session_20260630_103628/analysis/comparison_debug/frame_000217_weak_20260630_103932_000088.jpg
images_weak_noise_raw/weak_20260630_103934_000089.jpg,images_weak_noise_raw,218,4,0,3,1,0,0,0,3,1,0,policy_replay_lab/outputs/session_20260630_103628/analysis/old_policy_debug/frame_000218_weak_20260630_103934_000089.jpg,policy_replay_lab/outputs/session_20260630_103628/analysis/new_policy_debug/frame_000218_weak_20260630_103934_000089.jpg,policy_replay_lab/outputs/session_20260630_103628/analysis/heuristics_only_debug/frame_000218_weak_20260630_103934_000089.jpg,policy_replay_lab/outputs/session_20260630_103628/analysis/comparison_debug/frame_000218_weak_20260630_103934_000089.jpg
images_weak_noise_raw/weak_20260630_103935_000090.jpg,images_weak_noise_raw,219,3,0,1,2,0,1,0,0,2,0,policy_replay_lab/outputs/session_20260630_103628/analysis/old_policy_debug/frame_000219_weak_20260630_103935_000090.jpg,policy_replay_lab/outputs/session_20260630_103628/analysis/new_policy_debug/frame_000219_weak_20260630_103935_000090.jpg,policy_replay_lab/outputs/session_20260630_103628/analysis/heuristics_only_debug/frame_000219_weak_20260630_103935_000090.jpg,policy_replay_lab/outputs/session_20260630_103628/analysis/comparison_debug/frame_000219_weak_20260630_103935_000090.jpg
images_weak_noise_raw/weak_20260630_103937_000091.jpg,images_weak_noise_raw,220,5,0,4,1,0,0,1,3,1,0,policy_replay_lab/outputs/session_20260630_103628/analysis/old_policy_debug/frame_000220_weak_20260630_103937_000091.jpg,policy_replay_lab/outputs/session_20260630_103628/analysis/new_policy_debug/frame_000220_weak_20260630_103937_000091.jpg,policy_replay_lab/outputs/session_20260630_103628/analysis/heuristics_only_debug/frame_000220_weak_20260630_103937_000091.jpg,policy_replay_lab/outputs/session_20260630_103628/analysis/comparison_debug/frame_000220_weak_20260630_103937_000091.jpg
images_weak_noise_raw/weak_20260630_103951_000092.jpg,images_weak_noise_raw,221,5,0,4,1,0,0,1,3,1,0,policy_replay_lab/outputs/session_20260630_103628/analysis/old_policy_debug/frame_000221_weak_20260630_103951_000092.jpg,policy_replay_lab/outputs/session_20260630_103628/analysis/new_policy_debug/frame_000221_weak_20260630_103951_000092.jpg,policy_replay_lab/outputs/session_20260630_103628/analysis/heuristics_only_debug/frame_000221_weak_20260630_103951_000092.jpg,policy_replay_lab/outputs/session_20260630_103628/analysis/comparison_debug/frame_000221_weak_20260630_103951_000092.jpg
images_weak_noise_raw/weak_20260630_103953_000093.jpg,images_weak_noise_raw,222,5,0,2,3,0,1,1,0,3,0,policy_replay_lab/outputs/session_20260630_103628/analysis/old_policy_debug/frame_000222_weak_20260630_103953_000093.jpg,policy_replay_lab/outputs/session_20260630_103628/analysis/new_policy_debug/frame_000222_weak_20260630_103953_000093.jpg,policy_replay_lab/outputs/session_20260630_103628/analysis/heuristics_only_debug/frame_000222_weak_20260630_103953_000093.jpg,policy_replay_lab/outputs/session_20260630_103628/analysis/comparison_debug/frame_000222_weak_20260630_103953_000093.jpg
images_weak_noise_raw/weak_20260630_103958_000094.jpg,images_weak_noise_raw,223,4,0,2,2,0,1,1,0,2,0,policy_replay_lab/outputs/session_20260630_103628/analysis/old_policy_debug/frame_000223_weak_20260630_103958_000094.jpg,policy_replay_lab/outputs/session_20260630_103628/analysis/new_policy_debug/frame_000223_weak_20260630_103958_000094.jpg,policy_replay_lab/outputs/session_20260630_103628/analysis/heuristics_only_debug/frame_000223_weak_20260630_103958_000094.jpg,policy_replay_lab/outputs/session_20260630_103628/analysis/comparison_debug/frame_000223_weak_20260630_103958_000094.jpg
images_weak_noise_raw/weak_20260630_104000_000095.jpg,images_weak_noise_raw,224,4,0,2,2,0,0,1,1,2,0,policy_replay_lab/outputs/session_20260630_103628/analysis/old_policy_debug/frame_000224_weak_20260630_104000_000095.jpg,policy_replay_lab/outputs/session_20260630_103628/analysis/new_policy_debug/frame_000224_weak_20260630_104000_000095.jpg,policy_replay_lab/outputs/session_20260630_103628/analysis/heuristics_only_debug/frame_000224_weak_20260630_104000_000095.jpg,policy_replay_lab/outputs/session_20260630_103628/analysis/comparison_debug/frame_000224_weak_20260630_104000_000095.jpg
images_weak_noise_raw/weak_20260630_104001_000096.jpg,images_weak_noise_raw,225,10,0,7,3,0,0,0,7,3,0,policy_replay_lab/outputs/session_20260630_103628/analysis/old_policy_debug/frame_000225_weak_20260630_104001_000096.jpg,policy_replay_lab/outputs/session_20260630_103628/analysis/new_policy_debug/frame_000225_weak_20260630_104001_000096.jpg,policy_replay_lab/outputs/session_20260630_103628/analysis/heuristics_only_debug/frame_000225_weak_20260630_104001_000096.jpg,policy_replay_lab/outputs/session_20260630_103628/analysis/comparison_debug/frame_000225_weak_20260630_104001_000096.jpg
images_weak_noise_raw/weak_20260630_104003_000097.jpg,images_weak_noise_raw,226,13,0,7,6,0,0,0,7,6,0,policy_replay_lab/outputs/session_20260630_103628/analysis/old_policy_debug/frame_000226_weak_20260630_104003_000097.jpg,policy_replay_lab/outputs/session_20260630_103628/analysis/new_policy_debug/frame_000226_weak_20260630_104003_000097.jpg,policy_replay_lab/outputs/session_20260630_103628/analysis/heuristics_only_debug/frame_000226_weak_20260630_104003_000097.jpg,policy_replay_lab/outputs/session_20260630_103628/analysis/comparison_debug/frame_000226_weak_20260630_104003_000097.jpg
images_weak_noise_raw/weak_20260630_104004_000098.jpg,images_weak_noise_raw,227,20,0,13,7,0,0,0,13,7,0,policy_replay_lab/outputs/session_20260630_103628/analysis/old_policy_debug/frame_000227_weak_20260630_104004_000098.jpg,policy_replay_lab/outputs/session_20260630_103628/analysis/new_policy_debug/frame_000227_weak_20260630_104004_000098.jpg,policy_replay_lab/outputs/session_20260630_103628/analysis/heuristics_only_debug/frame_000227_weak_20260630_104004_000098.jpg,policy_replay_lab/outputs/session_20260630_103628/analysis/comparison_debug/frame_000227_weak_20260630_104004_000098.jpg
images_weak_noise_raw/weak_20260630_104006_000099.jpg,images_weak_noise_raw,228,12,0,10,2,0,0,0,10,2,1,policy_replay_lab/outputs/session_20260630_103628/analysis/old_policy_debug/frame_000228_weak_20260630_104006_000099.jpg,policy_replay_lab/outputs/session_20260630_103628/analysis/new_policy_debug/frame_000228_weak_20260630_104006_000099.jpg,policy_replay_lab/outputs/session_20260630_103628/analysis/heuristics_only_debug/frame_000228_weak_20260630_104006_000099.jpg,policy_replay_lab/outputs/session_20260630_103628/analysis/comparison_debug/frame_000228_weak_20260630_104006_000099.jpg
images_weak_noise_raw/weak_20260630_104007_000100.jpg,images_weak_noise_raw,229,22,0,20,2,0,0,0,20,2,1,policy_replay_lab/outputs/session_20260630_103628/analysis/old_policy_debug/frame_000229_weak_20260630_104007_000100.jpg,policy_replay_lab/outputs/session_20260630_103628/analysis/new_policy_debug/frame_000229_weak_20260630_104007_000100.jpg,policy_replay_lab/outputs/session_20260630_103628/analysis/heuristics_only_debug/frame_000229_weak_20260630_104007_000100.jpg,policy_replay_lab/outputs/session_20260630_103628/analysis/comparison_debug/frame_000229_weak_20260630_104007_000100.jpg
images_weak_noise_raw/weak_20260630_104009_000101.jpg,images_weak_noise_raw,230,14,0,10,4,0,4,1,5,4,1,policy_replay_lab/outputs/session_20260630_103628/analysis/old_policy_debug/frame_000230_weak_20260630_104009_000101.jpg,policy_replay_lab/outputs/session_20260630_103628/analysis/new_policy_debug/frame_000230_weak_20260630_104009_000101.jpg,policy_replay_lab/outputs/session_20260630_103628/analysis/heuristics_only_debug/frame_000230_weak_20260630_104009_000101.jpg,policy_replay_lab/outputs/session_20260630_103628/analysis/comparison_debug/frame_000230_weak_20260630_104009_000101.jpg
images_weak_noise_raw/weak_20260630_104011_000102.jpg,images_weak_noise_raw,231,5,0,4,1,0,0,0,4,1,0,policy_replay_lab/outputs/session_20260630_103628/analysis/old_policy_debug/frame_000231_weak_20260630_104011_000102.jpg,policy_replay_lab/outputs/session_20260630_103628/analysis/new_policy_debug/frame_000231_weak_20260630_104011_000102.jpg,policy_replay_lab/outputs/session_20260630_103628/analysis/heuristics_only_debug/frame_000231_weak_20260630_104011_000102.jpg,policy_replay_lab/outputs/session_20260630_103628/analysis/comparison_debug/frame_000231_weak_20260630_104011_000102.jpg
images_weak_noise_raw/weak_20260630_104013_000103.jpg,images_weak_noise_raw,232,3,0,2,1,0,0,0,2,1,0,policy_replay_lab/outputs/session_20260630_103628/analysis/old_policy_debug/frame_000232_weak_20260630_104013_000103.jpg,policy_replay_lab/outputs/session_20260630_103628/analysis/new_policy_debug/frame_000232_weak_20260630_104013_000103.jpg,policy_replay_lab/outputs/session_20260630_103628/analysis/heuristics_only_debug/frame_000232_weak_20260630_104013_000103.jpg,policy_replay_lab/outputs/session_20260630_103628/analysis/comparison_debug/frame_000232_weak_20260630_104013_000103.jpg
images_weak_noise_raw/weak_20260630_104014_000104.jpg,images_weak_noise_raw,233,4,0,3,1,0,0,0,3,1,0,policy_replay_lab/outputs/session_20260630_103628/analysis/old_policy_debug/frame_000233_weak_20260630_104014_000104.jpg,policy_replay_lab/outputs/session_20260630_103628/analysis/new_policy_debug/frame_000233_weak_20260630_104014_000104.jpg,policy_replay_lab/outputs/session_20260630_103628/analysis/heuristics_only_debug/frame_000233_weak_20260630_104014_000104.jpg,policy_replay_lab/outputs/session_20260630_103628/analysis/comparison_debug/frame_000233_weak_20260630_104014_000104.jpg
images_weak_noise_raw/weak_20260630_104016_000105.jpg,images_weak_noise_raw,234,37,0,26,11,0,0,0,26,11,3,policy_replay_lab/outputs/session_20260630_103628/analysis/old_policy_debug/frame_000234_weak_20260630_104016_000105.jpg,policy_replay_lab/outputs/session_20260630_103628/analysis/new_policy_debug/frame_000234_weak_20260630_104016_000105.jpg,policy_replay_lab/outputs/session_20260630_103628/analysis/heuristics_only_debug/frame_000234_weak_20260630_104016_000105.jpg,policy_replay_lab/outputs/session_20260630_103628/analysis/comparison_debug/frame_000234_weak_20260630_104016_000105.jpg
images_weak_noise_raw/weak_20260630_104018_000106.jpg,images_weak_noise_raw,235,42,0,34,8,0,1,0,33,8,3,policy_replay_lab/outputs/session_20260630_103628/analysis/old_policy_debug/frame_000235_weak_20260630_104018_000106.jpg,policy_replay_lab/outputs/session_20260630_103628/analysis/new_policy_debug/frame_000235_weak_20260630_104018_000106.jpg,policy_replay_lab/outputs/session_20260630_103628/analysis/heuristics_only_debug/frame_000235_weak_20260630_104018_000106.jpg,policy_replay_lab/outputs/session_20260630_103628/analysis/comparison_debug/frame_000235_weak_20260630_104018_000106.jpg
images_weak_noise_raw/weak_20260630_104019_000107.jpg,images_weak_noise_raw,236,3,0,2,1,0,0,0,2,1,0,policy_replay_lab/outputs/session_20260630_103628/analysis/old_policy_debug/frame_000236_weak_20260630_104019_000107.jpg,policy_replay_lab/outputs/session_20260630_103628/analysis/new_policy_debug/frame_000236_weak_20260630_104019_000107.jpg,policy_replay_lab/outputs/session_20260630_103628/analysis/heuristics_only_debug/frame_000236_weak_20260630_104019_000107.jpg,policy_replay_lab/outputs/session_20260630_103628/analysis/comparison_debug/frame_000236_weak_20260630_104019_000107.jpg
images_weak_noise_raw/weak_20260630_104021_000108.jpg,images_weak_noise_raw,237,2,0,1,1,0,0,0,1,1,0,policy_replay_lab/outputs/session_20260630_103628/analysis/old_policy_debug/frame_000237_weak_20260630_104021_000108.jpg,policy_replay_lab/outputs/session_20260630_103628/analysis/new_policy_debug/frame_000237_weak_20260630_104021_000108.jpg,policy_replay_lab/outputs/session_20260630_103628/analysis/heuristics_only_debug/frame_000237_weak_20260630_104021_000108.jpg,policy_replay_lab/outputs/session_20260630_103628/analysis/comparison_debug/frame_000237_weak_20260630_104021_000108.jpg
images_weak_noise_raw/weak_20260630_104022_000109.jpg,images_weak_noise_raw,238,6,0,5,1,0,1,0,4,1,0,policy_replay_lab/outputs/session_20260630_103628/analysis/old_policy_debug/frame_000238_weak_20260630_104022_000109.jpg,policy_replay_lab/outputs/session_20260630_103628/analysis/new_policy_debug/frame_000238_weak_20260630_104022_000109.jpg,policy_replay_lab/outputs/session_20260630_103628/analysis/heuristics_only_debug/frame_000238_weak_20260630_104022_000109.jpg,policy_replay_lab/outputs/session_20260630_103628/analysis/comparison_debug/frame_000238_weak_20260630_104022_000109.jpg
images_weak_noise_raw/weak_20260630_104024_000110.jpg,images_weak_noise_raw,239,2,0,2,0,0,0,0,2,0,0,policy_replay_lab/outputs/session_20260630_103628/analysis/old_policy_debug/frame_000239_weak_20260630_104024_000110.jpg,policy_replay_lab/outputs/session_20260630_103628/analysis/new_policy_debug/frame_000239_weak_20260630_104024_000110.jpg,policy_replay_lab/outputs/session_20260630_103628/analysis/heuristics_only_debug/frame_000239_weak_20260630_104024_000110.jpg,policy_replay_lab/outputs/session_20260630_103628/analysis/comparison_debug/frame_000239_weak_20260630_104024_000110.jpg
