session_id,image_path,image_group,frame_id,detection_id,source_type,class_id,class_name,confidence,old_status,new_status,old_reject_reason,new_reject_reason,original_class_id,original_class_name,new_class_id,new_class_name,corrected_class_id,corrected_class_name,class_corrected_by_color,correction_reason,color_correction_score,review_candidate,review_reason,mask_density,mask_area,box_area,red_ratio,orange_ratio,warm_ratio,green_yellow_ratio,bbox_x,bbox_y,bbox_w,bbox_h,promoted_by_policy,promotion_reason,heuristic_type,anchor_detection_id,anchor_bunch_class,anchor_bunch_confidence,child_detection_ids,child_count,weak_child_count,strong_child_count,weighted_child_count,ripe_evidence_score,unripe_evidence_score,dominant_maturity,heuristic_score,bbox_source
session_20260630_103628,images_ok_raw/ok_20260630_103642_000001.jpg,images_ok_raw,1,0,model,1,ripe,0.795658,weak,review,weak/noise conf 0.80<0.80,near_threshold_ripe_color_mask_support,1,ripe,1,ripe,,,False,,,True,near_threshold_ripe_color_mask_support,0.758824,8256.0,9307.879883,0.862903,0.08871,0.951613,0.048387,308.9375,646.59375,128.21875,72.59375,False,,,,,,,,,,,,,,,
session_20260630_103628,images_ok_raw/ok_20260630_103643_000002.jpg,images_ok_raw,2,3,model,2,unripe,0.827826,weak,review,weak/noise conf 0.83<0.85,near_threshold_unripe_color_mask_support,2,unripe,2,unripe,,,False,,,True,near_threshold_unripe_color_mask_support,0.691176,15040.0,19706.164062,0.0,0.0,0.0,1.0,78.8125,481.625,149.75,131.59375,False,,,,,,,,,,,,,,,
session_20260630_103628,images_ok_raw/ok_20260630_103644_000003.jpg,images_ok_raw,3,7,model,2,unripe,0.87235,weak,color_corrected,weak/noise bad_color gy=0.08,unripe_to_ripe_by_mask_color,2,unripe,1,ripe,1,ripe,True,unripe_to_ripe_by_mask_color,0.840467,False,,0.6875,17600.0,24018.9375,0.0,0.918288,0.918288,0.077821,339.0625,312.625,151.0625,159.0,False,,,,,,,,,,,,,,,
session_20260630_103628,images_ok_raw/ok_20260630_103644_000003.jpg,images_ok_raw,3,8,model,2,unripe,0.844924,weak,review,weak/noise conf 0.84<0.85,near_threshold_unripe_color_mask_support,2,unripe,2,unripe,,,False,,,True,near_threshold_unripe_color_mask_support,0.786842,19136.0,22812.955078,0.0,0.0,0.0,1.0,680.78125,338.0,152.53125,149.5625,False,,,,,,,,,,,,,,,
session_20260630_103628,images_ok_raw/ok_20260630_103644_000003.jpg,images_ok_raw,3,9,model,2,unripe,0.833324,weak,review,weak/noise conf 0.83<0.85,near_threshold_unripe_color_mask_support,2,unripe,2,unripe,,,False,,,True,near_threshold_unripe_color_mask_support,0.747863,11200.0,13981.214844,0.0,0.0,0.0,1.0,758.5,272.125,135.125,103.46875,False,,,,,,,,,,,,,,,
session_20260630_103628,images_ok_raw/ok_20260630_103644_000003.jpg,images_ok_raw,3,10,model,2,unripe,0.814053,weak,review,weak/noise conf 0.81<0.85,near_threshold_unripe_color_mask_support,2,unripe,2,unripe,,,False,,,True,near_threshold_unripe_color_mask_support,0.76,19456.0,23749.679688,0.0,0.045714,0.045714,0.96,565.5625,564.125,153.96875,154.25,False,,,,,,,,,,,,,,,
session_20260630_103628,images_ok_raw/ok_20260630_103645_000004.jpg,images_ok_raw,4,2,model,2,unripe,0.914901,strong,color_corrected,,unripe_to_ripe_by_mask_color,2,unripe,1,ripe,1,ripe,True,unripe_to_ripe_by_mask_color,0.792373,False,,0.736842,16128.0,19718.4375,0.029661,0.855932,0.885593,0.09322,356.6875,312.5625,142.5,138.375,False,,,,,,,,,,,,,,,
session_20260630_103628,images_ok_raw/ok_20260630_103645_000004.jpg,images_ok_raw,4,10,model,2,unripe,0.834406,weak,review,weak/noise conf 0.83<0.85,near_threshold_unripe_color_mask_support,2,unripe,2,unripe,,,False,,,True,near_threshold_unripe_color_mask_support,0.630037,22016.0,31017.228516,0.003356,0.073826,0.077181,0.969799,710.28125,74.3125,155.71875,199.1875,False,,,,,,,,,,,,,,,
session_20260630_103628,images_ok_raw/ok_20260630_103645_000004.jpg,images_ok_raw,4,11,model,2,unripe,0.800692,weak,review,weak/noise conf 0.80<0.85,near_threshold_unripe_color_mask_support,2,unripe,2,unripe,,,False,,,True,near_threshold_unripe_color_mask_support,0.736842,17024.0,21921.564453,0.0,0.034884,0.034884,0.953488,577.625,568.25,145.71875,150.4375,False,,,,,,,,,,,,,,,
session_20260630_103628,images_ok_raw/ok_20260630_103646_000005.jpg,images_ok_raw,5,7,model,2,unripe,0.841828,weak,review,weak/noise conf 0.84<0.85,near_threshold_unripe_color_mask_support,2,unripe,2,unripe,,,False,,,True,near_threshold_unripe_color_mask_support,0.688492,22208.0,28593.039062,0.0,0.003367,0.003367,1.0,643.28125,437.9375,182.59375,156.59375,False,,,,,,,,,,,,,,,
session_20260630_103628,images_ok_raw/ok_20260630_103646_000005.jpg,images_ok_raw,5,8,model,2,unripe,0.840784,weak,review,weak/noise conf 0.84<0.85,near_threshold_unripe_color_mask_support,2,unripe,2,unripe,,,False,,,True,near_threshold_unripe_color_mask_support,0.760234,16640.0,19643.738281,0.0,0.0,0.0,1.0,849.203125,460.09375,138.671875,141.65625,False,,,,,,,,,,,,,,,
session_20260630_103628,images_ok_raw/ok_20260630_103646_000005.jpg,images_ok_raw,5,9,model,2,unripe,0.836555,weak,color_corrected,weak/noise conf 0.84<0.85 bad_color gy=0.05,unripe_to_ripe_by_mask_color,2,unripe,1,ripe,1,ripe,True,unripe_to_ripe_by_mask_color,0.887446,False,,0.710526,15552.0,19774.570312,0.025974,0.91342,0.939394,0.051948,516.65625,434.03125,141.53125,139.71875,False,,,,,,,,,,,,,,,
session_20260630_103628,images_ok_raw/ok_20260630_103646_000005.jpg,images_ok_raw,5,10,model,2,unripe,0.819894,weak,review,weak/noise conf 0.82<0.85,near_threshold_unripe_color_mask_support,2,unripe,2,unripe,,,False,,,True,near_threshold_unripe_color_mask_support,0.774074,13376.0,15315.371094,0.0,0.0,0.0,0.971831,835.484375,604.25,134.640625,113.75,False,,,,,,,,,,,,,,,
session_20260630_103628,images_ok_raw/ok_20260630_103647_000006.jpg,images_ok_raw,6,7,model,2,unripe,0.924689,weak,color_corrected,weak/noise bad_color gy=0.05,unripe_to_ripe_by_mask_color,2,unripe,1,ripe,1,ripe,True,unripe_to_ripe_by_mask_color,0.939815,False,,0.807407,13952.0,16805.347656,0.0,0.990741,0.990741,0.050926,514.21875,600.21875,140.59375,119.53125,False,,,,,,,,,,,,,,,
session_20260630_103628,images_ok_raw/ok_20260630_103649_000008.jpg,images_ok_raw,8,5,model,2,unripe,0.877479,weak,color_corrected,weak/noise bad_color gy=0.07,unripe_to_ripe_by_mask_color,2,unripe,1,ripe,1,ripe,True,unripe_to_ripe_by_mask_color,0.917355,False,,0.716374,15680.0,19407.09375,0.004132,0.979339,0.983471,0.066116,548.1875,217.0625,140.25,138.375,False,,,,,,,,,,,,,,,
session_20260630_103628,images_ok_raw/ok_20260630_103649_000008.jpg,images_ok_raw,8,6,model,2,unripe,0.834406,weak,review,weak/noise conf 0.83<0.85,near_threshold_unripe_color_mask_support,2,unripe,2,unripe,,,False,,,True,near_threshold_unripe_color_mask_support,0.675439,14784.0,19291.972656,0.0,0.0,0.0,1.0,864.773438,388.4375,143.601562,134.34375,False,,,,,,,,,,,,,,,
session_20260630_103628,images_ok_raw/ok_20260630_103650_000009.jpg,images_ok_raw,9,1,model,2,unripe,0.803174,weak,review,weak/noise conf 0.80<0.85,near_threshold_unripe_color_mask_support,2,unripe,2,unripe,,,False,,,True,near_threshold_unripe_color_mask_support,0.760234,16640.0,19923.667969,0.0,0.0,0.0,1.0,1073.03125,316.8125,145.03125,137.375,False,,,,,,,,,,,,,,,
session_20260630_103628,images_ok_raw/ok_20260630_103653_000011.jpg,images_ok_raw,11,1,model,2,unripe,0.805633,weak,review,weak/noise conf 0.81<0.85,near_threshold_unripe_color_mask_support,2,unripe,2,unripe,,,False,,,True,near_threshold_unripe_color_mask_support,0.630556,14528.0,19916.494141,0.0,0.0,0.0,0.991453,134.6875,295.109375,145.625,136.765625,False,,,,,,,,,,,,,,,
session_20260630_103628,images_ok_raw/ok_20260630_103653_000011.jpg,images_ok_raw,11,4,model,2,unripe,0.674908,weak,color_corrected,weak/noise conf 0.67<0.85 bad_color gy=0.05,unripe_to_ripe_by_mask_color,2,unripe,1,ripe,1,ripe,True,unripe_to_ripe_by_mask_color,0.7678579999999999,False,,0.70979,12992.0,16459.523438,0.416667,0.404762,0.821429,0.053571,0.0,456.75,80.4375,204.625,False,,,,,,,,,,,,,,,
session_20260630_103628,images_ok_raw/ok_20260630_103654_000012.jpg,images_ok_raw,12,4,model,2,unripe,0.851956,weak,color_corrected,weak/noise bad_color gy=0.00,unripe_to_ripe_by_mask_color,2,unripe,1,ripe,1,ripe,True,unripe_to_ripe_by_mask_color,0.957447,False,,0.692308,6336.0,7574.238281,0.87234,0.085106,0.957447,0.0,329.4375,151.75,99.375,76.21875,False,,,,,,,,,,,,,,,
session_20260630_103628,images_ok_raw/ok_20260630_103654_000012.jpg,images_ok_raw,12,5,model,2,unripe,0.809277,weak,review,weak/noise conf 0.81<0.85,near_threshold_unripe_color_mask_support,2,unripe,2,unripe,,,False,,,True,near_threshold_unripe_color_mask_support,0.597222,2752.0,3066.18457,0.0,0.0,0.0,0.973684,446.8125,222.90625,59.71875,51.34375,False,,,,,,,,,,,,,,,
session_20260630_103628,images_ok_raw/ok_20260630_103654_000012.jpg,images_ok_raw,12,9,model,1,ripe,0.764889,weak,review,weak/noise conf 0.76<0.80,near_threshold_ripe_color_mask_support,1,ripe,1,ripe,,,False,,,True,near_threshold_ripe_color_mask_support,0.733333,4224.0,4356.371582,0.865385,0.019231,0.884615,0.019231,1046.09375,543.625,73.1875,59.523438,False,,,,,,,,,,,,,,,
session_20260630_103628,images_ok_raw/ok_20260630_103654_000012.jpg,images_ok_raw,12,13,model,2,unripe,0.677474,weak,color_corrected,weak/noise conf 0.68<0.85 bad_color gy=0.02,unripe_to_ripe_by_mask_color,2,unripe,1,ripe,1,ripe,True,unripe_to_ripe_by_mask_color,0.852459,False,,0.636364,4480.0,5377.011719,0.114754,0.754098,0.868852,0.016393,225.59375,239.9375,73.375,73.28125,False,,,,,,,,,,,,,,,
session_20260630_103628,images_ok_raw/ok_20260630_103655_000013.jpg,images_ok_raw,13,2,model,2,unripe,0.836555,weak,color_corrected,weak/noise conf 0.84<0.85 bad_color gy=0.00,unripe_to_ripe_by_mask_color,2,unripe,1,ripe,1,ripe,True,unripe_to_ripe_by_mask_color,0.960526,False,,0.630769,5248.0,6360.449219,0.868421,0.092105,0.960526,0.0,43.984375,167.4375,92.515625,68.75,False,,,,,,,,,,,,,,,
session_20260630_103628,images_ok_raw/ok_20260630_103655_000013.jpg,images_ok_raw,13,4,model,2,unripe,0.818738,weak,review,weak/noise conf 0.82<0.85,near_threshold_unripe_color_mask_support,2,unripe,2,unripe,,,False,,,True,near_threshold_unripe_color_mask_support,0.6,4992.0,6507.451172,0.0,0.134328,0.134328,0.895522,118.09375,143.1875,70.78125,91.9375,False,,,,,,,,,,,,,,,
session_20260630_103628,images_ok_raw/ok_20260630_103655_000013.jpg,images_ok_raw,13,5,model,2,unripe,0.817577,weak,review,weak/noise conf 0.82<0.85,near_threshold_unripe_color_mask_support,2,unripe,2,unripe,,,False,,,True,near_threshold_unripe_color_mask_support,0.722222,3328.0,3649.368164,0.0,0.0,0.0,1.0,105.203125,268.625,60.546875,60.273438,False,,,,,,,,,,,,,,,
session_20260630_103628,images_ok_raw/ok_20260630_103655_000013.jpg,images_ok_raw,13,6,model,2,unripe,0.81048,weak,color_corrected,weak/noise conf 0.81<0.85 bad_color gy=0.00,unripe_to_ripe_by_mask_color,2,unripe,1,ripe,1,ripe,True,unripe_to_ripe_by_mask_color,0.98,False,,0.6625,3392.0,3474.421631,0.98,0.0,0.98,0.0,686.21875,478.40625,68.609375,50.640625,False,,,,,,,,,,,,,,,
session_20260630_103628,images_ok_raw/ok_20260630_103656_000014.jpg,images_ok_raw,14,2,model,2,unripe,0.850964,weak,color_corrected,weak/noise bad_color gy=0.00,unripe_to_ripe_by_mask_color,2,unripe,1,ripe,1,ripe,True,unripe_to_ripe_by_mask_color,0.975309,False,,0.638462,5312.0,6310.234375,0.641975,0.333333,0.975309,0.0,43.5625,166.40625,92.5,68.21875,False,,,,,,,,,,,,,,,
session_20260630_103628,images_ok_raw/ok_20260630_103656_000014.jpg,images_ok_raw,14,3,model,2,unripe,0.811677,weak,review,weak/noise conf 0.81<0.85,near_threshold_unripe_color_mask_support,2,unripe,2,unripe,,,False,,,True,near_threshold_unripe_color_mask_support,0.625,2240.0,2824.115723,0.0,0.0,0.0,1.0,152.539062,235.46875,59.367188,47.570312,False,,,,,,,,,,,,,,,
session_20260630_103628,images_ok_raw/ok_20260630_103656_000014.jpg,images_ok_raw,14,5,model,2,unripe,0.791821,weak,color_corrected,weak/noise conf 0.79<0.85 bad_color gy=0.00,unripe_to_ripe_by_mask_color,2,unripe,1,ripe,1,ripe,True,unripe_to_ripe_by_mask_color,0.981818,False,,0.6875,3520.0,3592.597656,0.963636,0.018182,0.981818,0.0,685.65625,476.25,68.59375,52.375,False,,,,,,,,,,,,,,,
session_20260630_103628,images_ok_raw/ok_20260630_103656_000014.jpg,images_ok_raw,14,12,model,2,unripe,0.564099,weak,color_corrected,weak/noise conf 0.56<0.85 bad_color gy=0.00,unripe_to_ripe_by_mask_color,2,unripe,1,ripe,1,ripe,True,unripe_to_ripe_by_mask_color,1.0,False,,0.633333,3648.0,4627.365234,0.964912,0.035088,1.0,0.0,49.15625,101.921875,63.375,73.015625,False,,,,,,,,,,,,,,,
session_20260630_103628,images_ok_raw/ok_20260630_103657_000015.jpg,images_ok_raw,15,1,model,2,unripe,0.836555,weak,review,weak/noise conf 0.84<0.85,near_threshold_unripe_color_mask_support,2,unripe,2,unripe,,,False,,,True,near_threshold_unripe_color_mask_support,0.765432,3968.0,3822.265625,0.0,0.0,0.0,1.0,117.1875,247.8125,61.15625,62.5,False,,,,,,,,,,,,,,,
session_20260630_103628,images_ok_raw/ok_20260630_103657_000015.jpg,images_ok_raw,15,2,model,2,unripe,0.834406,weak,review,weak/noise conf 0.83<0.85,near_threshold_unripe_color_mask_support,2,unripe,2,unripe,,,False,,,True,near_threshold_unripe_color_mask_support,0.708333,3264.0,3705.380127,0.0,0.0,0.0,1.0,107.96875,306.734375,63.390625,58.453125,False,,,,,,,,,,,,,,,
session_20260630_103628,images_ok_raw/ok_20260630_103657_000015.jpg,images_ok_raw,15,4,model,2,unripe,0.812868,weak,review,weak/noise conf 0.81<0.85,near_threshold_unripe_color_mask_support,2,unripe,2,unripe,,,False,,,True,near_threshold_unripe_color_mask_support,0.634921,2560.0,3062.573242,0.0,0.0,0.0,1.0,163.703125,217.8125,61.328125,49.9375,False,,,,,,,,,,,,,,,
session_20260630_103628,images_ok_raw/ok_20260630_103657_000015.jpg,images_ok_raw,15,9,model,2,unripe,0.760648,weak,color_corrected,weak/noise conf 0.76<0.85 bad_color gy=0.00,unripe_to_ripe_by_mask_color,2,unripe,1,ripe,1,ripe,True,unripe_to_ripe_by_mask_color,0.962963,False,,0.7,3584.0,3646.227051,0.87037,0.092593,0.962963,0.0,694.28125,463.0625,70.671875,51.59375,False,,,,,,,,,,,,,,,
session_20260630_103628,images_ok_raw/ok_20260630_103657_000015.jpg,images_ok_raw,15,11,model,2,unripe,0.720171,weak,color_corrected,weak/noise conf 0.72<0.85 bad_color gy=0.00,unripe_to_ripe_by_mask_color,2,unripe,1,ripe,1,ripe,True,unripe_to_ripe_by_mask_color,0.987805,False,,0.759259,5248.0,6411.738281,0.743902,0.243902,0.987805,0.0,56.96875,146.90625,93.6875,68.4375,False,,,,,,,,,,,,,,,
session_20260630_103628,images_ok_raw/ok_20260630_103658_000016.jpg,images_ok_raw,16,4,model,2,unripe,0.818738,weak,review,weak/noise conf 0.82<0.85,near_threshold_unripe_color_mask_support,2,unripe,2,unripe,,,False,,,True,near_threshold_unripe_color_mask_support,0.546875,2240.0,2867.606445,0.0,0.2,0.2,0.9,85.75,149.21875,54.890625,52.242188,False,,,,,,,,,,,,,,,
session_20260630_103628,images_ok_raw/ok_20260630_103658_000016.jpg,images_ok_raw,16,8,model,2,unripe,0.690977,weak,color_corrected,weak/noise conf 0.69<0.85 bad_color gy=0.00,unripe_to_ripe_by_mask_color,2,unripe,1,ripe,1,ripe,True,unripe_to_ripe_by_mask_color,0.980392,False,,0.675,3456.0,3934.40625,0.980392,0.0,0.980392,0.0,698.328125,247.546875,72.859375,54.0,False,,,,,,,,,,,,,,,
session_20260630_103628,images_ok_raw/ok_20260630_103658_000016.jpg,images_ok_raw,16,11,model,2,unripe,0.566978,weak,color_corrected,weak/noise conf 0.57<0.85 bad_color gy=0.07,unripe_to_ripe_by_mask_color,2,unripe,1,ripe,1,ripe,True,unripe_to_ripe_by_mask_color,0.85,False,,0.697917,4288.0,4972.869141,0.266667,0.65,0.916667,0.066667,27.53125,161.15625,56.8125,87.53125,False,,,,,,,,,,,,,,,
session_20260630_103628,images_ok_raw/ok_20260630_103700_000017.jpg,images_ok_raw,17,1,model,2,unripe,0.830042,weak,review,weak/noise conf 0.83<0.85,near_threshold_unripe_color_mask_support,2,unripe,2,unripe,,,False,,,True,near_threshold_unripe_color_mask_support,0.61039,3008.0,3425.618164,0.0,0.0,0.0,1.0,1063.0,445.671875,73.71875,46.46875,False,,,,,,,,,,,,,,,
session_20260630_103628,images_ok_raw/ok_20260630_103700_000017.jpg,images_ok_raw,17,2,model,1,ripe,0.799442,weak,review,weak/noise conf 0.80<0.80,near_threshold_ripe_color_mask_support,1,ripe,1,ripe,,,False,,,True,near_threshold_ripe_color_mask_support,0.652778,3008.0,3517.255371,0.857143,0.0,0.857143,0.0,441.59375,331.3125,64.796875,54.28125,False,,,,,,,,,,,,,,,
session_20260630_103628,images_ok_raw/ok_20260630_103700_000017.jpg,images_ok_raw,17,8,model,2,unripe,0.67405,weak,color_corrected,weak/noise conf 0.67<0.85 bad_color gy=0.00,unripe_to_ripe_by_mask_color,2,unripe,1,ripe,1,ripe,True,unripe_to_ripe_by_mask_color,0.980392,False,,0.6625,3392.0,3738.639648,0.960784,0.019608,0.980392,0.0,447.96875,278.328125,71.789062,52.078125,False,,,,,,,,,,,,,,,
session_20260630_103628,images_ok_raw/ok_20260630_103701_000018.jpg,images_ok_raw,18,1,model,2,unripe,0.821044,weak,review,weak/noise conf 0.82<0.85,near_threshold_unripe_color_mask_support,2,unripe,2,unripe,,,False,,,True,near_threshold_unripe_color_mask_support,0.649351,3200.0,3719.638184,0.0,0.0,0.0,1.0,1094.9375,644.820312,76.3125,48.742188,False,,,,,,,,,,,,,,,
session_20260630_103628,images_ok_raw/ok_20260630_103701_000018.jpg,images_ok_raw,18,2,model,2,unripe,0.817577,weak,color_corrected,weak/noise conf 0.82<0.85 bad_color gy=0.00,unripe_to_ripe_by_mask_color,2,unripe,1,ripe,1,ripe,True,unripe_to_ripe_by_mask_color,1.0,False,,0.6125,3136.0,3673.942383,1.0,0.0,1.0,0.0,473.625,479.921875,71.1875,51.609375,False,,,,,,,,,,,,,,,
session_20260630_103628,images_ok_raw/ok_20260630_103708_000019.jpg,images_ok_raw,19,1,model,2,unripe,0.846959,weak,review,weak/noise conf 0.85<0.85,near_threshold_unripe_color_mask_support,2,unripe,2,unripe,,,False,,,True,near_threshold_unripe_color_mask_support,0.676768,4288.0,5188.069336,0.0,0.0,0.0,1.0,481.28125,469.0,66.59375,77.90625,False,,,,,,,,,,,,,,,
session_20260630_103628,images_ok_raw/ok_20260630_103709_000020.jpg,images_ok_raw,20,2,model,2,unripe,0.811677,weak,review,weak/noise conf 0.81<0.85,near_threshold_unripe_color_mask_support,2,unripe,2,unripe,,,False,,,True,near_threshold_unripe_color_mask_support,0.758333,5824.0,6851.355469,0.0,0.0,0.0,1.0,664.609375,487.25,78.078125,87.75,False,,,,,,,,,,,,,,,
session_20260630_103628,images_ok_raw/ok_20260630_103711_000022.jpg,images_ok_raw,22,3,model,1,ripe,0.769078,weak,review,weak/noise conf 0.77<0.80,near_threshold_ripe_color_mask_support,1,ripe,1,ripe,,,False,,,True,near_threshold_ripe_color_mask_support,0.476923,5952.0,10741.316406,0.945652,0.01087,0.956522,0.0,698.1875,301.914062,113.1875,94.898438,False,,,,,,,,,,,,,,,
session_20260630_103628,images_ok_raw/ok_20260630_103715_000026.jpg,images_ok_raw,26,3,model,1,ripe,0.783988,weak,review,weak/noise conf 0.78<0.80,near_threshold_ripe_color_mask_support,1,ripe,1,ripe,,,False,,,True,near_threshold_ripe_color_mask_support,0.46875,10560.0,20156.103516,0.975758,0.006061,0.981818,0.0,707.875,481.25,167.53125,120.3125,False,,,,,,,,,,,,,,,
session_20260630_103628,images_ok_raw/ok_20260630_103718_000029.jpg,images_ok_raw,29,1,model,2,unripe,0.806853,weak,review,weak/noise conf 0.81<0.85,near_threshold_unripe_color_mask_support,2,unripe,2,unripe,,,False,,,True,near_threshold_unripe_color_mask_support,0.809524,3264.0,3697.040771,0.0,0.0,0.0,1.0,978.21875,489.90625,68.742188,53.78125,False,,,,,,,,,,,,,,,
session_20260630_103628,images_ok_raw/ok_20260630_103718_000029.jpg,images_ok_raw,29,2,model,1,ripe,0.787931,weak,review,weak/noise conf 0.79<0.80,near_threshold_ripe_color_mask_support,1,ripe,1,ripe,,,False,,,True,near_threshold_ripe_color_mask_support,0.753846,6272.0,7304.353516,1.0,0.0,1.0,0.0,200.59375,265.648438,103.09375,70.851562,False,,,,,,,,,,,,,,,
session_20260630_103628,images_ok_raw/ok_20260630_103720_000030.jpg,images_ok_raw,30,1,model,2,unripe,0.840784,weak,review,weak/noise conf 0.84<0.85,near_threshold_unripe_color_mask_support,2,unripe,2,unripe,,,False,,,True,near_threshold_unripe_color_mask_support,0.6125,3136.0,3889.682617,0.0,0.0,0.0,1.0,686.96875,292.6875,67.8125,57.359375,False,,,,,,,,,,,,,,,
session_20260630_103628,images_ok_raw/ok_20260630_103720_000030.jpg,images_ok_raw,30,2,model,2,unripe,0.801936,weak,review,weak/noise conf 0.80<0.85,near_threshold_unripe_color_mask_support,2,unripe,2,unripe,,,False,,,True,near_threshold_unripe_color_mask_support,0.680556,3136.0,3331.244873,0.0,0.0,0.0,0.977273,726.71875,341.109375,61.671875,54.015625,False,,,,,,,,,,,,,,,
session_20260630_103628,images_ok_raw/ok_20260630_103721_000031.jpg,images_ok_raw,31,0,model,2,unripe,0.849971,weak,review,weak/noise conf 0.85<0.85,near_threshold_unripe_color_mask_support,2,unripe,2,unripe,,,False,,,True,near_threshold_unripe_color_mask_support,0.555556,2560.0,3260.632324,0.0,0.0,0.0,1.0,630.8125,285.40625,59.453125,54.84375,False,,,,,,,,,,,,,,,
session_20260630_103628,images_ok_raw/ok_20260630_103721_000031.jpg,images_ok_raw,31,1,model,2,unripe,0.833324,weak,review,weak/noise conf 0.83<0.85,near_threshold_unripe_color_mask_support,2,unripe,2,unripe,,,False,,,True,near_threshold_unripe_color_mask_support,0.694444,3200.0,3927.048828,0.0,0.0,0.0,1.0,576.15625,291.84375,68.046875,57.710938,False,,,,,,,,,,,,,,,
session_20260630_103628,images_ok_raw/ok_20260630_103722_000032.jpg,images_ok_raw,32,1,model,2,unripe,0.82671,weak,review,weak/noise conf 0.83<0.85,near_threshold_unripe_color_mask_support,2,unripe,2,unripe,,,False,,,True,near_threshold_unripe_color_mask_support,0.625,2560.0,3309.824707,0.0,0.0,0.0,1.0,603.09375,313.40625,59.203125,55.90625,False,,,,,,,,,,,,,,,
session_20260630_103628,images_ok_raw/ok_20260630_103722_000032.jpg,images_ok_raw,32,2,model,2,unripe,0.811677,weak,review,weak/noise conf 0.81<0.85,near_threshold_unripe_color_mask_support,2,unripe,2,unripe,,,False,,,True,near_threshold_unripe_color_mask_support,0.6375,3264.0,3967.036377,0.0,0.0,0.0,1.0,469.25,332.765625,74.171875,53.484375,False,,,,,,,,,,,,,,,
session_20260630_103628,images_ok_raw/ok_20260630_103723_000033.jpg,images_ok_raw,33,3,model,2,unripe,0.822188,weak,review,weak/noise conf 0.82<0.85,near_threshold_unripe_color_mask_support,2,unripe,2,unripe,,,False,,,True,near_threshold_unripe_color_mask_support,0.625,2880.0,3488.071289,0.0,0.0,0.0,1.0,355.65625,422.921875,63.4375,54.984375,False,,,,,,,,,,,,,,,
session_20260630_103628,images_ok_raw/ok_20260630_103723_000033.jpg,images_ok_raw,33,4,model,2,unripe,0.805633,weak,review,weak/noise conf 0.81<0.85,near_threshold_unripe_color_mask_support,2,unripe,2,unripe,,,False,,,True,near_threshold_unripe_color_mask_support,0.567901,2944.0,3842.468262,0.0,0.0,0.0,1.0,426.0,558.5625,65.578125,58.59375,False,,,,,,,,,,,,,,,
session_20260630_103628,images_ok_raw/ok_20260630_103724_000034.jpg,images_ok_raw,34,3,model,2,unripe,0.837621,weak,review,weak/noise conf 0.84<0.85,near_threshold_unripe_color_mask_support,2,unripe,2,unripe,,,False,,,True,near_threshold_unripe_color_mask_support,0.675,5184.0,6255.863281,0.0,0.0,0.0,0.982143,243.5625,413.25,92.125,67.90625,False,,,,,,,,,,,,,,,
session_20260630_103628,images_ok_raw/ok_20260630_103724_000034.jpg,images_ok_raw,34,4,model,2,unripe,0.834406,weak,review,weak/noise conf 0.83<0.85,near_threshold_unripe_color_mask_support,2,unripe,2,unripe,,,False,,,True,near_threshold_unripe_color_mask_support,0.6625,3392.0,4388.183594,0.0,0.0,0.0,1.0,297.84375,467.875,74.21875,59.125,False,,,,,,,,,,,,,,,
session_20260630_103628,images_ok_raw/ok_20260630_103726_000036.jpg,images_ok_raw,36,1,model,2,unripe,0.848973,weak,review,weak/noise conf 0.85<0.85,near_threshold_unripe_color_mask_support,2,unripe,2,unripe,,,False,,,True,near_threshold_unripe_color_mask_support,0.634615,6336.0,8771.854492,0.0,0.0,0.0,1.0,396.0,544.90625,91.34375,96.03125,False,,,,,,,,,,,,,,,
session_20260630_103628,images_ok_raw/ok_20260630_103726_000036.jpg,images_ok_raw,36,2,model,2,unripe,0.840784,weak,review,weak/noise conf 0.84<0.85,near_threshold_unripe_color_mask_support,2,unripe,2,unripe,,,False,,,True,near_threshold_unripe_color_mask_support,0.766667,8832.0,10193.234375,0.0,0.0,0.0,1.0,424.0625,631.9375,115.75,88.0625,False,,,,,,,,,,,,,,,
session_20260630_103628,images_ok_raw/ok_20260630_103727_000037.jpg,images_ok_raw,37,6,model,2,unripe,0.849971,weak,review,weak/noise conf 0.85<0.85,near_threshold_unripe_color_mask_support,2,unripe,2,unripe,,,False,,,True,near_threshold_unripe_color_mask_support,0.611111,3520.0,4575.118164,0.0,0.0,0.0,1.0,369.125,493.46875,66.15625,69.15625,False,,,,,,,,,,,,,,,
session_20260630_103628,images_ok_raw/ok_20260630_103728_000038.jpg,images_ok_raw,38,4,model,2,unripe,0.816406,weak,review,weak/noise conf 0.82<0.85,near_threshold_unripe_color_mask_support,2,unripe,2,unripe,,,False,,,True,near_threshold_unripe_color_mask_support,0.793651,3200.0,3116.539551,0.0,0.0,0.0,1.0,212.015625,506.6875,65.171875,47.820312,False,,,,,,,,,,,,,,,
session_20260630_103628,images_ok_raw/ok_20260630_103729_000039.jpg,images_ok_raw,39,3,model,2,unripe,0.841828,weak,review,weak/noise conf 0.84<0.85,near_threshold_unripe_color_mask_support,2,unripe,2,unripe,,,False,,,True,near_threshold_unripe_color_mask_support,0.688889,3968.0,4350.038086,0.0,0.0,0.0,1.0,157.46875,198.25,72.9375,59.640625,False,,,,,,,,,,,,,,,
session_20260630_103628,images_ok_raw/ok_20260630_103729_000039.jpg,images_ok_raw,39,4,model,2,unripe,0.836555,weak,review,weak/noise conf 0.84<0.85,near_threshold_unripe_color_mask_support,2,unripe,2,unripe,,,False,,,True,near_threshold_unripe_color_mask_support,0.565657,3584.0,4704.803711,0.0,0.0,0.0,1.0,78.65625,141.671875,76.171875,61.765625,False,,,,,,,,,,,,,,,
session_20260630_103628,images_ok_raw/ok_20260630_103729_000039.jpg,images_ok_raw,39,5,model,2,unripe,0.800692,weak,review,weak/noise conf 0.80<0.85,near_threshold_unripe_color_mask_support,2,unripe,2,unripe,,,False,,,True,near_threshold_unripe_color_mask_support,0.686869,4352.0,5465.810547,0.0,0.0,0.0,1.0,158.15625,282.59375,80.9375,67.53125,False,,,,,,,,,,,,,,,
session_20260630_103628,images_ok_raw/ok_20260630_103734_000040.jpg,images_ok_raw,40,0,model,2,unripe,0.847969,weak,review,weak/noise conf 0.85<0.85,near_threshold_unripe_color_mask_support,2,unripe,2,unripe,,,False,,,True,near_threshold_unripe_color_mask_support,0.633333,3648.0,4928.560059,0.0,0.0,0.0,1.0,668.71875,264.09375,69.203125,71.21875,False,,,,,,,,,,,,,,,
session_20260630_103628,images_ok_raw/ok_20260630_103751_000041.jpg,images_ok_raw,41,1,model,2,unripe,0.837621,weak,color_corrected,weak/noise conf 0.84<0.85 bad_color gy=0.00,unripe_to_ripe_by_mask_color,2,unripe,1,ripe,1,ripe,True,unripe_to_ripe_by_mask_color,1.0,False,,0.678322,6208.0,7692.254883,0.85567,0.14433,1.0,0.0,541.34375,582.03125,93.84375,81.96875,False,,,,,,,,,,,,,,,
session_20260630_103628,images_ok_raw/ok_20260630_103751_000041.jpg,images_ok_raw,41,2,model,1,ripe,0.763481,weak,review,weak/noise conf 0.76<0.80,near_threshold_ripe_color_mask_support,1,ripe,1,ripe,,,False,,,True,near_threshold_ripe_color_mask_support,0.661538,5504.0,6951.75,0.965116,0.011628,0.976744,0.0,564.46875,229.53125,74.75,93.0,False,,,,,,,,,,,,,,,
session_20260630_103628,images_ok_raw/ok_20260630_103751_000041.jpg,images_ok_raw,41,4,model,2,unripe,0.732591,weak,color_corrected,weak/noise conf 0.73<0.85 bad_color gy=0.07,unripe_to_ripe_by_mask_color,2,unripe,1,ripe,1,ripe,True,unripe_to_ripe_by_mask_color,0.8909090000000001,False,,0.611111,3520.0,4419.740234,0.036364,0.927273,0.963636,0.072727,559.34375,512.671875,61.265625,72.140625,False,,,,,,,,,,,,,,,
session_20260630_103628,images_ok_raw/ok_20260630_103753_000043.jpg,images_ok_raw,43,2,model,2,unripe,0.861536,weak,color_corrected,weak/noise bad_color gy=0.08,unripe_to_ripe_by_mask_color,2,unripe,1,ripe,1,ripe,True,unripe_to_ripe_by_mask_color,0.90909,False,,0.59375,8512.0,11706.21582,0.492424,0.492424,0.984848,0.075758,503.453125,473.25,113.171875,103.4375,False,,,,,,,,,,,,,,,
session_20260630_103628,images_ok_raw/ok_20260630_103753_000043.jpg,images_ok_raw,43,3,model,1,ripe,0.796925,weak,review,weak/noise conf 0.80<0.80,near_threshold_ripe_color_mask_support,1,ripe,1,ripe,,,False,,,True,near_threshold_ripe_color_mask_support,0.605536,11200.0,15986.191406,0.790419,0.107784,0.898204,0.08982,655.6875,372.125,125.9375,126.9375,False,,,,,,,,,,,,,,,
session_20260630_103628,images_ok_raw/ok_20260630_103753_000043.jpg,images_ok_raw,43,4,model,2,unripe,0.771842,weak,color_corrected,weak/noise conf 0.77<0.85 bad_color gy=0.00,unripe_to_ripe_by_mask_color,2,unripe,1,ripe,1,ripe,True,unripe_to_ripe_by_mask_color,1.0,False,,0.645833,5952.0,8482.630859,0.817204,0.182796,1.0,0.0,432.46875,529.3125,92.359375,91.84375,False,,,,,,,,,,,,,,,
session_20260630_103628,images_ok_raw/ok_20260630_103755_000045.jpg,images_ok_raw,45,2,model,1,ripe,0.775945,weak,review,weak/noise conf 0.78<0.80,near_threshold_ripe_color_mask_support,1,ripe,1,ripe,,,False,,,True,near_threshold_ripe_color_mask_support,0.639706,11136.0,15040.703125,0.760736,0.116564,0.877301,0.104294,1034.375,374.96875,122.5,122.78125,False,,,,,,,,,,,,,,,
session_20260630_103628,images_ok_raw/ok_20260630_103757_000047.jpg,images_ok_raw,47,4,model,2,unripe,0.866132,weak,color_corrected,weak/noise bad_color gy=0.07,unripe_to_ripe_by_mask_color,2,unripe,1,ripe,1,ripe,True,unripe_to_ripe_by_mask_color,0.929577,False,,0.645455,4544.0,5474.60498,0.056338,0.943662,1.0,0.070423,710.25,538.59375,70.328125,77.84375,False,,,,,,,,,,,,,,,
session_20260630_103628,images_ok_raw/ok_20260630_103757_000047.jpg,images_ok_raw,47,5,model,2,unripe,0.804406,weak,color_corrected,weak/noise conf 0.80<0.85 bad_color gy=0.00,unripe_to_ripe_by_mask_color,2,unripe,1,ripe,1,ripe,True,unripe_to_ripe_by_mask_color,1.0,False,,0.68718,8576.0,10718.707031,0.947761,0.052239,1.0,0.0,687.28125,620.15625,111.21875,96.375,False,,,,,,,,,,,,,,,
session_20260630_103628,images_ok_raw/ok_20260630_103757_000047.jpg,images_ok_raw,47,6,model,1,ripe,0.798187,weak,review,weak/noise conf 0.80<0.80,near_threshold_ripe_color_mask_support,1,ripe,1,ripe,,,False,,,True,near_threshold_ripe_color_mask_support,0.674107,9664.0,12135.498047,0.441379,0.393103,0.834483,0.268966,668.1875,437.75,123.28125,98.4375,False,,,,,,,,,,,,,,,
session_20260630_103628,images_ok_raw/ok_20260630_103758_000048.jpg,images_ok_raw,48,0,model,2,unripe,0.85585,weak,color_corrected,weak/noise bad_color gy=0.00,unripe_to_ripe_by_mask_color,2,unripe,1,ripe,1,ripe,True,unripe_to_ripe_by_mask_color,1.0,False,,0.704545,7936.0,9859.944336,0.927419,0.072581,1.0,0.0,317.765625,634.625,116.234375,84.828125,False,,,,,,,,,,,,,,,
session_20260630_103628,images_ok_raw/ok_20260630_103758_000048.jpg,images_ok_raw,48,2,model,2,unripe,0.795658,weak,color_corrected,weak/noise conf 0.80<0.85 bad_color gy=0.07,unripe_to_ripe_by_mask_color,2,unripe,1,ripe,1,ripe,True,unripe_to_ripe_by_mask_color,0.9166669999999999,False,,0.654545,4608.0,5584.508301,0.055556,0.930556,0.986111,0.069444,341.96875,555.09375,71.453125,78.15625,False,,,,,,,,,,,,,,,
session_20260630_103628,images_ok_raw/ok_20260630_103758_000048.jpg,images_ok_raw,48,3,model,1,ripe,0.766291,weak,review,weak/noise conf 0.77<0.80,near_threshold_ripe_color_mask_support,1,ripe,1,ripe,,,False,,,True,near_threshold_ripe_color_mask_support,0.766234,7552.0,9041.828125,0.991525,0.008475,1.0,0.0,345.25,221.28125,85.25,106.0625,False,,,,,,,,,,,,,,,
session_20260630_103628,images_ok_raw/ok_20260630_103758_000048.jpg,images_ok_raw,48,8,model,2,unripe,0.672331,weak,color_corrected,weak/noise conf 0.67<0.85 bad_color gy=0.00,unripe_to_ripe_by_mask_color,2,unripe,1,ripe,1,ripe,True,unripe_to_ripe_by_mask_color,1.0,False,,0.685185,4736.0,5679.741211,0.445946,0.554054,1.0,0.0,1171.46875,109.4375,89.6875,63.328125,False,,,,,,,,,,,,,,,
session_20260630_103628,images_ok_raw/ok_20260630_103758_000048.jpg,images_ok_raw,48,10,model,2,unripe,0.569853,weak,color_corrected,weak/noise conf 0.57<0.85 bad_color gy=0.00,unripe_to_ripe_by_mask_color,2,unripe,1,ripe,1,ripe,True,unripe_to_ripe_by_mask_color,0.970588,False,,0.561983,4352.0,6154.05957,0.955882,0.014706,0.970588,0.0,1116.3125,53.59375,80.28125,76.65625,False,,,,,,,,,,,,,,,
session_20260630_103628,images_ok_raw/ok_20260630_103759_000049.jpg,images_ok_raw,49,2,model,2,unripe,0.87235,weak,color_corrected,weak/noise bad_color gy=0.04,unripe_to_ripe_by_mask_color,2,unripe,1,ripe,1,ripe,True,unripe_to_ripe_by_mask_color,0.9459449999999999,False,,0.685185,4736.0,5805.818359,0.391892,0.594595,0.986486,0.040541,918.5,113.90625,89.40625,64.9375,False,,,,,,,,,,,,,,,
session_20260630_103628,images_ok_raw/ok_20260630_103759_000049.jpg,images_ok_raw,49,3,model,1,ripe,0.798187,weak,review,weak/noise conf 0.80<0.80,near_threshold_ripe_color_mask_support,1,ripe,1,ripe,,,False,,,True,near_threshold_ripe_color_mask_support,0.698225,7552.0,9619.210938,0.966102,0.016949,0.983051,0.0,120.0625,362.3125,97.75,98.40625,False,,,,,,,,,,,,,,,
session_20260630_103628,images_ok_raw/ok_20260630_103759_000049.jpg,images_ok_raw,49,7,model,2,unripe,0.767687,weak,color_corrected,weak/noise conf 0.77<0.85 bad_color gy=0.00,unripe_to_ripe_by_mask_color,2,unripe,1,ripe,1,ripe,True,unripe_to_ripe_by_mask_color,1.0,False,,0.725,7424.0,8518.168945,0.887931,0.112069,1.0,0.0,69.25,645.890625,116.5625,73.078125,False,,,,,,,,,,,,,,,
session_20260630_103628,images_ok_raw/ok_20260630_103759_000049.jpg,images_ok_raw,49,10,model,2,unripe,0.653127,weak,color_corrected,weak/noise conf 0.65<0.85 bad_color gy=0.00,unripe_to_ripe_by_mask_color,2,unripe,1,ripe,1,ripe,True,unripe_to_ripe_by_mask_color,1.0,False,,0.636364,4480.0,6011.588867,0.942029,0.057971,1.0,0.0,860.40625,61.25,83.421875,72.0625,False,,,,,,,,,,,,,,,
session_20260630_103628,images_ok_raw/ok_20260630_103802_000050.jpg,images_ok_raw,50,0,model,2,unripe,0.867934,weak,color_corrected,weak/noise bad_color gy=0.02,unripe_to_ripe_by_mask_color,2,unripe,1,ripe,1,ripe,True,unripe_to_ripe_by_mask_color,0.984925,False,,0.740741,12800.0,16023.164062,0.482412,0.517588,1.0,0.015075,808.0625,121.96875,143.625,111.5625,False,,,,,,,,,,,,,,,
session_20260630_103628,images_ok_raw/ok_20260630_103802_000050.jpg,images_ok_raw,50,2,model,1,ripe,0.791821,weak,review,weak/noise conf 0.79<0.80,near_threshold_ripe_color_mask_support,1,ripe,1,ripe,,,False,,,True,near_threshold_ripe_color_mask_support,0.684028,12608.0,16511.304688,0.915344,0.047619,0.962963,0.0,711.875,41.9375,135.546875,121.8125,False,,,,,,,,,,,,,,,
session_20260630_103628,images_ok_raw/ok_20260630_103803_000051.jpg,images_ok_raw,51,1,model,2,unripe,0.87579,weak,color_corrected,weak/noise bad_color gy=0.03,unripe_to_ripe_by_mask_color,2,unripe,1,ripe,1,ripe,True,unripe_to_ripe_by_mask_color,0.972477,False,,0.605556,6976.0,8614.204102,0.495413,0.504587,1.0,0.027523,757.90625,287.4375,106.71875,80.71875,False,,,,,,,,,,,,,,,
session_20260630_103628,images_ok_raw/ok_20260630_103803_000051.jpg,images_ok_raw,51,3,model,1,ripe,0.793106,weak,review,weak/noise conf 0.79<0.80,near_threshold_ripe_color_mask_support,1,ripe,1,ripe,,,False,,,True,near_threshold_ripe_color_mask_support,0.714286,7680.0,8916.777344,0.915254,0.050847,0.966102,0.0,753.109375,118.5,107.390625,83.03125,False,,,,,,,,,,,,,,,
session_20260630_103628,images_ok_raw/ok_20260630_103805_000052.jpg,images_ok_raw,52,1,model,2,unripe,0.868828,weak,color_corrected,weak/noise bad_color gy=0.01,unripe_to_ripe_by_mask_color,2,unripe,1,ripe,1,ripe,True,unripe_to_ripe_by_mask_color,0.985915,False,,0.717172,4544.0,5385.904297,0.408451,0.591549,1.0,0.014085,976.484375,299.703125,84.921875,63.421875,False,,,,,,,,,,,,,,,
session_20260630_103628,images_ok_raw/ok_20260630_103805_000052.jpg,images_ok_raw,52,3,model,2,unripe,0.825588,weak,color_corrected,weak/noise conf 0.83<0.85 bad_color gy=0.01,unripe_to_ripe_by_mask_color,2,unripe,1,ripe,1,ripe,True,unripe_to_ripe_by_mask_color,0.970588,False,,0.583333,4480.0,5931.536133,0.941176,0.044118,0.985294,0.014706,917.8125,245.46875,82.6875,71.734375,False,,,,,,,,,,,,,,,
session_20260630_103628,images_ok_raw/ok_20260630_103805_000052.jpg,images_ok_raw,52,4,model,2,unripe,0.818738,weak,review,weak/noise conf 0.82<0.85,near_threshold_unripe_color_mask_support,2,unripe,2,unripe,,,False,,,True,near_threshold_unripe_color_mask_support,0.755556,4352.0,5574.639648,0.0,0.0,0.0,1.0,1001.265625,384.5,78.671875,70.859375,False,,,,,,,,,,,,,,,
session_20260630_103628,images_ok_raw/ok_20260630_103805_000052.jpg,images_ok_raw,52,5,model,2,unripe,0.804406,weak,review,weak/noise conf 0.80<0.85,near_threshold_unripe_color_mask_support,2,unripe,2,unripe,,,False,,,True,near_threshold_unripe_color_mask_support,0.5625,2304.0,2642.782227,0.030303,0.030303,0.060606,0.939394,956.0625,351.90625,53.96875,48.96875,False,,,,,,,,,,,,,,,
session_20260630_103628,images_ok_raw/ok_20260630_103809_000053.jpg,images_ok_raw,53,0,model,1,ripe,0.787931,weak,review,weak/noise conf 0.79<0.80,near_threshold_ripe_color_mask_support,1,ripe,1,ripe,,,False,,,True,near_threshold_ripe_color_mask_support,0.6875,9152.0,12280.543945,0.81203,0.150376,0.962406,0.0,633.5625,364.21875,101.78125,120.65625,False,,,,,,,,,,,,,,,
session_20260630_103628,images_ok_raw/ok_20260630_103813_000056.jpg,images_ok_raw,56,0,model,2,unripe,0.848973,weak,review,weak/noise conf 0.85<0.85,near_threshold_unripe_color_mask_support,2,unripe,2,unripe,,,False,,,True,near_threshold_unripe_color_mask_support,0.6875,3520.0,4330.584961,0.0,0.654545,0.654545,0.763636,817.5,488.546875,74.046875,58.484375,False,,,,,,,,,,,,,,,
session_20260630_103628,images_ok_raw/ok_20260630_103813_000056.jpg,images_ok_raw,56,1,model,2,unripe,0.774583,weak,color_corrected,weak/noise conf 0.77<0.85 bad_color gy=0.00,unripe_to_ripe_by_mask_color,2,unripe,1,ripe,1,ripe,True,unripe_to_ripe_by_mask_color,1.0,False,,0.644444,3712.0,4665.150391,0.157895,0.842105,1.0,0.0,619.203125,418.59375,69.515625,67.109375,False,,,,,,,,,,,,,,,
session_20260630_103628,images_ok_raw/ok_20260630_103814_000057.jpg,images_ok_raw,57,1,model,2,unripe,0.757793,weak,color_corrected,weak/noise conf 0.76<0.85 bad_color gy=0.00,unripe_to_ripe_by_mask_color,2,unripe,1,ripe,1,ripe,True,unripe_to_ripe_by_mask_color,0.982759,False,,0.58,3712.0,4679.560547,0.103448,0.87931,0.982759,0.0,836.46875,414.5625,69.375,67.453125,False,,,,,,,,,,,,,,,
session_20260630_103628,images_ok_raw/ok_20260630_103814_000057.jpg,images_ok_raw,57,4,model,2,unripe,0.677474,weak,color_corrected,weak/noise conf 0.68<0.85 bad_color gy=0.00,unripe_to_ripe_by_mask_color,2,unripe,1,ripe,1,ripe,True,unripe_to_ripe_by_mask_color,1.0,False,,0.63,4032.0,5201.542969,0.968254,0.031746,1.0,0.0,775.5625,382.125,71.4375,72.8125,False,,,,,,,,,,,,,,,
session_20260630_103628,images_ok_raw/ok_20260630_103814_000057.jpg,images_ok_raw,57,6,model,2,unripe,0.588889,weak,color_corrected,weak/noise conf 0.59<0.85 bad_color gy=0.00,unripe_to_ripe_by_mask_color,2,unripe,1,ripe,1,ripe,True,unripe_to_ripe_by_mask_color,0.969231,False,,0.65,4160.0,4953.718262,0.892308,0.076923,0.969231,0.0,764.296875,539.84375,70.234375,70.53125,False,,,,,,,,,,,,,,,
session_20260630_103628,images_ok_raw/ok_20260630_103835_000058.jpg,images_ok_raw,58,0,model,2,unripe,0.848973,weak,review,weak/noise conf 0.85<0.85,near_threshold_unripe_color_mask_support,2,unripe,2,unripe,,,False,,,True,near_threshold_unripe_color_mask_support,0.686869,4352.0,5337.441406,0.0,0.0,0.0,0.980769,453.734375,496.171875,61.515625,86.765625,False,,,,,,,,,,,,,,,
session_20260630_103628,images_ok_raw/ok_20260630_103836_000059.jpg,images_ok_raw,59,0,model,1,ripe,0.766291,weak,review,weak/noise conf 0.77<0.80,near_threshold_ripe_color_mask_support,1,ripe,1,ripe,,,False,,,True,near_threshold_ripe_color_mask_support,0.710744,5504.0,6543.140625,0.988095,0.0,0.988095,0.0,465.96875,342.75,85.53125,76.5,False,,,,,,,,,,,,,,,
session_20260630_103628,images_ok_raw/ok_20260630_103836_000059.jpg,images_ok_raw,59,2,model,2,unripe,0.665411,weak,color_corrected,weak/noise conf 0.67<0.85,unripe_to_ripe_by_mask_color,2,unripe,1,ripe,1,ripe,True,unripe_to_ripe_by_mask_color,0.818182,False,,0.643939,5440.0,6583.725586,0.792208,0.116883,0.909091,0.090909,567.625,550.25,77.171875,85.3125,False,,,,,,,,,,,,,,,
session_20260630_103628,images_ok_raw/ok_20260630_103837_000060.jpg,images_ok_raw,60,1,model,2,unripe,0.886417,strong,color_corrected,,unripe_to_ripe_by_mask_color,2,unripe,1,ripe,1,ripe,True,unripe_to_ripe_by_mask_color,0.7881360000000001,False,,0.672222,7744.0,10152.091797,0.711864,0.186441,0.898305,0.110169,560.6875,446.3125,113.3125,89.59375,False,,,,,,,,,,,,,,,
session_20260630_103628,images_ok_raw/ok_20260630_103837_000060.jpg,images_ok_raw,60,3,model,2,unripe,0.854884,strong,color_corrected,,unripe_to_ripe_by_mask_color,2,unripe,1,ripe,1,ripe,True,unripe_to_ripe_by_mask_color,0.7023809999999999,False,,0.725,5568.0,6649.513184,0.690476,0.166667,0.857143,0.154762,832.015625,347.40625,76.734375,86.65625,False,,,,,,,,,,,,,,,
session_20260630_103628,images_ok_raw/ok_20260630_103837_000060.jpg,images_ok_raw,60,5,model,1,ripe,0.785308,weak,review,weak/noise conf 0.79<0.80,near_threshold_ripe_color_mask_support,1,ripe,1,ripe,,,False,,,True,near_threshold_ripe_color_mask_support,0.740741,5120.0,5900.354492,0.805556,0.166667,0.972222,0.027778,792.5625,254.953125,70.046875,84.234375,False,,,,,,,,,,,,,,,
session_20260630_103628,images_ok_raw/ok_20260630_103838_000061.jpg,images_ok_raw,61,2,model,2,unripe,0.901923,strong,color_corrected,,unripe_to_ripe_by_mask_color,2,unripe,1,ripe,1,ripe,True,unripe_to_ripe_by_mask_color,0.748634,False,,0.685185,11840.0,14915.3125,0.601093,0.273224,0.874317,0.125683,546.1875,462.1875,135.59375,110.0,False,,,,,,,,,,,,,,,
session_20260630_103628,images_ok_raw/ok_20260630_103838_000061.jpg,images_ok_raw,61,3,model,2,unripe,0.887981,strong,color_corrected,,unripe_to_ripe_by_mask_color,2,unripe,1,ripe,1,ripe,True,unripe_to_ripe_by_mask_color,0.784483,False,,0.681319,7936.0,9660.46875,0.603448,0.284483,0.887931,0.103448,871.625,344.96875,92.5,104.4375,False,,,,,,,,,,,,,,,
session_20260630_103628,images_ok_raw/ok_20260630_103839_000062.jpg,images_ok_raw,62,1,model,2,unripe,0.917305,strong,color_corrected,,unripe_to_ripe_by_mask_color,2,unripe,1,ripe,1,ripe,True,unripe_to_ripe_by_mask_color,0.792332,False,,0.729545,20544.0,25395.035156,0.648562,0.252396,0.900958,0.108626,509.6875,503.4375,169.9375,149.4375,False,,,,,,,,,,,,,,,
session_20260630_103628,images_ok_raw/ok_20260630_103839_000062.jpg,images_ok_raw,62,3,model,2,unripe,0.743169,weak,color_corrected,weak/noise conf 0.74<0.85,unripe_to_ripe_by_mask_color,2,unripe,1,ripe,1,ripe,True,unripe_to_ripe_by_mask_color,0.48000000000000004,False,,0.683007,53504.0,72351.867188,0.2275,0.5625,0.79,0.31,518.75,201.0,274.125,263.9375,False,,,,,,,,,,,,,,,
session_20260630_103628,images_ok_raw/ok_20260630_103839_000062.jpg,images_ok_raw,62,7,model,2,unripe,0.566978,weak,color_corrected,weak/noise conf 0.57<0.85,unripe_to_ripe_by_mask_color,2,unripe,1,ripe,1,ripe,True,unripe_to_ripe_by_mask_color,0.681416,False,,0.733746,15168.0,18701.453125,0.575221,0.261062,0.836283,0.154867,955.90625,339.75,128.78125,145.21875,False,,,,,,,,,,,,,,,
session_20260630_103628,images_ok_raw/ok_20260630_103840_000063.jpg,images_ok_raw,63,2,model,2,unripe,0.769078,weak,color_corrected,weak/noise conf 0.77<0.85,unripe_to_ripe_by_mask_color,2,unripe,1,ripe,1,ripe,True,unripe_to_ripe_by_mask_color,0.756923,False,,0.740909,20864.0,25842.320312,0.633846,0.252308,0.886154,0.129231,217.46875,531.96875,172.03125,150.21875,False,,,,,,,,,,,,,,,
session_20260630_103628,images_ok_raw/ok_20260630_103840_000063.jpg,images_ok_raw,63,5,model,2,unripe,0.68342,weak,color_corrected,weak/noise conf 0.68<0.85,unripe_to_ripe_by_mask_color,2,unripe,1,ripe,1,ripe,True,unripe_to_ripe_by_mask_color,0.528895,False,,0.685714,52224.0,73006.992188,0.231156,0.580402,0.811558,0.282663,212.875,226.5,273.5625,266.875,False,,,,,,,,,,,,,,,
session_20260630_103628,images_ok_raw/ok_20260630_103841_000064.jpg,images_ok_raw,64,4,model,2,unripe,0.655778,weak,color_corrected,weak/noise conf 0.66<0.85,unripe_to_ripe_by_mask_color,2,unripe,1,ripe,1,ripe,True,unripe_to_ripe_by_mask_color,0.633334,False,,0.754121,35136.0,42862.734375,0.387037,0.453704,0.840741,0.207407,205.5,519.4375,215.59375,198.8125,False,,,,,,,,,,,,,,,
session_20260630_103628,images_ok_raw/ok_20260630_103841_000064.jpg,images_ok_raw,64,8,model,2,unripe,0.532182,weak,color_corrected,weak/noise conf 0.53<0.85,unripe_to_ripe_by_mask_color,2,unripe,1,ripe,1,ripe,True,unripe_to_ripe_by_mask_color,0.38582600000000006,False,,0.748663,8960.0,10654.176758,0.393701,0.307087,0.700787,0.314961,650.71875,636.46875,128.21875,83.09375,False,,,,,,,,,,,,,,,
session_20260630_103628,images_ok_raw/ok_20260630_103843_000066.jpg,images_ok_raw,66,3,model,2,unripe,0.894791,weak,color_corrected,weak/noise bad_color gy=0.04,unripe_to_ripe_by_mask_color,2,unripe,1,ripe,1,ripe,True,unripe_to_ripe_by_mask_color,0.95858,False,,0.722222,10816.0,13973.894531,0.39645,0.60355,1.0,0.04142,891.8125,32.03125,135.875,102.84375,False,,,,,,,,,,,,,,,
session_20260630_103628,images_ok_raw/ok_20260630_103844_000067.jpg,images_ok_raw,67,1,model,2,unripe,0.896254,weak,color_corrected,weak/noise bad_color gy=0.05,unripe_to_ripe_by_mask_color,2,unripe,1,ripe,1,ripe,True,unripe_to_ripe_by_mask_color,0.9411769999999999,False,,0.726496,10880.0,13741.523438,0.258824,0.735294,0.994118,0.052941,799.875,33.125,135.71875,101.25,False,,,,,,,,,,,,,,,
session_20260630_103628,images_ok_raw/ok_20260630_103844_000067.jpg,images_ok_raw,67,3,model,2,unripe,0.844924,weak,review,weak/noise conf 0.84<0.85,near_threshold_unripe_color_mask_support,2,unripe,2,unripe,,,False,,,True,near_threshold_unripe_color_mask_support,0.696833,9856.0,12062.695312,0.0,0.0,0.0,1.0,943.6875,240.375,91.90625,131.25,False,,,,,,,,,,,,,,,
session_20260630_103628,images_ok_raw/ok_20260630_103844_000067.jpg,images_ok_raw,67,4,model,2,unripe,0.812868,weak,review,weak/noise conf 0.81<0.85,near_threshold_unripe_color_mask_support,2,unripe,2,unripe,,,False,,,True,near_threshold_unripe_color_mask_support,0.638889,4416.0,6146.435547,0.0,0.115942,0.115942,0.913043,787.59375,112.398438,91.34375,67.289062,False,,,,,,,,,,,,,,,
session_20260630_103628,images_ok_raw/ok_20260630_103845_000068.jpg,images_ok_raw,68,1,model,2,unripe,0.90123,weak,color_corrected,weak/noise bad_color gy=0.02,unripe_to_ripe_by_mask_color,2,unripe,1,ripe,1,ripe,True,unripe_to_ripe_by_mask_color,0.9684219999999999,False,,0.719697,12160.0,14670.583984,0.284211,0.7,0.984211,0.015789,533.6875,1.8125,166.0625,88.34375,False,,,,,,,,,,,,,,,
session_20260630_103628,images_ok_raw/ok_20260630_103845_000068.jpg,images_ok_raw,68,3,model,2,unripe,0.834406,weak,review,weak/noise conf 0.83<0.85,near_threshold_unripe_color_mask_support,2,unripe,2,unripe,,,False,,,True,near_threshold_unripe_color_mask_support,0.711538,9472.0,11223.842773,0.0,0.0,0.0,1.0,834.375,319.8125,99.90625,112.34375,False,,,,,,,,,,,,,,,
session_20260630_103628,images_ok_raw/ok_20260630_103846_000069.jpg,images_ok_raw,69,4,model,2,unripe,0.912434,weak,color_corrected,weak/noise bad_color gy=0.04,unripe_to_ripe_by_mask_color,2,unripe,1,ripe,1,ripe,True,unripe_to_ripe_by_mask_color,0.955285,False,,0.691877,15808.0,20422.021484,0.300813,0.699187,1.0,0.044715,530.8125,143.6875,162.96875,125.3125,False,,,,,,,,,,,,,,,
session_20260630_103628,images_ok_raw/ok_20260630_103846_000069.jpg,images_ok_raw,69,5,model,2,unripe,0.831142,weak,review,weak/noise conf 0.83<0.85,near_threshold_unripe_color_mask_support,2,unripe,2,unripe,,,False,,,True,near_threshold_unripe_color_mask_support,0.521212,5504.0,8138.818848,0.0,0.104651,0.104651,0.953488,517.84375,243.921875,106.28125,76.578125,False,,,,,,,,,,,,,,,
session_20260630_103628,images_ok_raw/ok_20260630_103846_000069.jpg,images_ok_raw,69,6,model,2,unripe,0.827826,weak,review,weak/noise conf 0.83<0.85,near_threshold_unripe_color_mask_support,2,unripe,2,unripe,,,False,,,True,near_threshold_unripe_color_mask_support,0.804762,10816.0,12468.494141,0.0,0.0,0.0,1.0,825.5,490.90625,108.6875,114.71875,False,,,,,,,,,,,,,,,
session_20260630_103628,images_ok_raw/ok_20260630_103847_000070.jpg,images_ok_raw,70,4,model,2,unripe,0.920793,weak,color_corrected,weak/noise bad_color gy=0.04,unripe_to_ripe_by_mask_color,2,unripe,1,ripe,1,ripe,True,unripe_to_ripe_by_mask_color,0.958159,False,,0.746875,15296.0,19030.375,0.297071,0.698745,0.995816,0.037657,528.0625,335.007812,159.34375,119.429688,False,,,,,,,,,,,,,,,
session_20260630_103628,images_ok_raw/ok_20260630_103847_000070.jpg,images_ok_raw,70,5,model,2,unripe,0.849971,weak,review,weak/noise conf 0.85<0.85,near_threshold_unripe_color_mask_support,2,unripe,2,unripe,,,False,,,True,near_threshold_unripe_color_mask_support,0.55,6336.0,9614.746094,0.0,0.083333,0.083333,0.9375,511.6875,421.15625,109.375,87.90625,False,,,,,,,,,,,,,,,
session_20260630_103628,images_ok_raw/ok_20260630_103848_000071.jpg,images_ok_raw,71,4,model,2,unripe,0.929948,weak,color_corrected,weak/noise bad_color gy=0.06,unripe_to_ripe_by_mask_color,2,unripe,1,ripe,1,ripe,True,unripe_to_ripe_by_mask_color,0.9297529999999999,False,,0.72619,15616.0,19354.058594,0.330579,0.661157,0.991736,0.061983,527.375,334.882812,160.625,120.492188,False,,,,,,,,,,,,,,,
session_20260630_103628,images_ok_raw/ok_20260630_103849_000072.jpg,images_ok_raw,72,1,model,2,unripe,0.871477,strong,color_corrected,,unripe_to_ripe_by_mask_color,2,unripe,1,ripe,1,ripe,True,unripe_to_ripe_by_mask_color,0.8851680000000001,False,,0.83004,13440.0,15284.077148,0.4689,0.516746,0.985646,0.100478,386.0625,634.671875,181.3125,84.296875,False,,,,,,,,,,,,,,,
session_20260630_103628,images_ok_raw/ok_20260630_103849_000072.jpg,images_ok_raw,72,3,model,2,unripe,0.879973,weak,color_corrected,weak/noise bad_color gy=0.00,unripe_to_ripe_by_mask_color,2,unripe,1,ripe,1,ripe,True,unripe_to_ripe_by_mask_color,0.992337,False,,0.654135,16704.0,23175.171875,0.900383,0.091954,0.992337,0.0,297.125,518.34375,165.5,140.03125,False,,,,,,,,,,,,,,,
session_20260630_103628,images_ok_raw/ok_20260630_103852_000073.jpg,images_ok_raw,73,0,model,2,unripe,0.806853,weak,color_corrected,weak/noise conf 0.81<0.85 bad_color gy=0.04,unripe_to_ripe_by_mask_color,2,unripe,1,ripe,1,ripe,True,unripe_to_ripe_by_mask_color,0.9368420000000001,False,,0.659722,6080.0,7153.162598,0.705263,0.273684,0.978947,0.042105,663.40625,256.78125,81.15625,88.140625,False,,,,,,,,,,,,,,,
session_20260630_103628,images_ok_raw/ok_20260630_103853_000074.jpg,images_ok_raw,74,1,model,2,unripe,0.827826,weak,color_corrected,weak/noise conf 0.83<0.85 bad_color gy=0.05,unripe_to_ripe_by_mask_color,2,unripe,1,ripe,1,ripe,True,unripe_to_ripe_by_mask_color,0.945055,False,,0.69697,5888.0,6840.480469,0.802198,0.197802,1.0,0.054945,665.96875,180.0,79.65625,85.875,False,,,,,,,,,,,,,,,
session_20260630_103628,images_ok_raw/ok_20260630_103856_000075.jpg,images_ok_raw,75,0,model,2,unripe,0.887981,weak,color_corrected,weak/noise bad_color gy=0.08,unripe_to_ripe_by_mask_color,2,unripe,1,ripe,1,ripe,True,unripe_to_ripe_by_mask_color,0.884956,False,,0.678571,7296.0,8341.21582,0.707965,0.256637,0.964602,0.079646,631.65625,271.5625,85.46875,97.59375,False,,,,,,,,,,,,,,,
session_20260630_103628,images_ok_raw/ok_20260630_103901_000076.jpg,images_ok_raw,76,0,model,2,unripe,0.842865,weak,review,weak/noise conf 0.84<0.85,near_threshold_unripe_color_mask_support,2,unripe,2,unripe,,,False,,,True,near_threshold_unripe_color_mask_support,0.767857,11008.0,12960.34082,0.0,0.0,0.0,1.0,294.6875,305.53125,118.664062,109.21875,False,,,,,,,,,,,,,,,
session_20260630_103628,images_ok_raw/ok_20260630_103908_000079.jpg,images_ok_raw,79,0,model,2,unripe,0.823327,weak,review,weak/noise conf 0.82<0.85,near_threshold_unripe_color_mask_support,2,unripe,2,unripe,,,False,,,True,near_threshold_unripe_color_mask_support,0.785714,10560.0,11891.496094,0.0,0.503106,0.503106,0.906832,623.0,610.328125,110.25,107.859375,False,,,,,,,,,,,,,,,
session_20260630_103628,images_ok_raw/ok_20260630_103908_000079.jpg,images_ok_raw,79,1,model,1,ripe,0.786623,weak,review,weak/noise conf 0.79<0.80,near_threshold_ripe_color_mask_support,1,ripe,1,ripe,,,False,,,True,near_threshold_ripe_color_mask_support,0.742857,9984.0,11765.43457,0.831169,0.155844,0.987013,0.012987,648.15625,492.375,104.84375,112.21875,False,,,,,,,,,,,,,,,
session_20260630_103628,images_ok_raw/ok_20260630_103910_000081.jpg,images_ok_raw,81,1,model,2,unripe,0.834406,weak,review,weak/noise conf 0.83<0.85,near_threshold_unripe_color_mask_support,2,unripe,2,unripe,,,False,,,True,near_threshold_unripe_color_mask_support,0.775362,27392.0,33059.445312,0.0,0.521226,0.521226,0.966981,635.5625,141.125,180.40625,183.25,False,,,,,,,,,,,,,,,
session_20260630_103628,images_ok_raw/ok_20260630_103912_000082.jpg,images_ok_raw,82,0,model,2,unripe,0.822188,weak,review,weak/noise conf 0.82<0.85,near_threshold_unripe_color_mask_support,2,unripe,2,unripe,,,False,,,True,near_threshold_unripe_color_mask_support,0.715415,23168.0,29182.21875,0.0,0.0,0.0,1.0,887.34375,264.625,170.65625,171.0,False,,,,,,,,,,,,,,,
session_20260630_103628,images_ok_raw/ok_20260630_103913_000083.jpg,images_ok_raw,83,2,model,2,unripe,0.843897,weak,review,weak/noise conf 0.84<0.85,near_threshold_unripe_color_mask_support,2,unripe,2,unripe,,,False,,,True,near_threshold_unripe_color_mask_support,0.764103,19072.0,22928.851562,0.0,0.0,0.0,1.0,323.0,601.96875,198.25,115.65625,False,,,,,,,,,,,,,,,
session_20260630_103628,images_ok_raw/ok_20260630_103920_000089.jpg,images_ok_raw,89,2,model,2,unripe,0.814053,weak,review,weak/noise conf 0.81<0.85,near_threshold_unripe_color_mask_support,2,unripe,2,unripe,,,False,,,True,near_threshold_unripe_color_mask_support,0.768595,5952.0,6956.171875,0.0,0.430108,0.430108,0.913979,577.75,353.375,82.75,84.0625,False,,,,,,,,,,,,,,,
session_20260630_103628,images_ok_raw/ok_20260630_103920_000089.jpg,images_ok_raw,89,3,model,2,unripe,0.804406,weak,review,weak/noise conf 0.80<0.85,near_threshold_unripe_color_mask_support,2,unripe,2,unripe,,,False,,,True,near_threshold_unripe_color_mask_support,0.763636,5376.0,5973.26709,0.0,0.0,0.0,1.0,477.0,477.53125,73.84375,80.890625,False,,,,,,,,,,,,,,,
session_20260630_103628,images_ok_raw/ok_20260630_103920_000089.jpg,images_ok_raw,89,4,model,2,unripe,0.782663,weak,color_corrected,weak/noise conf 0.78<0.85 bad_color gy=0.07,unripe_to_ripe_by_mask_color,2,unripe,1,ripe,1,ripe,True,unripe_to_ripe_by_mask_color,0.885416,False,,0.727273,6144.0,6778.25293,0.78125,0.177083,0.958333,0.072917,594.21875,261.8125,79.4375,85.328125,False,,,,,,,,,,,,,,,
session_20260630_103628,images_ok_raw/ok_20260630_103921_000090.jpg,images_ok_raw,90,2,model,2,unripe,0.834406,weak,review,weak/noise conf 0.83<0.85,near_threshold_unripe_color_mask_support,2,unripe,2,unripe,,,False,,,True,near_threshold_unripe_color_mask_support,0.745562,8064.0,9824.734375,0.0,0.0,0.0,1.0,448.75,480.09375,96.765625,101.53125,False,,,,,,,,,,,,,,,
session_20260630_103628,images_ok_raw/ok_20260630_103921_000090.jpg,images_ok_raw,90,3,model,2,unripe,0.825588,weak,review,weak/noise conf 0.83<0.85,near_threshold_unripe_color_mask_support,2,unripe,2,unripe,,,False,,,True,near_threshold_unripe_color_mask_support,0.816327,10240.0,11223.104492,0.0,0.436709,0.436709,0.905063,435.8125,367.09375,108.109375,103.8125,False,,,,,,,,,,,,,,,
session_20260630_103628,images_ok_raw/ok_20260630_103924_000091.jpg,images_ok_raw,91,1,model,2,unripe,0.743169,weak,color_corrected,weak/noise conf 0.74<0.85 bad_color gy=0.02,unripe_to_ripe_by_mask_color,2,unripe,1,ripe,1,ripe,True,unripe_to_ripe_by_mask_color,0.97561,False,,0.722222,15808.0,19005.087891,0.849594,0.150407,1.0,0.02439,23.4375,293.6875,139.375,136.359375,False,,,,,,,,,,,,,,,
session_20260630_103628,images_ok_raw/ok_20260630_103925_000092.jpg,images_ok_raw,92,6,model,2,unripe,0.806853,weak,review,weak/noise conf 0.81<0.85,near_threshold_unripe_color_mask_support,2,unripe,2,unripe,,,False,,,True,near_threshold_unripe_color_mask_support,0.657143,8832.0,10823.359375,0.0,0.0,0.0,1.0,310.875,371.4375,105.59375,102.5,False,,,,,,,,,,,,,,,
session_20260630_103628,images_ok_raw/ok_20260630_103926_000093.jpg,images_ok_raw,93,1,model,2,unripe,0.90731,strong,color_corrected,,unripe_to_ripe_by_mask_color,2,unripe,1,ripe,1,ripe,True,unripe_to_ripe_by_mask_color,0.6464639999999999,False,,0.737037,12736.0,15059.380859,0.0,0.924242,0.924242,0.277778,484.375,569.71875,111.0625,135.59375,False,,,,,,,,,,,,,,,
session_20260630_103628,images_ok_raw/ok_20260630_103927_000094.jpg,images_ok_raw,94,1,model,2,unripe,0.828937,weak,review,weak/noise conf 0.83<0.85,near_threshold_unripe_color_mask_support,2,unripe,2,unripe,,,False,,,True,near_threshold_unripe_color_mask_support,0.768889,11072.0,13289.180664,0.021978,0.0,0.021978,0.967033,442.734375,536.140625,114.515625,116.046875,False,,,,,,,,,,,,,,,
session_20260630_103628,images_ok_raw/ok_20260630_103931_000095.jpg,images_ok_raw,95,2,model,2,unripe,0.699254,weak,color_corrected,weak/noise conf 0.70<0.85,unripe_to_ripe_by_mask_color,2,unripe,1,ripe,1,ripe,True,unripe_to_ripe_by_mask_color,0.555556,False,,0.680556,3136.0,3708.417969,0.444444,0.222222,0.666667,0.111111,760.15625,370.0625,65.78125,56.375,False,,,,,,,,,,,,,,,
session_20260630_103628,images_ok_raw/ok_20260630_103934_000097.jpg,images_ok_raw,97,3,model,2,unripe,0.654895,weak,color_corrected,weak/noise conf 0.65<0.85 bad_color gy=0.03,unripe_to_ripe_by_mask_color,2,unripe,1,ripe,1,ripe,True,unripe_to_ripe_by_mask_color,0.6896549999999999,False,,0.708333,3264.0,3656.237793,0.517241,0.206897,0.724138,0.034483,770.0,366.90625,64.109375,57.03125,False,,,,,,,,,,,,,,,
session_20260630_103628,images_ok_raw/ok_20260630_103935_000098.jpg,images_ok_raw,98,4,model,2,unripe,0.640635,weak,color_corrected,weak/noise conf 0.64<0.85 bad_color gy=0.04,unripe_to_ripe_by_mask_color,2,unripe,1,ripe,1,ripe,True,unripe_to_ripe_by_mask_color,0.75,False,,0.694444,3200.0,3666.265625,0.666667,0.125,0.791667,0.041667,777.84375,368.640625,64.25,57.0625,False,,,,,,,,,,,,,,,
session_20260630_103628,images_ok_raw/ok_20260630_103937_000099.jpg,images_ok_raw,99,1,model,2,unripe,0.886417,weak,color_corrected,weak/noise bad_color gy=0.03,unripe_to_ripe_by_mask_color,2,unripe,1,ripe,1,ripe,True,unripe_to_ripe_by_mask_color,0.890625,False,,0.690909,4864.0,5497.883789,0.015625,0.90625,0.921875,0.03125,397.28125,21.21875,73.03125,75.28125,False,,,,,,,,,,,,,,,
session_20260630_103628,images_ok_raw/ok_20260630_103937_000099.jpg,images_ok_raw,99,3,model,2,unripe,0.633411,weak,color_corrected,weak/noise conf 0.63<0.85 bad_color gy=0.04,unripe_to_ripe_by_mask_color,2,unripe,1,ripe,1,ripe,True,unripe_to_ripe_by_mask_color,0.666667,False,,0.694444,3200.0,3850.125488,0.518519,0.185185,0.703704,0.037037,760.75,424.28125,66.203125,58.15625,False,,,,,,,,,,,,,,,
session_20260630_103628,images_ok_raw/ok_20260630_103938_000100.jpg,images_ok_raw,100,2,model,2,unripe,0.884835,weak,color_corrected,weak/noise bad_color gy=0.00,unripe_to_ripe_by_mask_color,2,unripe,1,ripe,1,ripe,True,unripe_to_ripe_by_mask_color,0.9,False,,0.69,4416.0,5292.117188,0.033333,0.866667,0.9,0.0,395.03125,393.421875,71.5,74.015625,False,,,,,,,,,,,,,,,
session_20260630_103628,images_ok_raw/ok_20260630_103938_000100.jpg,images_ok_raw,100,3,model,1,ripe,0.770463,weak,review,weak/noise conf 0.77<0.80,near_threshold_ripe_color_mask_support,1,ripe,1,ripe,,,False,,,True,near_threshold_ripe_color_mask_support,0.613636,3456.0,4843.410156,0.962264,0.0,0.962264,0.0,301.296875,418.5625,79.953125,60.578125,False,,,,,,,,,,,,,,,
session_20260630_103628,images_ok_raw/ok_20260630_103943_000105.jpg,images_ok_raw,105,5,model,2,unripe,0.923591,weak,color_corrected,weak/noise bad_color gy=0.06,unripe_to_ripe_by_mask_color,2,unripe,1,ripe,1,ripe,True,unripe_to_ripe_by_mask_color,0.8990830000000001,False,,0.748366,14656.0,17703.90625,0.0,0.963303,0.963303,0.06422,664.5,401.8125,131.75,134.375,False,,,,,,,,,,,,,,,
session_20260630_103628,images_ok_raw/ok_20260630_103945_000106.jpg,images_ok_raw,106,5,model,2,unripe,0.939916,weak,color_corrected,weak/noise bad_color gy=0.00,unripe_to_ripe_by_mask_color,2,unripe,1,ripe,1,ripe,True,unripe_to_ripe_by_mask_color,0.946429,False,,0.7825,20032.0,24566.080078,0.021429,0.928571,0.95,0.003571,666.9375,408.234375,154.125,159.390625,False,,,,,,,,,,,,,,,
session_20260630_103628,images_ok_raw/ok_20260630_103946_000107.jpg,images_ok_raw,107,3,model,2,unripe,0.929948,weak,color_corrected,weak/noise bad_color gy=0.01,unripe_to_ripe_by_mask_color,2,unripe,1,ripe,1,ripe,True,unripe_to_ripe_by_mask_color,0.9273610000000001,False,,0.755,28992.0,36082.03125,0.024213,0.912833,0.937046,0.009685,673.1875,418.5625,187.5,192.4375,False,,,,,,,,,,,,,,,
session_20260630_103628,images_ok_raw/ok_20260630_103946_000107.jpg,images_ok_raw,107,5,model,1,ripe,0.759223,weak,review,weak/noise conf 0.76<0.80,near_threshold_ripe_color_mask_support,1,ripe,1,ripe,,,False,,,True,near_threshold_ripe_color_mask_support,0.622609,22912.0,35124.609375,0.337838,0.040541,0.378378,0.094595,728.625,537.625,193.125,181.875,False,,,,,,,,,,,,,,,
session_20260630_103628,images_ok_raw/ok_20260630_103947_000108.jpg,images_ok_raw,108,2,model,2,unripe,0.954645,weak,color_corrected,weak/noise bad_color gy=0.00,unripe_to_ripe_by_mask_color,2,unripe,1,ripe,1,ripe,True,unripe_to_ripe_by_mask_color,0.954217,False,,0.707692,29440.0,36533.65625,0.014458,0.942169,0.956627,0.00241,1013.75,87.875,188.5,193.8125,False,,,,,,,,,,,,,,,
session_20260630_103628,images_ok_raw/ok_20260630_103948_000109.jpg,images_ok_raw,109,2,model,2,unripe,0.950414,weak,color_corrected,weak/noise bad_color gy=0.00,unripe_to_ripe_by_mask_color,2,unripe,1,ripe,1,ripe,True,unripe_to_ripe_by_mask_color,0.950617,False,,0.712308,29632.0,36654.492188,0.037037,0.91358,0.950617,0.0,1013.5625,87.75,189.0625,193.875,False,,,,,,,,,,,,,,,
session_20260630_103628,images_ok_raw/ok_20260630_103949_000110.jpg,images_ok_raw,110,4,model,2,unripe,0.925768,weak,color_corrected,weak/noise bad_color gy=0.00,unripe_to_ripe_by_mask_color,2,unripe,1,ripe,1,ripe,True,unripe_to_ripe_by_mask_color,0.950739,False,,0.712963,14784.0,18105.65625,0.039409,0.916256,0.955665,0.004926,901.3125,170.3125,133.375,135.75,False,,,,,,,,,,,,,,,
session_20260630_103628,images_ok_raw/ok_20260630_103950_000111.jpg,images_ok_raw,111,3,model,2,unripe,0.895525,weak,color_corrected,weak/noise bad_color gy=0.01,unripe_to_ripe_by_mask_color,2,unripe,1,ripe,1,ripe,True,unripe_to_ripe_by_mask_color,0.928571,False,,0.637755,8000.0,9794.80957,0.017857,0.919643,0.9375,0.008929,1046.21875,206.0,98.90625,99.03125,False,,,,,,,,,,,,,,,
session_20260630_103628,images_ok_raw/ok_20260630_103951_000112.jpg,images_ok_raw,112,3,model,2,unripe,0.920793,weak,color_corrected,weak/noise bad_color gy=0.01,unripe_to_ripe_by_mask_color,2,unripe,1,ripe,1,ripe,True,unripe_to_ripe_by_mask_color,0.9056599999999999,False,,0.715976,7744.0,9280.335938,0.04717,0.867925,0.915094,0.009434,452.03125,225.53125,92.6875,100.125,False,,,,,,,,,,,,,,,
session_20260630_103628,images_ok_raw/ok_20260630_103952_000113.jpg,images_ok_raw,113,0,model,2,unripe,0.818738,weak,review,weak/noise conf 0.82<0.85,near_threshold_unripe_color_mask_support,2,unripe,2,unripe,,,False,,,True,near_threshold_unripe_color_mask_support,0.704545,5952.0,6898.862305,0.11236,0.595506,0.707865,0.460674,390.25,573.3125,83.78125,82.34375,False,,,,,,,,,,,,,,,
session_20260630_103628,images_ok_raw/ok_20260630_103953_000114.jpg,images_ok_raw,114,1,model,2,unripe,0.817577,weak,color_corrected,weak/noise conf 0.82<0.85 bad_color gy=0.08,unripe_to_ripe_by_mask_color,2,unripe,1,ripe,1,ripe,True,unripe_to_ripe_by_mask_color,0.796875,False,,0.681818,5760.0,6682.478516,0.375,0.5,0.875,0.078125,487.46875,186.3125,83.875,79.671875,False,,,,,,,,,,,,,,,
session_20260630_103628,images_ok_raw/ok_20260630_103958_000119.jpg,images_ok_raw,119,0,model,2,unripe,0.846959,weak,color_corrected,weak/noise conf 0.85<0.85,unripe_to_ripe_by_mask_color,2,unripe,1,ripe,1,ripe,True,unripe_to_ripe_by_mask_color,0.5625,False,,0.690909,4864.0,5640.541992,0.4375,0.291667,0.729167,0.166667,458.6875,356.15625,78.5625,71.796875,False,,,,,,,,,,,,,,,
session_20260630_103628,images_ok_raw/ok_20260630_104009_000120.jpg,images_ok_raw,120,2,model,2,unripe,0.832236,weak,review,weak/noise conf 0.83<0.85,near_threshold_unripe_color_mask_support,2,unripe,2,unripe,,,False,,,True,near_threshold_unripe_color_mask_support,0.732143,2624.0,2787.837402,0.0,0.0,0.0,1.0,691.125,454.875,57.140625,48.789062,False,,,,,,,,,,,,,,,
session_20260630_103628,images_ok_raw/ok_20260630_104009_000120.jpg,images_ok_raw,120,8,model,2,unripe,0.764889,weak,color_corrected,weak/noise conf 0.76<0.85,unripe_to_ripe_by_mask_color,2,unripe,1,ripe,1,ripe,True,unripe_to_ripe_by_mask_color,0.62069,False,,0.612245,1920.0,2142.927246,0.0,0.862069,0.862069,0.241379,744.265625,389.453125,49.78125,43.046875,False,,,,,,,,,,,,,,,
session_20260630_103628,images_ok_raw/ok_20260630_104010_000121.jpg,images_ok_raw,121,7,model,2,unripe,0.800692,weak,review,weak/noise conf 0.80<0.85,near_threshold_unripe_color_mask_support,2,unripe,2,unripe,,,False,,,True,near_threshold_unripe_color_mask_support,0.692308,6336.0,7211.21875,0.0,0.0,0.0,1.0,375.75,618.15625,91.28125,79.0,False,,,,,,,,,,,,,,,
session_20260630_103628,images_ok_raw/ok_20260630_104011_000122.jpg,images_ok_raw,122,3,model,2,unripe,0.844924,weak,review,weak/noise conf 0.84<0.85,near_threshold_unripe_color_mask_support,2,unripe,2,unripe,,,False,,,True,near_threshold_unripe_color_mask_support,0.674242,5696.0,6684.296875,0.0,0.0,0.0,1.0,389.21875,287.34375,83.75,79.8125,False,,,,,,,,,,,,,,,
session_20260630_103628,images_ok_raw/ok_20260630_104011_000122.jpg,images_ok_raw,122,4,model,2,unripe,0.833324,weak,review,weak/noise conf 0.83<0.85,near_threshold_unripe_color_mask_support,2,unripe,2,unripe,,,False,,,True,near_threshold_unripe_color_mask_support,0.680556,6272.0,7479.087891,0.0,0.0,0.0,1.0,264.625,238.65625,88.9375,84.09375,False,,,,,,,,,,,,,,,
session_20260630_103628,images_ok_raw/ok_20260630_104011_000122.jpg,images_ok_raw,122,5,model,2,unripe,0.827826,weak,review,weak/noise conf 0.83<0.85,near_threshold_unripe_color_mask_support,2,unripe,2,unripe,,,False,,,True,near_threshold_unripe_color_mask_support,0.734375,3008.0,3446.481934,0.0,0.0,0.0,0.909091,272.328125,324.445312,58.890625,58.523438,False,,,,,,,,,,,,,,,
session_20260630_103628,images_ok_raw/ok_20260630_104011_000122.jpg,images_ok_raw,122,6,model,2,unripe,0.825588,weak,review,weak/noise conf 0.83<0.85,near_threshold_unripe_color_mask_support,2,unripe,2,unripe,,,False,,,True,near_threshold_unripe_color_mask_support,0.680473,7360.0,8761.025391,0.0,0.0,0.0,1.0,247.84375,131.484375,93.125,94.078125,False,,,,,,,,,,,,,,,
session_20260630_103628,images_ok_raw/ok_20260630_104011_000122.jpg,images_ok_raw,122,7,model,1,ripe,0.781331,weak,review,weak/noise conf 0.78<0.80,near_threshold_ripe_color_mask_support,1,ripe,1,ripe,,,False,,,True,near_threshold_ripe_color_mask_support,0.694444,6400.0,7496.709473,0.939759,0.0,0.939759,0.0,218.125,36.421875,89.03125,84.203125,False,,,,,,,,,,,,,,,
session_20260630_103628,images_ok_raw/ok_20260630_104011_000122.jpg,images_ok_raw,122,8,model,1,ripe,0.779993,weak,review,weak/noise conf 0.78<0.80,near_threshold_ripe_color_mask_support,1,ripe,1,ripe,,,False,,,True,near_threshold_ripe_color_mask_support,0.781818,5504.0,6206.604004,0.486486,0.378378,0.864865,0.108108,338.1875,34.015625,79.84375,77.734375,False,,,,,,,,,,,,,,,
session_20260630_103628,images_ok_raw/ok_20260630_104013_000124.jpg,images_ok_raw,124,2,model,2,unripe,0.815233,weak,review,weak/noise conf 0.82<0.85,near_threshold_unripe_color_mask_support,2,unripe,2,unripe,,,False,,,True,near_threshold_unripe_color_mask_support,0.65,4992.0,6468.933105,0.0,0.0,0.0,1.0,944.90625,62.0625,78.859375,82.03125,False,,,,,,,,,,,,,,,
session_20260630_103628,images_ok_raw/ok_20260630_104013_000124.jpg,images_ok_raw,124,3,model,1,ripe,0.794385,weak,review,weak/noise conf 0.79<0.80,near_threshold_ripe_color_mask_support,1,ripe,1,ripe,,,False,,,True,near_threshold_ripe_color_mask_support,0.636905,6848.0,8481.319336,0.970588,0.019608,0.990196,0.009804,510.71875,117.21875,83.84375,101.15625,False,,,,,,,,,,,,,,,
session_20260630_103628,images_ok_raw/ok_20260630_104013_000124.jpg,images_ok_raw,124,9,model,2,unripe,0.685108,weak,color_corrected,weak/noise conf 0.69<0.85 bad_color gy=0.03,unripe_to_ripe_by_mask_color,2,unripe,1,ripe,1,ripe,True,unripe_to_ripe_by_mask_color,0.961538,False,,0.661157,5120.0,6666.150879,0.192308,0.794872,0.987179,0.025641,543.90625,209.125,78.5625,84.851562,False,,,,,,,,,,,,,,,
session_20260630_103628,images_ok_raw/ok_20260630_104015_000125.jpg,images_ok_raw,125,1,model,2,unripe,0.82671,weak,review,weak/noise conf 0.83<0.85,near_threshold_unripe_color_mask_support,2,unripe,2,unripe,,,False,,,True,near_threshold_unripe_color_mask_support,0.652778,3008.0,3690.45752,0.0,0.0,0.0,1.0,17.4375,444.390625,64.65625,57.078125,False,,,,,,,,,,,,,,,
session_20260630_103628,images_ok_raw/ok_20260630_104015_000125.jpg,images_ok_raw,125,8,model,2,unripe,0.656659,weak,color_corrected,weak/noise conf 0.66<0.85 bad_color gy=0.04,unripe_to_ripe_by_mask_color,2,unripe,1,ripe,1,ripe,True,unripe_to_ripe_by_mask_color,0.857143,False,,0.6625,3392.0,3722.917236,0.897959,0.0,0.897959,0.040816,1062.96875,20.578125,65.046875,57.234375,False,,,,,,,,,,,,,,,
session_20260630_103628,images_ok_raw/ok_20260630_104018_000126.jpg,images_ok_raw,126,2,model,2,unripe,0.828937,weak,review,weak/noise conf 0.83<0.85,near_threshold_unripe_color_mask_support,2,unripe,2,unripe,,,False,,,True,near_threshold_unripe_color_mask_support,0.666667,2688.0,3104.742432,0.0,0.0,0.0,1.0,751.59375,369.171875,58.015625,53.515625,False,,,,,,,,,,,,,,,
session_20260630_103628,images_ok_raw/ok_20260630_104018_000126.jpg,images_ok_raw,126,3,model,2,unripe,0.821044,weak,review,weak/noise conf 0.82<0.85,near_threshold_unripe_color_mask_support,2,unripe,2,unripe,,,False,,,True,near_threshold_unripe_color_mask_support,0.767857,2752.0,3145.682373,0.0,0.0,0.0,1.0,715.34375,321.492188,59.34375,53.007812,False,,,,,,,,,,,,,,,
session_20260630_103628,images_ok_raw/ok_20260630_104018_000126.jpg,images_ok_raw,126,5,model,2,unripe,0.817577,weak,review,weak/noise conf 0.82<0.85,near_threshold_unripe_color_mask_support,2,unripe,2,unripe,,,False,,,True,near_threshold_unripe_color_mask_support,0.703125,2880.0,3273.733887,0.0,0.0,0.0,1.0,795.953125,297.53125,58.296875,56.15625,False,,,,,,,,,,,,,,,
session_20260630_103628,images_ok_raw/ok_20260630_104018_000126.jpg,images_ok_raw,126,6,model,2,unripe,0.814053,weak,review,weak/noise conf 0.81<0.85,near_threshold_unripe_color_mask_support,2,unripe,2,unripe,,,False,,,True,near_threshold_unripe_color_mask_support,0.671875,2752.0,3070.651855,0.0,0.0,0.0,1.0,759.40625,218.59375,55.671875,55.15625,False,,,,,,,,,,,,,,,
session_20260630_103628,images_ok_raw/ok_20260630_104021_000128.jpg,images_ok_raw,128,0,model,2,unripe,0.833324,weak,review,weak/noise conf 0.83<0.85,near_threshold_unripe_color_mask_support,2,unripe,2,unripe,,,False,,,True,near_threshold_unripe_color_mask_support,0.742857,19968.0,24630.9375,0.0,0.023256,0.023256,1.0,736.125,344.25,152.75,161.25,False,,,,,,,,,,,,,,,
session_20260630_103628,images_weak_noise_raw/weak_20260630_103656_000012.jpg,images_weak_noise_raw,141,0,model,2,unripe,0.846959,weak,review,weak/noise conf 0.85<0.85,near_threshold_unripe_color_mask_support,2,unripe,2,unripe,,,False,,,True,near_threshold_unripe_color_mask_support,0.683333,5248.0,6869.058594,0.0,0.078947,0.078947,0.986842,8.21875,243.0625,90.53125,75.875,False,,,,,,,,,,,,,,,
session_20260630_103628,images_weak_noise_raw/weak_20260630_103656_000012.jpg,images_weak_noise_raw,141,1,model,2,unripe,0.842865,weak,color_corrected,weak/noise conf 0.84<0.85 bad_color gy=0.01,unripe_to_ripe_by_mask_color,2,unripe,1,ripe,1,ripe,True,unripe_to_ripe_by_mask_color,0.963415,False,,0.630769,5248.0,6530.210938,0.609756,0.365854,0.97561,0.012195,43.75,163.5625,94.8125,68.875,False,,,,,,,,,,,,,,,
session_20260630_103628,images_weak_noise_raw/weak_20260630_103656_000012.jpg,images_weak_noise_raw,141,2,model,2,unripe,0.839735,weak,review,weak/noise conf 0.84<0.85,near_threshold_unripe_color_mask_support,2,unripe,2,unripe,,,False,,,True,near_threshold_unripe_color_mask_support,0.765625,3136.0,3837.831055,0.0,0.0,0.0,1.0,96.46875,321.648438,62.875,61.039062,False,,,,,,,,,,,,,,,
session_20260630_103628,images_weak_noise_raw/weak_20260630_103656_000012.jpg,images_weak_noise_raw,141,3,model,2,unripe,0.817577,weak,review,weak/noise conf 0.82<0.85,near_threshold_unripe_color_mask_support,2,unripe,2,unripe,,,False,,,True,near_threshold_unripe_color_mask_support,0.703704,3648.0,3879.091797,0.0,0.0,0.0,1.0,106.78125,263.875,61.375,63.203125,False,,,,,,,,,,,,,,,
session_20260630_103628,images_weak_noise_raw/weak_20260630_103656_000012.jpg,images_weak_noise_raw,141,5,model,2,unripe,0.800692,weak,review,weak/noise conf 0.80<0.85,near_threshold_unripe_color_mask_support,2,unripe,2,unripe,,,False,,,True,near_threshold_unripe_color_mask_support,0.555556,2560.0,2941.628906,0.0,0.0,0.0,1.0,150.46875,231.6875,60.75,48.421875,False,,,,,,,,,,,,,,,
session_20260630_103628,images_weak_noise_raw/weak_20260630_103656_000012.jpg,images_weak_noise_raw,141,6,model,2,unripe,0.800692,weak,review,weak/noise conf 0.80<0.85,near_threshold_unripe_color_mask_support,2,unripe,2,unripe,,,False,,,True,near_threshold_unripe_color_mask_support,0.660714,2368.0,2731.600342,0.0,0.0,0.0,1.0,76.6875,379.71875,50.410156,54.1875,False,,,,,,,,,,,,,,,
session_20260630_103628,images_weak_noise_raw/weak_20260630_103656_000012.jpg,images_weak_noise_raw,141,9,model,2,unripe,0.754914,weak,color_corrected,weak/noise conf 0.75<0.85 bad_color gy=0.02,unripe_to_ripe_by_mask_color,2,unripe,1,ripe,1,ripe,True,unripe_to_ripe_by_mask_color,0.981818,False,,0.6875,3520.0,3815.525391,0.890909,0.109091,1.0,0.018182,685.0,471.539062,70.75,53.929688,False,,,,,,,,,,,,,,,
session_20260630_103628,images_weak_noise_raw/weak_20260630_103656_000012.jpg,images_weak_noise_raw,141,12,model,2,unripe,0.585101,weak,color_corrected,weak/noise conf 0.59<0.85 bad_color gy=0.00,unripe_to_ripe_by_mask_color,2,unripe,1,ripe,1,ripe,True,unripe_to_ripe_by_mask_color,1.0,False,,0.666667,3456.0,4297.849609,1.0,0.0,1.0,0.0,49.09375,100.40625,63.953125,67.203125,False,,,,,,,,,,,,,,,
session_20260630_103628,images_weak_noise_raw/weak_20260630_103659_000013.jpg,images_weak_noise_raw,142,0,model,2,unripe,0.841828,weak,review,weak/noise conf 0.84<0.85,near_threshold_unripe_color_mask_support,2,unripe,2,unripe,,,False,,,True,near_threshold_unripe_color_mask_support,0.671875,2752.0,3091.492432,0.0,0.272727,0.272727,0.454545,15.0625,179.5625,55.804688,55.398438,False,,,,,,,,,,,,,,,
session_20260630_103628,images_weak_noise_raw/weak_20260630_103659_000013.jpg,images_weak_noise_raw,142,2,model,2,unripe,0.835484,weak,review,weak/noise conf 0.84<0.85,near_threshold_unripe_color_mask_support,2,unripe,2,unripe,,,False,,,True,near_threshold_unripe_color_mask_support,0.75,3456.0,3953.22168,0.0,0.0,0.0,1.0,35.90625,121.609375,65.023438,60.796875,False,,,,,,,,,,,,,,,
session_20260630_103628,images_weak_noise_raw/weak_20260630_103659_000013.jpg,images_weak_noise_raw,142,3,model,2,unripe,0.82671,weak,review,weak/noise conf 0.83<0.85,near_threshold_unripe_color_mask_support,2,unripe,2,unripe,,,False,,,True,near_threshold_unripe_color_mask_support,0.654321,3392.0,3932.103271,0.0,0.0,0.0,0.92,43.34375,60.03125,62.96875,62.445312,False,,,,,,,,,,,,,,,
session_20260630_103628,images_weak_noise_raw/weak_20260630_103659_000013.jpg,images_weak_noise_raw,142,4,model,2,unripe,0.815233,weak,review,weak/noise conf 0.82<0.85,near_threshold_unripe_color_mask_support,2,unripe,2,unripe,,,False,,,True,near_threshold_unripe_color_mask_support,0.607143,2176.0,2746.208496,0.0,0.0,0.0,1.0,92.5625,26.625,56.953125,48.21875,False,,,,,,,,,,,,,,,
session_20260630_103628,images_weak_noise_raw/weak_20260630_103659_000013.jpg,images_weak_noise_raw,142,8,model,2,unripe,0.737159,weak,color_corrected,weak/noise conf 0.74<0.85 bad_color gy=0.00,unripe_to_ripe_by_mask_color,2,unripe,1,ripe,1,ripe,True,unripe_to_ripe_by_mask_color,1.0,False,,0.675,3456.0,3787.40918,1.0,0.0,1.0,0.0,635.5625,277.796875,71.0625,53.296875,False,,,,,,,,,,,,,,,
session_20260630_103628,images_weak_noise_raw/weak_20260630_103700_000014.jpg,images_weak_noise_raw,143,5,model,1,ripe,0.767687,weak,review,weak/noise conf 0.77<0.80,near_threshold_ripe_color_mask_support,1,ripe,1,ripe,,,False,,,True,near_threshold_ripe_color_mask_support,0.6875,2816.0,3445.507568,0.837838,0.027027,0.864865,0.027027,440.125,529.9375,62.40625,55.210938,False,,,,,,,,,,,,,,,
session_20260630_103628,images_weak_noise_raw/weak_20260630_103700_000014.jpg,images_weak_noise_raw,143,6,model,2,unripe,0.766291,weak,color_corrected,weak/noise conf 0.77<0.85 bad_color gy=0.00,unripe_to_ripe_by_mask_color,2,unripe,1,ripe,1,ripe,True,unripe_to_ripe_by_mask_color,0.958333,False,,0.625,3200.0,3586.64209,0.9375,0.020833,0.958333,0.0,444.40625,479.6875,70.21875,51.078125,False,,,,,,,,,,,,,,,
session_20260630_103628,images_weak_noise_raw/weak_20260630_103702_000015.jpg,images_weak_noise_raw,144,4,model,2,unripe,0.750553,weak,color_corrected,weak/noise conf 0.75<0.85 bad_color gy=0.00,unripe_to_ripe_by_mask_color,2,unripe,1,ripe,1,ripe,True,unripe_to_ripe_by_mask_color,1.0,False,,0.5875,3008.0,3666.529297,0.978723,0.021277,1.0,0.0,488.90625,479.6875,71.28125,51.4375,False,,,,,,,,,,,,,,,
session_20260630_103628,images_weak_noise_raw/weak_20260630_103703_000016.jpg,images_weak_noise_raw,145,0,model,2,unripe,0.82671,weak,color_corrected,weak/noise conf 0.83<0.85 bad_color gy=0.00,unripe_to_ripe_by_mask_color,2,unripe,1,ripe,1,ripe,True,unripe_to_ripe_by_mask_color,0.962264,False,,0.771429,3456.0,3547.814941,0.90566,0.056604,0.962264,0.0,469.15625,480.3125,70.40625,50.390625,False,,,,,,,,,,,,,,,
session_20260630_103628,images_weak_noise_raw/weak_20260630_103703_000016.jpg,images_weak_noise_raw,145,8,model,2,unripe,0.542863,weak,color_corrected,weak/noise conf 0.54<0.85,unripe_to_ripe_by_mask_color,2,unripe,1,ripe,1,ripe,True,unripe_to_ripe_by_mask_color,0.795455,False,,0.625,3200.0,3662.387695,0.704545,0.181818,0.886364,0.090909,463.59375,530.625,65.65625,55.78125,False,,,,,,,,,,,,,,,
session_20260630_103628,images_weak_noise_raw/weak_20260630_103718_000019.jpg,images_weak_noise_raw,148,0,model,2,unripe,0.804406,weak,review,weak/noise conf 0.80<0.85,near_threshold_unripe_color_mask_support,2,unripe,2,unripe,,,False,,,True,near_threshold_unripe_color_mask_support,0.577778,3328.0,4149.584961,0.0,0.0,0.0,1.0,1130.796875,543.34375,70.640625,58.742188,False,,,,,,,,,,,,,,,
session_20260630_103628,images_weak_noise_raw/weak_20260630_103718_000019.jpg,images_weak_noise_raw,148,3,model,1,ripe,0.766291,weak,review,weak/noise conf 0.77<0.80,near_threshold_ripe_color_mask_support,1,ripe,1,ripe,,,False,,,True,near_threshold_ripe_color_mask_support,0.785714,6336.0,7239.591797,0.969388,0.010204,0.979592,0.0,275.96875,339.09375,105.375,68.703125,False,,,,,,,,,,,,,,,
session_20260630_103628,images_weak_noise_raw/weak_20260630_103719_000020.jpg,images_weak_noise_raw,149,0,model,2,unripe,0.836555,weak,review,weak/noise conf 0.84<0.85,near_threshold_unripe_color_mask_support,2,unripe,2,unripe,,,False,,,True,near_threshold_unripe_color_mask_support,0.6375,3264.0,3978.10376,0.0,0.0,0.0,1.0,863.21875,292.5,69.015625,57.640625,False,,,,,,,,,,,,,,,
session_20260630_103628,images_weak_noise_raw/weak_20260630_103719_000020.jpg,images_weak_noise_raw,149,1,model,2,unripe,0.803174,weak,review,weak/noise conf 0.80<0.85,near_threshold_unripe_color_mask_support,2,unripe,2,unripe,,,False,,,True,near_threshold_unripe_color_mask_support,0.597222,2752.0,3263.774414,0.0,0.0,0.0,1.0,918.8125,285.40625,58.90625,55.40625,False,,,,,,,,,,,,,,,
session_20260630_103628,images_weak_noise_raw/weak_20260630_103721_000021.jpg,images_weak_noise_raw,150,0,model,2,unripe,0.842865,weak,review,weak/noise conf 0.84<0.85,near_threshold_unripe_color_mask_support,2,unripe,2,unripe,,,False,,,True,near_threshold_unripe_color_mask_support,0.555556,2560.0,3253.592285,0.0,0.0,0.0,1.0,631.21875,285.375,58.921875,55.21875,False,,,,,,,,,,,,,,,
session_20260630_103628,images_weak_noise_raw/weak_20260630_103721_000021.jpg,images_weak_noise_raw,150,1,model,2,unripe,0.823327,weak,review,weak/noise conf 0.82<0.85,near_threshold_unripe_color_mask_support,2,unripe,2,unripe,,,False,,,True,near_threshold_unripe_color_mask_support,0.694444,3200.0,3948.407227,0.0,0.0,0.0,1.0,576.53125,291.1875,68.546875,57.601562,False,,,,,,,,,,,,,,,
session_20260630_103628,images_weak_noise_raw/weak_20260630_103722_000022.jpg,images_weak_noise_raw,151,3,model,2,unripe,0.830042,weak,review,weak/noise conf 0.83<0.85,near_threshold_unripe_color_mask_support,2,unripe,2,unripe,,,False,,,True,near_threshold_unripe_color_mask_support,0.6125,3136.0,3690.86377,0.0,0.0,0.0,1.0,533.5,391.90625,70.28125,52.515625,False,,,,,,,,,,,,,,,
session_20260630_103628,images_weak_noise_raw/weak_20260630_103722_000022.jpg,images_weak_noise_raw,151,4,model,2,unripe,0.809277,weak,review,weak/noise conf 0.81<0.85,near_threshold_unripe_color_mask_support,2,unripe,2,unripe,,,False,,,True,near_threshold_unripe_color_mask_support,0.583333,2688.0,3372.734375,0.0,0.0,0.0,1.0,558.1875,333.875,58.65625,57.5,False,,,,,,,,,,,,,,,
session_20260630_103628,images_weak_noise_raw/weak_20260630_103728_000024.jpg,images_weak_noise_raw,153,0,model,2,unripe,0.846959,weak,review,weak/noise conf 0.85<0.85,near_threshold_unripe_color_mask_support,2,unripe,2,unripe,,,False,,,True,near_threshold_unripe_color_mask_support,0.704545,3968.0,4521.736816,0.0,0.0,0.0,1.0,210.125,410.953125,79.65625,56.765625,False,,,,,,,,,,,,,,,
session_20260630_103628,images_weak_noise_raw/weak_20260630_103728_000024.jpg,images_weak_noise_raw,153,1,model,2,unripe,0.836555,weak,review,weak/noise conf 0.84<0.85,near_threshold_unripe_color_mask_support,2,unripe,2,unripe,,,False,,,True,near_threshold_unripe_color_mask_support,0.575,2944.0,3950.914062,0.0,0.0,0.0,1.0,275.9375,401.75,68.5625,57.625,False,,,,,,,,,,,,,,,
session_20260630_103628,images_weak_noise_raw/weak_20260630_103728_000024.jpg,images_weak_noise_raw,153,2,model,2,unripe,0.827826,weak,review,weak/noise conf 0.83<0.85,near_threshold_unripe_color_mask_support,2,unripe,2,unripe,,,False,,,True,near_threshold_unripe_color_mask_support,0.7,3136.0,3336.700684,0.0,0.0,0.0,1.0,255.0625,458.90625,66.859375,49.90625,False,,,,,,,,,,,,,,,
session_20260630_103628,images_weak_noise_raw/weak_20260630_103736_000027.jpg,images_weak_noise_raw,156,0,model,2,unripe,0.837621,weak,review,weak/noise conf 0.84<0.85,near_threshold_unripe_color_mask_support,2,unripe,2,unripe,,,False,,,True,near_threshold_unripe_color_mask_support,0.642857,1728.0,2017.616577,0.0,0.0,0.0,1.0,331.40625,197.25,50.234375,40.164062,False,,,,,,,,,,,,,,,
session_20260630_103628,images_weak_noise_raw/weak_20260630_103736_000027.jpg,images_weak_noise_raw,156,1,model,2,unripe,0.815233,weak,review,weak/noise conf 0.82<0.85,near_threshold_unripe_color_mask_support,2,unripe,2,unripe,,,False,,,True,near_threshold_unripe_color_mask_support,0.5625,1728.0,2253.341797,0.0,0.0,0.0,1.0,287.0,200.421875,53.710938,41.953125,False,,,,,,,,,,,,,,,
session_20260630_103628,images_weak_noise_raw/weak_20260630_103737_000028.jpg,images_weak_noise_raw,157,0,model,2,unripe,0.811677,weak,review,weak/noise conf 0.81<0.85,near_threshold_unripe_color_mask_support,2,unripe,2,unripe,,,False,,,True,near_threshold_unripe_color_mask_support,0.666667,2048.0,2386.324951,0.0,0.0,0.0,1.0,110.125,200.234375,55.617188,42.90625,False,,,,,,,,,,,,,,,
session_20260630_103628,images_weak_noise_raw/weak_20260630_103737_000028.jpg,images_weak_noise_raw,157,1,model,2,unripe,0.81048,weak,review,weak/noise conf 0.81<0.85,near_threshold_unripe_color_mask_support,2,unripe,2,unripe,,,False,,,True,near_threshold_unripe_color_mask_support,0.541667,1664.0,2284.971191,0.0,0.0,0.0,1.0,156.453125,195.78125,54.515625,41.914062,False,,,,,,,,,,,,,,,
session_20260630_103628,images_weak_noise_raw/weak_20260630_103745_000033.jpg,images_weak_noise_raw,162,5,model,2,unripe,0.569853,weak,color_corrected,weak/noise conf 0.57<0.85,unripe_to_ripe_by_mask_color,2,unripe,1,ripe,1,ripe,True,unripe_to_ripe_by_mask_color,0.894737,False,,0.595238,1600.0,1673.151123,0.578947,0.421053,1.0,0.105263,1164.421875,479.5625,46.328125,36.115234,False,,,,,,,,,,,,,,,
session_20260630_103628,images_weak_noise_raw/weak_20260630_103746_000034.jpg,images_weak_noise_raw,163,1,model,2,unripe,0.744657,weak,color_corrected,weak/noise conf 0.74<0.85 bad_color gy=0.05,unripe_to_ripe_by_mask_color,2,unripe,1,ripe,1,ripe,True,unripe_to_ripe_by_mask_color,0.90909,False,,0.571429,1536.0,1809.420776,0.590909,0.363636,0.954545,0.045455,1096.695312,492.0625,48.554688,37.265625,False,,,,,,,,,,,,,,,
session_20260630_103628,images_weak_noise_raw/weak_20260630_103748_000035.jpg,images_weak_noise_raw,164,3,model,2,unripe,0.743169,weak,color_corrected,weak/noise conf 0.74<0.85 bad_color gy=0.00,unripe_to_ripe_by_mask_color,2,unripe,1,ripe,1,ripe,True,unripe_to_ripe_by_mask_color,1.0,False,,0.642857,1728.0,1989.140259,0.461538,0.538462,1.0,0.0,1026.671875,401.867188,52.078125,38.195312,False,,,,,,,,,,,,,,,
session_20260630_103628,images_weak_noise_raw/weak_20260630_103749_000036.jpg,images_weak_noise_raw,165,2,model,2,unripe,0.762068,weak,color_corrected,weak/noise conf 0.76<0.85,unripe_to_ripe_by_mask_color,2,unripe,1,ripe,1,ripe,True,unripe_to_ripe_by_mask_color,0.821429,False,,0.714286,1920.0,1945.346191,0.321429,0.642857,0.964286,0.142857,1035.21875,221.4375,50.734375,38.34375,False,,,,,,,,,,,,,,,
session_20260630_103628,images_weak_noise_raw/weak_20260630_103749_000036.jpg,images_weak_noise_raw,165,7,model,2,unripe,0.660173,weak,color_corrected,weak/noise conf 0.66<0.85 bad_color gy=0.00,unripe_to_ripe_by_mask_color,2,unripe,1,ripe,1,ripe,True,unripe_to_ripe_by_mask_color,1.0,False,,0.75,2688.0,2930.844238,0.738095,0.261905,1.0,0.0,577.90625,497.757812,57.546875,50.929688,False,,,,,,,,,,,,,,,
session_20260630_103628,images_weak_noise_raw/weak_20260630_103749_000036.jpg,images_weak_noise_raw,165,8,model,2,unripe,0.651354,weak,color_corrected,weak/noise conf 0.65<0.85,unripe_to_ripe_by_mask_color,2,unripe,1,ripe,1,ripe,True,unripe_to_ripe_by_mask_color,0.666666,False,,0.597222,2752.0,3642.556641,0.428571,0.452381,0.880952,0.214286,565.09375,402.1875,66.078125,55.125,False,,,,,,,,,,,,,,,
session_20260630_103628,images_weak_noise_raw/weak_20260630_103749_000036.jpg,images_weak_noise_raw,165,11,model,2,unripe,0.505859,weak,color_corrected,weak/noise conf 0.51<0.85,unripe_to_ripe_by_mask_color,2,unripe,1,ripe,1,ripe,True,unripe_to_ripe_by_mask_color,0.8260860000000001,False,,0.766667,1472.0,1454.340088,0.086957,0.826087,0.913043,0.086957,587.539062,464.0,41.148438,35.34375,False,,,,,,,,,,,,,,,
session_20260630_103628,images_weak_noise_raw/weak_20260630_103751_000037.jpg,images_weak_noise_raw,166,0,model,2,unripe,0.809277,weak,color_corrected,weak/noise conf 0.81<0.85 bad_color gy=0.07,unripe_to_ripe_by_mask_color,2,unripe,1,ripe,1,ripe,True,unripe_to_ripe_by_mask_color,0.9305559999999999,False,,0.727273,4608.0,5420.051758,0.013889,0.986111,1.0,0.069444,544.5625,541.125,70.304688,77.09375,False,,,,,,,,,,,,,,,
session_20260630_103628,images_weak_noise_raw/weak_20260630_103751_000037.jpg,images_weak_noise_raw,166,1,model,1,ripe,0.785308,weak,review,weak/noise conf 0.79<0.80,near_threshold_ripe_color_mask_support,1,ripe,1,ripe,,,False,,,True,near_threshold_ripe_color_mask_support,0.642857,7488.0,9532.601562,0.940171,0.025641,0.965812,0.008547,575.234375,340.5625,99.265625,96.03125,False,,,,,,,,,,,,,,,
session_20260630_103628,images_weak_noise_raw/weak_20260630_103751_000037.jpg,images_weak_noise_raw,166,3,model,2,unripe,0.754914,weak,color_corrected,weak/noise conf 0.75<0.85 bad_color gy=0.00,unripe_to_ripe_by_mask_color,2,unripe,1,ripe,1,ripe,True,unripe_to_ripe_by_mask_color,1.0,False,,0.725275,8448.0,10095.820312,0.878788,0.121212,1.0,0.0,522.5,620.3125,105.75,95.46875,False,,,,,,,,,,,,,,,
session_20260630_103628,images_weak_noise_raw/weak_20260630_103751_000037.jpg,images_weak_noise_raw,166,5,model,2,unripe,0.589834,weak,color_corrected,weak/noise conf 0.59<0.85,unripe_to_ripe_by_mask_color,2,unripe,1,ripe,1,ripe,True,unripe_to_ripe_by_mask_color,0.520548,False,,0.721154,9600.0,12247.273438,0.452055,0.369863,0.821918,0.30137,497.5625,440.0,123.359375,99.28125,False,,,,,,,,,,,,,,,
session_20260630_103628,images_weak_noise_raw/weak_20260630_103759_000040.jpg,images_weak_noise_raw,169,1,model,2,unripe,0.859661,weak,color_corrected,weak/noise bad_color gy=0.00,unripe_to_ripe_by_mask_color,2,unripe,1,ripe,1,ripe,True,unripe_to_ripe_by_mask_color,1.0,False,,0.725,7424.0,8930.746094,0.905172,0.094828,1.0,0.0,191.5625,641.78125,115.375,77.40625,False,,,,,,,,,,,,,,,
session_20260630_103628,images_weak_noise_raw/weak_20260630_103759_000040.jpg,images_weak_noise_raw,169,2,model,2,unripe,0.848973,weak,color_corrected,weak/noise conf 0.85<0.85 bad_color gy=0.04,unripe_to_ripe_by_mask_color,2,unripe,1,ripe,1,ripe,True,unripe_to_ripe_by_mask_color,0.948717,False,,0.709091,4992.0,5960.613281,0.410256,0.576923,0.987179,0.038462,1040.53125,110.46875,87.375,68.21875,False,,,,,,,,,,,,,,,
session_20260630_103628,images_weak_noise_raw/weak_20260630_103759_000040.jpg,images_weak_noise_raw,169,4,model,1,ripe,0.7773,weak,review,weak/noise conf 0.78<0.80,near_threshold_ripe_color_mask_support,1,ripe,1,ripe,,,False,,,True,near_threshold_ripe_color_mask_support,0.674556,7296.0,9548.950195,0.947368,0.026316,0.973684,0.0,242.21875,360.0,97.65625,97.78125,False,,,,,,,,,,,,,,,
session_20260630_103628,images_weak_noise_raw/weak_20260630_103759_000040.jpg,images_weak_noise_raw,169,6,model,2,unripe,0.769078,weak,color_corrected,weak/noise conf 0.77<0.85,unripe_to_ripe_by_mask_color,2,unripe,1,ripe,1,ripe,True,unripe_to_ripe_by_mask_color,0.918919,False,,0.672727,4736.0,6102.545898,0.027027,0.972973,1.0,0.081081,213.34375,560.234375,74.265625,82.171875,False,,,,,,,,,,,,,,,
session_20260630_103628,images_weak_noise_raw/weak_20260630_103759_000040.jpg,images_weak_noise_raw,169,8,model,2,unripe,0.653127,weak,color_corrected,weak/noise conf 0.65<0.85 bad_color gy=0.00,unripe_to_ripe_by_mask_color,2,unripe,1,ripe,1,ripe,True,unripe_to_ripe_by_mask_color,0.971429,False,,0.645455,4544.0,5861.48291,0.9,0.071429,0.971429,0.0,981.03125,60.53125,81.515625,71.90625,False,,,,,,,,,,,,,,,
session_20260630_103628,images_weak_noise_raw/weak_20260630_103802_000042.jpg,images_weak_noise_raw,171,1,model,2,unripe,0.756356,weak,color_corrected,weak/noise conf 0.76<0.85 bad_color gy=0.01,unripe_to_ripe_by_mask_color,2,unripe,1,ripe,1,ripe,True,unripe_to_ripe_by_mask_color,0.980392,False,,0.6375,13056.0,16801.917969,0.504902,0.490196,0.995098,0.014706,807.875,23.6875,148.648438,113.03125,False,,,,,,,,,,,,,,,
session_20260630_103628,images_weak_noise_raw/weak_20260630_103803_000043.jpg,images_weak_noise_raw,172,0,model,2,unripe,0.879147,weak,color_corrected,weak/noise bad_color gy=0.01,unripe_to_ripe_by_mask_color,2,unripe,1,ripe,1,ripe,True,unripe_to_ripe_by_mask_color,0.9740260000000001,False,,0.722222,4992.0,5811.924805,0.428571,0.558442,0.987013,0.012987,736.46875,300.75,89.125,65.210938,False,,,,,,,,,,,,,,,
session_20260630_103628,images_weak_noise_raw/weak_20260630_103803_000043.jpg,images_weak_noise_raw,172,2,model,2,unripe,0.833324,weak,review,weak/noise conf 0.83<0.85,near_threshold_unripe_color_mask_support,2,unripe,2,unripe,,,False,,,True,near_threshold_unripe_color_mask_support,0.660714,2368.0,2720.265137,0.0,0.0625,0.0625,1.0,718.03125,354.179688,56.1875,48.414062,False,,,,,,,,,,,,,,,
session_20260630_103628,images_weak_noise_raw/weak_20260630_103803_000043.jpg,images_weak_noise_raw,172,3,model,2,unripe,0.822188,weak,review,weak/noise conf 0.82<0.85,near_threshold_unripe_color_mask_support,2,unripe,2,unripe,,,False,,,True,near_threshold_unripe_color_mask_support,0.581818,4096.0,4969.847656,0.0,0.0,0.0,1.0,765.890625,391.90625,75.140625,66.140625,False,,,,,,,,,,,,,,,
session_20260630_103628,images_weak_noise_raw/weak_20260630_103803_000043.jpg,images_weak_noise_raw,172,7,model,2,unripe,0.575588,weak,color_corrected,weak/noise conf 0.58<0.85 bad_color gy=0.00,unripe_to_ripe_by_mask_color,2,unripe,1,ripe,1,ripe,True,unripe_to_ripe_by_mask_color,0.985075,False,,0.618182,4352.0,5701.866211,0.955224,0.029851,0.985075,0.0,680.96875,251.09375,79.78125,71.46875,False,,,,,,,,,,,,,,,
session_20260630_103628,images_weak_noise_raw/weak_20260630_103812_000048.jpg,images_weak_noise_raw,177,0,model,2,unripe,0.819894,weak,review,weak/noise conf 0.82<0.85,near_threshold_unripe_color_mask_support,2,unripe,2,unripe,,,False,,,True,near_threshold_unripe_color_mask_support,0.75,3840.0,4554.712891,0.0,0.677966,0.677966,0.661017,794.96875,488.046875,75.734375,60.140625,False,,,,,,,,,,,,,,,
session_20260630_103628,images_weak_noise_raw/weak_20260630_103812_000048.jpg,images_weak_noise_raw,177,1,model,1,ripe,0.786623,weak,review,weak/noise conf 0.79<0.80,near_threshold_ripe_color_mask_support,1,ripe,1,ripe,,,False,,,True,near_threshold_ripe_color_mask_support,0.6,3840.0,5023.224609,0.966667,0.0,0.966667,0.0,539.390625,386.703125,70.671875,71.078125,False,,,,,,,,,,,,,,,
session_20260630_103628,images_weak_noise_raw/weak_20260630_103812_000048.jpg,images_weak_noise_raw,177,2,model,2,unripe,0.77865,weak,color_corrected,weak/noise conf 0.78<0.85 bad_color gy=0.00,unripe_to_ripe_by_mask_color,2,unripe,1,ripe,1,ripe,True,unripe_to_ripe_by_mask_color,0.966667,False,,0.61,3904.0,4703.296875,0.8,0.166667,0.966667,0.0,599.5,418.65625,67.25,69.9375,False,,,,,,,,,,,,,,,
session_20260630_103628,images_weak_noise_raw/weak_20260630_103813_000049.jpg,images_weak_noise_raw,178,0,model,2,unripe,0.811677,weak,color_corrected,weak/noise conf 0.81<0.85 bad_color gy=0.00,unripe_to_ripe_by_mask_color,2,unripe,1,ripe,1,ripe,True,unripe_to_ripe_by_mask_color,0.983871,False,,0.688889,3968.0,4662.225586,0.177419,0.806452,0.983871,0.0,978.5,411.03125,70.53125,66.101562,False,,,,,,,,,,,,,,,
session_20260630_103628,images_weak_noise_raw/weak_20260630_103815_000050.jpg,images_weak_noise_raw,179,1,model,2,unripe,0.744657,weak,color_corrected,weak/noise conf 0.74<0.85 bad_color gy=0.00,unripe_to_ripe_by_mask_color,2,unripe,1,ripe,1,ripe,True,unripe_to_ripe_by_mask_color,1.0,False,,0.666667,3456.0,4340.838867,0.092593,0.907407,1.0,0.0,512.46875,425.25,67.578125,64.234375,False,,,,,,,,,,,,,,,
session_20260630_103628,images_weak_noise_raw/weak_20260630_103816_000051.jpg,images_weak_noise_raw,180,0,model,2,unripe,0.823327,weak,review,weak/noise conf 0.82<0.85,near_threshold_unripe_color_mask_support,2,unripe,2,unripe,,,False,,,True,near_threshold_unripe_color_mask_support,0.530864,2752.0,3566.553955,0.0,0.0,0.0,1.0,767.5,574.453125,61.015625,58.453125,False,,,,,,,,,,,,,,,
session_20260630_103628,images_weak_noise_raw/weak_20260630_103816_000051.jpg,images_weak_noise_raw,180,7,model,2,unripe,0.581303,weak,color_corrected,weak/noise conf 0.58<0.85,unripe_to_ripe_by_mask_color,2,unripe,1,ripe,1,ripe,True,unripe_to_ripe_by_mask_color,0.545455,False,,0.916667,1408.0,1239.200317,0.363636,0.454545,0.818182,0.272727,811.445312,648.832031,42.101562,29.433594,False,,,,,,,,,,,,,,,
session_20260630_103628,images_weak_noise_raw/weak_20260630_103824_000056.jpg,images_weak_noise_raw,185,6,model,2,unripe,0.542863,weak,color_corrected,weak/noise conf 0.54<0.85 bad_color gy=0.00,unripe_to_ripe_by_mask_color,2,unripe,1,ripe,1,ripe,True,unripe_to_ripe_by_mask_color,1.0,False,,0.666667,1792.0,2112.075684,0.962963,0.037037,1.0,0.0,588.0,659.296875,48.78125,43.296875,False,,,,,,,,,,,,,,,
session_20260630_103628,images_weak_noise_raw/weak_20260630_103830_000060.jpg,images_weak_noise_raw,189,6,model,2,unripe,0.602062,weak,color_corrected,weak/noise conf 0.60<0.85 bad_color gy=0.00,unripe_to_ripe_by_mask_color,2,unripe,1,ripe,1,ripe,True,unripe_to_ripe_by_mask_color,0.789474,False,,0.76,1216.0,1024.713501,0.789474,0.0,0.789474,0.0,470.296875,562.835938,32.203125,31.820312,False,,,,,,,,,,,,,,,
session_20260630_103628,images_weak_noise_raw/weak_20260630_103830_000060.jpg,images_weak_noise_raw,189,9,model,2,unripe,0.542863,weak,color_corrected,weak/noise conf 0.54<0.85 bad_color gy=0.00,unripe_to_ripe_by_mask_color,2,unripe,1,ripe,1,ripe,True,unripe_to_ripe_by_mask_color,0.9,False,,0.638889,1472.0,1699.827637,0.85,0.05,0.9,0.0,452.0,520.902344,39.875,42.628906,False,,,,,,,,,,,,,,,
session_20260630_103628,images_weak_noise_raw/weak_20260630_103833_000062.jpg,images_weak_noise_raw,191,8,model,2,unripe,0.558327,weak,color_corrected,weak/noise conf 0.56<0.85,unripe_to_ripe_by_mask_color,2,unripe,1,ripe,1,ripe,True,unripe_to_ripe_by_mask_color,0.5,False,,0.666667,1792.0,1792.552124,0.464286,0.321429,0.785714,0.285714,1114.203125,165.453125,42.007812,42.671875,False,,,,,,,,,,,,,,,
session_20260630_103628,images_weak_noise_raw/weak_20260630_103842_000064.jpg,images_weak_noise_raw,193,0,model,2,unripe,0.808068,weak,review,weak/noise conf 0.81<0.85,near_threshold_unripe_color_mask_support,2,unripe,2,unripe,,,False,,,True,near_threshold_unripe_color_mask_support,0.710059,7680.0,9360.304688,0.0,0.0,0.0,1.0,1085.84375,441.75,92.90625,100.75,False,,,,,,,,,,,,,,,
session_20260630_103628,images_weak_noise_raw/weak_20260630_103849_000065.jpg,images_weak_noise_raw,194,1,model,2,unripe,0.679178,weak,color_corrected,weak/noise conf 0.68<0.85 bad_color gy=0.00,unripe_to_ripe_by_mask_color,2,unripe,1,ripe,1,ripe,True,unripe_to_ripe_by_mask_color,0.819444,False,,0.74,4736.0,4961.03125,0.791667,0.027778,0.819444,0.0,749.296875,230.53125,71.078125,69.796875,False,,,,,,,,,,,,,,,
session_20260630_103628,images_weak_noise_raw/weak_20260630_103851_000066.jpg,images_weak_noise_raw,195,0,model,2,unripe,0.805633,weak,color_corrected,weak/noise conf 0.81<0.85 bad_color gy=0.04,unripe_to_ripe_by_mask_color,2,unripe,1,ripe,1,ripe,True,unripe_to_ripe_by_mask_color,0.959596,False,,0.765152,6464.0,7297.258301,0.69697,0.30303,1.0,0.040404,988.171875,270.34375,82.078125,88.90625,False,,,,,,,,,,,,,,,
session_20260630_103628,images_weak_noise_raw/weak_20260630_103852_000067.jpg,images_weak_noise_raw,196,0,model,2,unripe,0.822188,weak,review,weak/noise conf 0.82<0.85,near_threshold_unripe_color_mask_support,2,unripe,2,unripe,,,False,,,True,near_threshold_unripe_color_mask_support,0.722222,16640.0,20684.447266,0.0,0.0,0.0,1.0,329.40625,190.375,138.53125,149.3125,False,,,,,,,,,,,,,,,
session_20260630_103628,images_weak_noise_raw/weak_20260630_103852_000067.jpg,images_weak_noise_raw,196,2,model,2,unripe,0.732591,weak,color_corrected,weak/noise conf 0.73<0.85,unripe_to_ripe_by_mask_color,2,unripe,1,ripe,1,ripe,True,unripe_to_ripe_by_mask_color,0.89011,False,,0.689394,5824.0,6986.447754,0.769231,0.208791,0.978022,0.087912,665.578125,179.28125,80.390625,86.90625,False,,,,,,,,,,,,,,,
session_20260630_103628,images_weak_noise_raw/weak_20260630_103854_000068.jpg,images_weak_noise_raw,197,0,model,2,unripe,0.844924,weak,review,weak/noise conf 0.84<0.85,near_threshold_unripe_color_mask_support,2,unripe,2,unripe,,,False,,,True,near_threshold_unripe_color_mask_support,0.767974,15040.0,17416.765625,0.0,0.0,0.0,1.0,342.984375,209.375,126.265625,137.9375,False,,,,,,,,,,,,,,,
session_20260630_103628,images_weak_noise_raw/weak_20260630_103854_000068.jpg,images_weak_noise_raw,197,1,model,2,unripe,0.823327,weak,review,weak/noise conf 0.82<0.85,near_threshold_unripe_color_mask_support,2,unripe,2,unripe,,,False,,,True,near_threshold_unripe_color_mask_support,0.708333,6528.0,7449.838867,0.0,0.376238,0.376238,0.960396,650.1875,285.4375,86.21875,86.40625,False,,,,,,,,,,,,,,,
session_20260630_103628,images_weak_noise_raw/weak_20260630_103854_000068.jpg,images_weak_noise_raw,197,3,model,2,unripe,0.680029,weak,color_corrected,weak/noise conf 0.68<0.85 bad_color gy=0.07,unripe_to_ripe_by_mask_color,2,unripe,1,ripe,1,ripe,True,unripe_to_ripe_by_mask_color,0.9072159999999999,False,,0.734848,6208.0,7268.914062,0.71134,0.268041,0.979381,0.072165,665.9375,188.625,80.375,90.4375,False,,,,,,,,,,,,,,,
session_20260630_103628,images_weak_noise_raw/weak_20260630_103855_000069.jpg,images_weak_noise_raw,198,0,model,2,unripe,0.885629,strong,color_corrected,,unripe_to_ripe_by_mask_color,2,unripe,1,ripe,1,ripe,True,unripe_to_ripe_by_mask_color,0.8666670000000001,False,,0.729167,6720.0,8016.228516,0.761905,0.190476,0.952381,0.085714,638.84375,272.34375,84.1875,95.21875,False,,,,,,,,,,,,,,,
session_20260630_103628,images_weak_noise_raw/weak_20260630_103857_000070.jpg,images_weak_noise_raw,199,0,model,2,unripe,0.804406,weak,review,weak/noise conf 0.80<0.85,near_threshold_unripe_color_mask_support,2,unripe,2,unripe,,,False,,,True,near_threshold_unripe_color_mask_support,0.625,2880.0,3372.445557,0.0,0.0,0.0,1.0,566.6875,565.484375,56.046875,60.171875,False,,,,,,,,,,,,,,,
session_20260630_103628,images_weak_noise_raw/weak_20260630_103857_000070.jpg,images_weak_noise_raw,199,2,model,2,unripe,0.705785,weak,color_corrected,weak/noise conf 0.71<0.85 bad_color gy=0.07,unripe_to_ripe_by_mask_color,2,unripe,1,ripe,1,ripe,True,unripe_to_ripe_by_mask_color,0.907895,False,,0.76,4864.0,5464.746094,0.723684,0.25,0.973684,0.065789,422.15625,234.21875,71.875,76.03125,False,,,,,,,,,,,,,,,
session_20260630_103628,images_weak_noise_raw/weak_20260630_103858_000071.jpg,images_weak_noise_raw,200,8,model,2,unripe,0.517571,weak,color_corrected,weak/noise conf 0.52<0.85,unripe_to_ripe_by_mask_color,2,unripe,1,ripe,1,ripe,True,unripe_to_ripe_by_mask_color,0.836364,False,,0.691358,3584.0,4054.796631,0.763636,0.163636,0.927273,0.090909,452.390625,248.46875,62.546875,64.828125,False,,,,,,,,,,,,,,,
session_20260630_103628,images_weak_noise_raw/weak_20260630_103900_000072.jpg,images_weak_noise_raw,201,3,model,2,unripe,0.564099,weak,color_corrected,weak/noise conf 0.56<0.85 bad_color gy=0.03,unripe_to_ripe_by_mask_color,2,unripe,1,ripe,1,ripe,True,unripe_to_ripe_by_mask_color,0.935484,False,,0.7,4032.0,4343.223633,0.806452,0.16129,0.967742,0.032258,354.578125,215.84375,65.265625,66.546875,False,,,,,,,,,,,,,,,
session_20260630_103628,images_weak_noise_raw/weak_20260630_103907_000076.jpg,images_weak_noise_raw,205,3,model,2,unripe,0.627952,weak,color_corrected,weak/noise conf 0.63<0.85 bad_color gy=0.03,unripe_to_ripe_by_mask_color,2,unripe,1,ripe,1,ripe,True,unripe_to_ripe_by_mask_color,0.9173549999999999,False,,0.785714,7744.0,8983.990234,0.603306,0.347107,0.950413,0.033058,251.125,0.0,106.4375,84.40625,False,,,,,,,,,,,,,,,
session_20260630_103628,images_weak_noise_raw/weak_20260630_103919_000081.jpg,images_weak_noise_raw,210,6,model,2,unripe,0.580352,weak,color_corrected,weak/noise conf 0.58<0.85 bad_color gy=0.03,unripe_to_ripe_by_mask_color,2,unripe,1,ripe,1,ripe,True,unripe_to_ripe_by_mask_color,0.959677,False,,0.738095,7936.0,9557.458984,0.733871,0.258065,0.991935,0.032258,617.8125,252.5,93.671875,102.03125,False,,,,,,,,,,,,,,,
session_20260630_103628,images_weak_noise_raw/weak_20260630_103920_000082.jpg,images_weak_noise_raw,211,10,model,2,unripe,0.52342,weak,color_corrected,weak/noise conf 0.52<0.85 bad_color gy=0.02,unripe_to_ripe_by_mask_color,2,unripe,1,ripe,1,ripe,True,unripe_to_ripe_by_mask_color,0.96875,False,,0.793388,6144.0,7061.210938,0.760417,0.229167,0.989583,0.020833,571.84375,257.109375,81.5,86.640625,False,,,,,,,,,,,,,,,
session_20260630_103628,images_weak_noise_raw/weak_20260630_103928_000086.jpg,images_weak_noise_raw,215,0,model,2,unripe,0.845944,weak,review,weak/noise conf 0.85<0.85,near_threshold_unripe_color_mask_support,2,unripe,2,unripe,,,False,,,True,near_threshold_unripe_color_mask_support,0.751479,8128.0,9569.755859,0.0,0.0,0.0,1.0,596.09375,509.15625,97.0625,98.59375,False,,,,,,,,,,,,,,,
session_20260630_103628,images_weak_noise_raw/weak_20260630_103931_000087.jpg,images_weak_noise_raw,216,0,model,2,unripe,0.811677,weak,color_corrected,weak/noise conf 0.81<0.85 bad_color gy=0.04,unripe_to_ripe_by_mask_color,2,unripe,1,ripe,1,ripe,True,unripe_to_ripe_by_mask_color,0.826087,False,,0.761905,3072.0,3554.539307,0.652174,0.217391,0.869565,0.043478,760.484375,353.453125,65.578125,54.203125,False,,,,,,,,,,,,,,,
session_20260630_103628,images_weak_noise_raw/weak_20260630_103932_000088.jpg,images_weak_noise_raw,217,4,model,2,unripe,0.560253,weak,color_corrected,weak/noise conf 0.56<0.85 bad_color gy=0.04,unripe_to_ripe_by_mask_color,2,unripe,1,ripe,1,ripe,True,unripe_to_ripe_by_mask_color,0.678572,False,,0.62963,3264.0,3861.464844,0.535714,0.178571,0.714286,0.035714,760.375,374.875,65.9375,58.5625,False,,,,,,,,,,,,,,,
session_20260630_103628,images_weak_noise_raw/weak_20260630_103935_000090.jpg,images_weak_noise_raw,219,0,model,1,ripe,0.782663,weak,review,weak/noise conf 0.78<0.80,near_threshold_ripe_color_mask_support,1,ripe,1,ripe,,,False,,,True,near_threshold_ripe_color_mask_support,0.611111,5632.0,7205.317383,0.883721,0.034884,0.918605,0.069767,358.78125,3.25,82.96875,86.84375,False,,,,,,,,,,,,,,,
session_20260630_103628,images_weak_noise_raw/weak_20260630_103937_000091.jpg,images_weak_noise_raw,220,0,model,2,unripe,0.773215,weak,color_corrected,weak/noise conf 0.77<0.85 bad_color gy=0.00,unripe_to_ripe_by_mask_color,2,unripe,1,ripe,1,ripe,True,unripe_to_ripe_by_mask_color,0.76,False,,0.694444,3200.0,3639.748535,0.64,0.12,0.76,0.0,768.78125,267.875,63.59375,57.234375,False,,,,,,,,,,,,,,,
session_20260630_103628,images_weak_noise_raw/weak_20260630_103951_000092.jpg,images_weak_noise_raw,221,1,model,2,unripe,0.700075,weak,color_corrected,weak/noise conf 0.70<0.85 bad_color gy=0.03,unripe_to_ripe_by_mask_color,2,unripe,1,ripe,1,ripe,True,unripe_to_ripe_by_mask_color,0.92683,False,,0.775148,8384.0,10039.365234,0.01626,0.943089,0.95935,0.03252,0.4375,194.65625,99.0625,101.34375,False,,,,,,,,,,,,,,,
session_20260630_103628,images_weak_noise_raw/weak_20260630_103953_000093.jpg,images_weak_noise_raw,222,0,model,2,unripe,0.843897,weak,review,weak/noise conf 0.84<0.85,near_threshold_unripe_color_mask_support,2,unripe,2,unripe,,,False,,,True,near_threshold_unripe_color_mask_support,0.719008,5568.0,6547.59375,0.0,0.0,0.0,1.0,627.15625,346.15625,79.125,82.75,False,,,,,,,,,,,,,,,
session_20260630_103628,images_weak_noise_raw/weak_20260630_103953_000093.jpg,images_weak_noise_raw,222,1,model,2,unripe,0.843897,weak,color_corrected,weak/noise conf 0.84<0.85,unripe_to_ripe_by_mask_color,2,unripe,1,ripe,1,ripe,True,unripe_to_ripe_by_mask_color,0.588236,False,,0.659091,5568.0,6559.837891,0.411765,0.382353,0.794118,0.205882,487.96875,186.0,82.9375,79.09375,False,,,,,,,,,,,,,,,
session_20260630_103628,images_weak_noise_raw/weak_20260630_103958_000094.jpg,images_weak_noise_raw,223,0,model,2,unripe,0.834406,weak,color_corrected,weak/noise conf 0.83<0.85,unripe_to_ripe_by_mask_color,2,unripe,1,ripe,1,ripe,True,unripe_to_ripe_by_mask_color,0.6875,False,,0.734848,6208.0,6986.084961,0.46875,0.3125,0.78125,0.09375,435.25,353.21875,86.28125,80.96875,False,,,,,,,,,,,,,,,
session_20260630_103628,images_weak_noise_raw/weak_20260630_103958_000094.jpg,images_weak_noise_raw,223,1,model,1,ripe,0.763481,weak,review,weak/noise conf 0.76<0.80,near_threshold_ripe_color_mask_support,1,ripe,1,ripe,,,False,,,True,near_threshold_ripe_color_mask_support,0.711538,7104.0,7975.901367,0.662338,0.0,0.662338,0.077922,421.96875,263.46875,90.21875,88.40625,False,,,,,,,,,,,,,,,
session_20260630_103628,images_weak_noise_raw/weak_20260630_104000_000095.jpg,images_weak_noise_raw,224,0,model,2,unripe,0.689306,weak,color_corrected,weak/noise conf 0.69<0.85 bad_color gy=0.05,unripe_to_ripe_by_mask_color,2,unripe,1,ripe,1,ripe,True,unripe_to_ripe_by_mask_color,0.8205129999999999,False,,0.694444,3200.0,3630.42334,0.435897,0.435897,0.871795,0.051282,221.796875,358.375,65.671875,55.28125,False,,,,,,,,,,,,,,,
session_20260630_103628,images_weak_noise_raw/weak_20260630_104009_000101.jpg,images_weak_noise_raw,230,0,model,2,unripe,0.839735,weak,review,weak/noise conf 0.84<0.85,near_threshold_unripe_color_mask_support,2,unripe,2,unripe,,,False,,,True,near_threshold_unripe_color_mask_support,0.666667,3840.0,4278.413086,0.0,0.0,0.0,1.0,701.4375,471.703125,68.4375,62.515625,False,,,,,,,,,,,,,,,
session_20260630_103628,images_weak_noise_raw/weak_20260630_104009_000101.jpg,images_weak_noise_raw,230,1,model,2,unripe,0.818738,weak,review,weak/noise conf 0.82<0.85,near_threshold_unripe_color_mask_support,2,unripe,2,unripe,,,False,,,True,near_threshold_unripe_color_mask_support,0.652778,3008.0,3587.629395,0.0,0.0,0.0,1.0,803.71875,576.875,64.40625,55.703125,False,,,,,,,,,,,,,,,
session_20260630_103628,images_weak_noise_raw/weak_20260630_104009_000101.jpg,images_weak_noise_raw,230,2,model,2,unripe,0.818738,weak,review,weak/noise conf 0.82<0.85,near_threshold_unripe_color_mask_support,2,unripe,2,unripe,,,False,,,True,near_threshold_unripe_color_mask_support,0.694444,3200.0,3418.261719,0.0,0.0,0.0,1.0,796.8125,516.09375,61.625,55.46875,False,,,,,,,,,,,,,,,
session_20260630_103628,images_weak_noise_raw/weak_20260630_104009_000101.jpg,images_weak_noise_raw,230,4,model,2,unripe,0.803174,weak,review,weak/noise conf 0.80<0.85,near_threshold_unripe_color_mask_support,2,unripe,2,unripe,,,False,,,True,near_threshold_unripe_color_mask_support,0.666667,3072.0,3579.985352,0.0,0.0,0.0,1.0,712.03125,544.96875,64.90625,55.15625,False,,,,,,,,,,,,,,,
session_20260630_103628,images_weak_noise_raw/weak_20260630_104009_000101.jpg,images_weak_noise_raw,230,6,model,2,unripe,0.786623,weak,color_corrected,weak/noise conf 0.79<0.85,unripe_to_ripe_by_mask_color,2,unripe,1,ripe,1,ripe,True,unripe_to_ripe_by_mask_color,0.574468,False,,0.666667,3072.0,3205.164551,0.0,0.851064,0.851064,0.276596,764.40625,398.28125,61.453125,52.15625,False,,,,,,,,,,,,,,,
session_20260630_103628,images_weak_noise_raw/weak_20260630_104018_000106.jpg,images_weak_noise_raw,235,0,model,2,unripe,0.805633,weak,review,weak/noise conf 0.81<0.85,near_threshold_unripe_color_mask_support,2,unripe,2,unripe,,,False,,,True,near_threshold_unripe_color_mask_support,0.755102,2368.0,2417.088867,0.0,0.0,0.0,1.0,251.46875,599.984375,50.953125,47.4375,False,,,,,,,,,,,,,,,
session_20260630_103628,images_weak_noise_raw/weak_20260630_104022_000109.jpg,images_weak_noise_raw,238,0,model,2,unripe,0.832236,weak,review,weak/noise conf 0.83<0.85,near_threshold_unripe_color_mask_support,2,unripe,2,unripe,,,False,,,True,near_threshold_unripe_color_mask_support,0.7575,19392.0,23392.509766,0.0,0.017123,0.017123,1.0,782.875,114.78125,149.5625,156.40625,False,,,,,,,,,,,,,,,
session_20260630_103628,images_ok_raw/ok_20260630_103644_000003.jpg,images_ok_raw,3,heuristic_0,heuristic,104,HEURISTIC mixed bunch,,none,heuristics,,weak_bunch_anchor_with_child_support_v3,104,HEURISTIC mixed bunch,104,HEURISTIC mixed bunch,,,False,,,False,,0.0,0.0,658764.0000000001,0.0,0.0,0.0,0.0,113.15,0.0,914.9500000000002,720.0,True,weak_bunch_anchor_with_child_support_v3,weak_bunch_anchor,12,unripe bunch,0.567937,0;1;2;3;4;5;6;7;8;9;10;11,12,5,7,10.35,5.7,4.65,mixed,12.912937,union_anchor_children
session_20260630_103628,images_ok_raw/ok_20260630_103645_000004.jpg,images_ok_raw,4,heuristic_0,heuristic,104,HEURISTIC mixed bunch,,none,heuristics,,weak_bunch_anchor_with_child_support_v3,104,HEURISTIC mixed bunch,104,HEURISTIC mixed bunch,,,False,,,False,,0.0,0.0,632794.4999999999,0.0,0.0,0.0,0.0,259.23125,0.0,878.8812499999999,720.0,True,weak_bunch_anchor_with_child_support_v3,weak_bunch_anchor,13,unripe bunch,0.448426,0;2;3;5;6;7;8;10;11;12,10,3,7,8.9,4.0,4.9,mixed,11.063426,union_anchor_children
session_20260630_103628,images_ok_raw/ok_20260630_103646_000005.jpg,images_ok_raw,5,heuristic_0,heuristic,103,HEURISTIC unripe bunch,,none,heuristics,,weak_bunch_anchor_with_child_support_v3,103,HEURISTIC unripe bunch,103,HEURISTIC unripe bunch,,,False,,,False,,0.0,0.0,296382.77221875003,0.0,0.0,0.0,0.0,668.745,216.91875,589.1350000000001,503.08125,True,weak_bunch_anchor_with_child_support_v3,weak_bunch_anchor,11,unripe bunch,0.796925,1;8;10;12;13,5,4,1,3.45,1.0,2.45,unripe,5.104425,union_anchor_children
session_20260630_103628,images_ok_raw/ok_20260630_103647_000006.jpg,images_ok_raw,6,heuristic_0,heuristic,100,HEURISTIC ripe bunch,,none,heuristics,,weak_bunch_anchor_with_child_support_v3,100,HEURISTIC ripe bunch,100,HEURISTIC ripe bunch,,,False,,,False,,0.0,0.0,428257.59280000004,0.0,0.0,0.0,0.0,283.87,209.72,839.2600000000001,510.28,True,weak_bunch_anchor_with_child_support_v3,weak_bunch_anchor,9,unripe bunch,0.413951,0;1;2;3;4;5;6;7;8,9,2,7,8.25,5.7,2.55,ripe,10.658951,union_anchor_children
session_20260630_103628,images_ok_raw/ok_20260630_103654_000012.jpg,images_ok_raw,12,heuristic_0,heuristic,104,HEURISTIC mixed bunch,,none,heuristics,,weak_bunch_anchor_with_child_support_v3,104,HEURISTIC mixed bunch,104,HEURISTIC mixed bunch,,,False,,,False,,0.0,0.0,61464.252410937486,0.0,0.0,0.0,0.0,1002.83375,324.75125,198.61374999999998,309.46624999999995,True,weak_bunch_anchor_with_child_support_v3,weak_bunch_anchor,12,unripe bunch,0.677474,6;9;11,3,3,0,1.6500000000000001,0.55,1.1,mixed,2.7124740000000003,union_anchor_children
session_20260630_103628,images_ok_raw/ok_20260630_103655_000013.jpg,images_ok_raw,13,heuristic_0,heuristic,103,HEURISTIC unripe bunch,,none,heuristics,,weak_bunch_anchor_with_child_support_v3,103,HEURISTIC unripe bunch,103,HEURISTIC unripe bunch,,,False,,,False,,0.0,0.0,110918.21399999999,0.0,0.0,0.0,0.0,0.0,66.86,253.8,437.03,True,weak_bunch_anchor_with_child_support_v3,weak_bunch_anchor,12,unripe bunch,0.588889,0;1;2;4;5;7;9,7,5,2,5.2,0.7,4.5,unripe,7.363889,union_anchor_children
session_20260630_103628,images_ok_raw/ok_20260630_103655_000013.jpg,images_ok_raw,13,heuristic_1,heuristic,104,HEURISTIC mixed bunch,,none,heuristics,,weak_bunch_anchor_with_child_support_v3,104,HEURISTIC mixed bunch,104,HEURISTIC mixed bunch,,,False,,,False,,0.0,0.0,38798.76627343751,0.0,0.0,0.0,0.0,666.5125,344.223125,147.53750000000002,262.97562500000004,True,weak_bunch_anchor_with_child_support_v3,weak_bunch_anchor,3,unripe bunch,0.819317,6;8;11;13,4,4,0,2.25,1.2,1.05,mixed,3.489317,union_anchor_children
session_20260630_103628,images_ok_raw/ok_20260630_103656_000014.jpg,images_ok_raw,14,heuristic_0,heuristic,103,HEURISTIC unripe bunch,,none,heuristics,,weak_bunch_anchor_with_child_support_v3,103,HEURISTIC unripe bunch,103,HEURISTIC unripe bunch,,,False,,,False,,0.0,0.0,119163.00824999998,0.0,0.0,0.0,0.0,0.0,62.415,261.22499999999997,456.17,True,weak_bunch_anchor_with_child_support_v3,weak_bunch_anchor,14,unripe bunch,0.496094,0;1;2;3;6;8;9;11;12,9,7,2,6.05,1.2,4.85,unripe,8.243594,union_anchor_children
session_20260630_103628,images_ok_raw/ok_20260630_103656_000014.jpg,images_ok_raw,14,heuristic_1,heuristic,104,HEURISTIC mixed bunch,,none,heuristics,,weak_bunch_anchor_with_child_support_v3,104,HEURISTIC mixed bunch,104,HEURISTIC mixed bunch,,,False,,,False,,0.0,0.0,35377.50600000001,0.0,0.0,0.0,0.0,664.24,374.85,148.76999999999998,237.80000000000007,True,weak_bunch_anchor_with_child_support_v3,weak_bunch_anchor,4,unripe bunch,0.794385,5;7;13,3,3,0,1.6,1.05,0.55,mixed,2.761885,union_anchor_children
session_20260630_103628,images_ok_raw/ok_20260630_103657_000015.jpg,images_ok_raw,15,heuristic_0,heuristic,103,HEURISTIC unripe bunch,,none,heuristics,,weak_bunch_anchor_with_child_support_v3,103,HEURISTIC unripe bunch,103,HEURISTIC unripe bunch,,,False,,,False,,0.0,0.0,124693.481525,0.0,0.0,0.0,0.0,0.0,33.879999999999995,280.84749999999997,443.99,True,weak_bunch_anchor_with_child_support_v3,weak_bunch_anchor,3,unripe bunch,0.827269,0;1;2;4;5;7;11;12,8,7,1,5.299999999999999,0.55,4.749999999999999,unripe,7.789768999999999,union_anchor_children
session_20260630_103628,images_ok_raw/ok_20260630_103658_000016.jpg,images_ok_raw,16,heuristic_0,heuristic,104,HEURISTIC mixed bunch,,none,heuristics,,weak_bunch_anchor_with_child_support_v3,104,HEURISTIC mixed bunch,104,HEURISTIC mixed bunch,,,False,,,False,,0.0,0.0,36718.28717361119,0.0,0.0,0.0,0.0,688.06625,135.42375008,137.24249999999995,267.54312384,True,weak_bunch_anchor_with_child_support_v3,weak_bunch_anchor,5,unripe bunch,0.801315,6;8;12,3,3,0,1.6,0.55,1.05,mixed,2.768815,union_anchor_children
session_20260630_103628,images_ok_raw/ok_20260630_103700_000017.jpg,images_ok_raw,17,heuristic_0,heuristic,103,HEURISTIC unripe bunch,,none,heuristics,,weak_bunch_anchor_with_child_support_v3,103,HEURISTIC unripe bunch,103,HEURISTIC unripe bunch,,,False,,,False,,0.0,0.0,49368.39776874997,0.0,0.0,0.0,0.0,979.09875,426.99,234.6462499999999,210.39499999999998,True,weak_bunch_anchor_with_child_support_v3,weak_bunch_anchor,7,unripe bunch,0.684265,1;3;5;6;9,5,5,0,2.85,0.0,2.85,unripe,4.531765,union_anchor_children
session_20260630_103628,images_ok_raw/ok_20260630_103700_000017.jpg,images_ok_raw,17,heuristic_1,heuristic,100,HEURISTIC ripe bunch,,none,heuristics,,weak_bunch_anchor_with_child_support_v3,100,HEURISTIC ripe bunch,100,HEURISTIC ripe bunch,,,False,,,False,,0.0,0.0,40689.26791328123,0.0,0.0,0.0,0.0,426.70375,148.266875,156.99874999999997,259.16937499999995,True,weak_bunch_anchor_with_child_support_v3,weak_bunch_anchor,0,unripe bunch,0.840261,2;4;8;10;11,5,5,0,2.6500000000000004,1.6,1.05,ripe,4.050261000000001,union_anchor_children
session_20260630_103628,images_ok_raw/ok_20260630_103701_000018.jpg,images_ok_raw,18,heuristic_0,heuristic,100,HEURISTIC ripe bunch,,none,heuristics,,weak_bunch_anchor_with_child_support_v3,100,HEURISTIC ripe bunch,100,HEURISTIC ripe bunch,,,False,,,False,,0.0,0.0,36484.24228906251,0.0,0.0,0.0,0.0,445.4025,377.1,162.72625,224.20625000000007,True,weak_bunch_anchor_with_child_support_v3,weak_bunch_anchor,3,unripe bunch,0.791821,0;2;4,3,2,1,2.25,1.7,0.55,ripe,3.636821,union_anchor_children
session_20260630_103628,images_ok_raw/ok_20260630_103715_000026.jpg,images_ok_raw,26,heuristic_0,heuristic,100,HEURISTIC ripe bunch,,none,heuristics,,weak_bunch_anchor_with_child_support_v3,100,HEURISTIC ripe bunch,100,HEURISTIC ripe bunch,,,False,,,False,,0.0,0.0,307666.80000000005,0.0,0.0,0.0,0.0,485.03,0.0,427.31500000000005,720.0,True,weak_bunch_anchor_with_child_support_v3,weak_bunch_anchor,4,eripe bunch,0.661923,0;1;2;3,4,1,3,3.55,3.55,0.0,ripe,5.454422999999999,union_anchor_children
session_20260630_103628,images_ok_raw/ok_20260630_103716_000027.jpg,images_ok_raw,27,heuristic_0,heuristic,100,HEURISTIC ripe bunch,,none,heuristics,,weak_bunch_anchor_with_child_support_v3,100,HEURISTIC ripe bunch,100,HEURISTIC ripe bunch,,,False,,,False,,0.0,0.0,280127.88486720005,0.0,0.0,0.0,0.0,521.19987012,0.0,389.06650676000004,720.0,True,weak_bunch_anchor_with_child_support_v3,weak_bunch_anchor,3,eripe bunch,0.713033,0;1;2;4,4,1,3,3.5,3.5,0.0,ripe,5.438033,union_anchor_children
session_20260630_103628,images_ok_raw/ok_20260630_103718_000029.jpg,images_ok_raw,29,heuristic_0,heuristic,103,HEURISTIC unripe bunch,,none,heuristics,,weak_bunch_anchor_with_child_support_v3,103,HEURISTIC unripe bunch,103,HEURISTIC unripe bunch,,,False,,,False,,0.0,0.0,86382.33732812501,0.0,0.0,0.0,0.0,955.55625,453.7525,324.44375,266.2475,True,weak_bunch_anchor_with_child_support_v3,weak_bunch_anchor,7,unripe bunch,0.607663,1;3;4;5;8,5,5,0,2.85,0.0,2.85,unripe,4.455163,union_anchor_children
session_20260630_103628,images_ok_raw/ok_20260630_103720_000030.jpg,images_ok_raw,30,heuristic_0,heuristic,103,HEURISTIC unripe bunch,,none,heuristics,,weak_bunch_anchor_with_child_support_v3,103,HEURISTIC unripe bunch,103,HEURISTIC unripe bunch,,,False,,,False,,0.0,0.0,57030.7224875,0.0,0.0,0.0,0.0,589.18375,259.855,280.53875000000005,203.28999999999996,True,weak_bunch_anchor_with_child_support_v3,weak_bunch_anchor,7,unripe bunch,0.654895,0;1;2;3;5;6,6,5,1,4.05,0.0,4.05,unripe,6.122394999999999,union_anchor_children
session_20260630_103628,images_ok_raw/ok_20260630_103721_000031.jpg,images_ok_raw,31,heuristic_0,heuristic,103,HEURISTIC unripe bunch,,none,heuristics,,weak_bunch_anchor_with_child_support_v3,103,HEURISTIC unripe bunch,103,HEURISTIC unripe bunch,,,False,,,False,,0.0,0.0,51413.90425000002,0.0,0.0,0.0,0.0,479.6625,272.80125,281.30000000000007,182.77250000000004,True,weak_bunch_anchor_with_child_support_v3,weak_bunch_anchor,8,unripe bunch,0.405449,0;1;2;3;5;7,6,6,0,3.5,0.0,3.5,unripe,5.130449,union_anchor_children
session_20260630_103628,images_ok_raw/ok_20260630_103723_000033.jpg,images_ok_raw,33,heuristic_0,heuristic,103,HEURISTIC unripe bunch,,none,heuristics,,weak_bunch_anchor_with_child_support_v3,103,HEURISTIC unripe bunch,103,HEURISTIC unripe bunch,,,False,,,False,,0.0,0.0,70248.24642499999,0.0,0.0,0.0,0.0,287.24,335.48,221.26999999999998,317.47749999999996,True,weak_bunch_anchor_with_child_support_v3,weak_bunch_anchor,7,unripe bunch,0.69181,0;1;2;3;4;5,6,3,3,4.95,0.0,4.95,unripe,7.37431,union_anchor_children
session_20260630_103628,images_ok_raw/ok_20260630_103726_000036.jpg,images_ok_raw,36,heuristic_0,heuristic,103,HEURISTIC unripe bunch,,none,heuristics,,weak_bunch_anchor_with_child_support_v3,103,HEURISTIC unripe bunch,103,HEURISTIC unripe bunch,,,False,,,False,,0.0,0.0,114371.6257125,0.0,0.0,0.0,0.0,192.38,415.1025,375.115,304.8975,True,weak_bunch_anchor_with_child_support_v3,weak_bunch_anchor,5,unripe bunch,0.627039,0;1;2;3;4,5,4,1,3.5,0.0,3.5,unripe,5.3520389999999995,union_anchor_children
session_20260630_103628,images_ok_raw/ok_20260630_103751_000041.jpg,images_ok_raw,41,heuristic_0,heuristic,100,HEURISTIC ripe bunch,,none,heuristics,,weak_bunch_anchor_with_child_support_v3,100,HEURISTIC ripe bunch,100,HEURISTIC ripe bunch,,,False,,,False,,0.0,0.0,152966.4363,0.0,0.0,0.0,0.0,498.24,165.06,275.645,554.94,True,weak_bunch_anchor_with_child_support_v3,weak_bunch_anchor,7,eripe bunch,0.653127,0;1;2;4;6;9,6,5,1,3.8499999999999996,3.8499999999999996,0.0,ripe,5.850626999999999,union_anchor_children
session_20260630_103628,images_ok_raw/ok_20260630_103751_000041.jpg,images_ok_raw,41,heuristic_1,heuristic,103,HEURISTIC unripe bunch,,none,heuristics,,weak_bunch_anchor_with_child_support_v3,103,HEURISTIC unripe bunch,103,HEURISTIC unripe bunch,,,False,,,False,,0.0,0.0,72914.1428375,0.0,0.0,0.0,0.0,909.0525,198.39,270.2075,269.845,True,weak_bunch_anchor_with_child_support_v3,weak_bunch_anchor,10,unripe bunch,0.617858,3;5;8,3,3,0,1.6500000000000001,0.0,1.6500000000000001,unripe,2.845358,union_anchor_children
session_20260630_103628,images_ok_raw/ok_20260630_103758_000048.jpg,images_ok_raw,48,heuristic_0,heuristic,100,HEURISTIC ripe bunch,,none,heuristics,,weak_bunch_anchor_with_child_support_v3,100,HEURISTIC ripe bunch,100,HEURISTIC ripe bunch,,,False,,,False,,0.0,0.0,180054.56925,0.0,0.0,0.0,0.0,271.825,160.01999999999998,321.53749999999997,559.98,True,weak_bunch_anchor_with_child_support_v3,weak_bunch_anchor,14,eripe bunch,0.428234,0;2;3;5;6,5,5,0,2.9000000000000004,2.9000000000000004,0.0,ripe,4.343234000000001,union_anchor_children
session_20260630_103628,images_ok_raw/ok_20260630_103758_000048.jpg,images_ok_raw,48,heuristic_1,heuristic,103,HEURISTIC unripe bunch,,none,heuristics,,weak_bunch_anchor_with_child_support_v3,103,HEURISTIC unripe bunch,103,HEURISTIC unripe bunch,,,False,,,False,,0.0,0.0,55235.975924999984,0.0,0.0,0.0,0.0,739.345,190.31,199.80999999999995,276.4425,True,weak_bunch_anchor_with_child_support_v3,weak_bunch_anchor,7,unripe bunch,0.688469,4;9;11,3,3,0,1.55,0.0,1.55,unripe,2.7809690000000002,union_anchor_children
session_20260630_103628,images_ok_raw/ok_20260630_103759_000049.jpg,images_ok_raw,49,heuristic_0,heuristic,103,HEURISTIC unripe bunch,,none,heuristics,,weak_bunch_anchor_with_child_support_v3,103,HEURISTIC unripe bunch,103,HEURISTIC unripe bunch,,,False,,,False,,0.0,0.0,145004.7096,0.0,0.0,0.0,0.0,823.395,0.0,354.96000000000004,408.51,True,weak_bunch_anchor_with_child_support_v3,weak_bunch_anchor,1,unripe bunch,0.884835,2;4;6;10;12,5,5,0,2.85,1.25,1.6,unripe,4.294835,union_anchor_children
session_20260630_103628,images_ok_raw/ok_20260630_103759_000049.jpg,images_ok_raw,49,heuristic_1,heuristic,100,HEURISTIC ripe bunch,,none,heuristics,,weak_bunch_anchor_with_child_support_v3,100,HEURISTIC ripe bunch,100,HEURISTIC ripe bunch,,,False,,,False,,0.0,0.0,173251.4639625,0.0,0.0,0.0,0.0,21.945,172.035,316.1725,547.965,True,weak_bunch_anchor_with_child_support_v3,weak_bunch_anchor,17,eripe bunch,0.413951,0;3;7;13,4,3,1,2.6,2.6,0.0,ripe,3.9239509999999997,union_anchor_children
session_20260630_103628,images_ok_raw/ok_20260630_103802_000050.jpg,images_ok_raw,50,heuristic_0,heuristic,104,HEURISTIC mixed bunch,,none,heuristics,,weak_bunch_anchor_with_child_support_v3,104,HEURISTIC mixed bunch,104,HEURISTIC mixed bunch,,,False,,,False,,0.0,0.0,340043.58827500005,0.0,0.0,0.0,0.0,669.605,0.0,554.915,612.7850000000001,True,weak_bunch_anchor_with_child_support_v3,weak_bunch_anchor,1,unripe bunch,0.851956,0;2;3;4,4,4,0,2.35,1.25,1.1,mixed,3.639456,union_anchor_children
session_20260630_103628,images_ok_raw/ok_20260630_103803_000051.jpg,images_ok_raw,51,heuristic_0,heuristic,100,HEURISTIC ripe bunch,,none,heuristics,,weak_bunch_anchor_with_child_support_v3,100,HEURISTIC ripe bunch,100,HEURISTIC ripe bunch,,,False,,,False,,0.0,0.0,232389.36704999997,0.0,0.0,0.0,0.0,657.08,62.565,397.59000000000003,584.4949999999999,True,weak_bunch_anchor_with_child_support_v3,weak_bunch_anchor,0,unripe bunch,0.878732,1;2;3;4;5,5,5,0,2.85,1.75,1.1,ripe,4.341232,union_anchor_children
session_20260630_103628,images_ok_raw/ok_20260630_103805_000052.jpg,images_ok_raw,52,heuristic_0,heuristic,103,HEURISTIC unripe bunch,,none,heuristics,,weak_bunch_anchor_with_child_support_v3,103,HEURISTIC unripe bunch,103,HEURISTIC unripe bunch,,,False,,,False,,0.0,0.0,156514.30500000005,0.0,0.0,0.0,0.0,886.2,123.1,330.60000000000014,473.42499999999995,True,weak_bunch_anchor_with_child_support_v3,weak_bunch_anchor,2,unripe bunch,0.857288,1;3;4;5;6,5,5,0,3.3499999999999996,1.4,1.95,unripe,4.889787999999999,union_anchor_children
session_20260630_103628,images_ok_raw/ok_20260630_103813_000056.jpg,images_ok_raw,56,heuristic_0,heuristic,104,HEURISTIC mixed bunch,,none,heuristics,,weak_bunch_anchor_with_child_support_v3,104,HEURISTIC mixed bunch,104,HEURISTIC mixed bunch,,,False,,,False,,0.0,0.0,158489.4670875,0.0,0.0,0.0,0.0,449.555,365.3575,486.76499999999993,325.5975,True,weak_bunch_anchor_with_child_support_v3,weak_bunch_anchor,8,unripe bunch,0.446495,0;1;2;3;4;7,6,6,0,3.4000000000000004,1.6,1.8,mixed,4.476495,union_anchor_children
session_20260630_103628,images_ok_raw/ok_20260630_103814_000057.jpg,images_ok_raw,57,heuristic_0,heuristic,103,HEURISTIC unripe bunch,,none,heuristics,,weak_bunch_anchor_with_child_support_v3,103,HEURISTIC unripe bunch,103,HEURISTIC unripe bunch,,,False,,,False,,0.0,0.0,168127.8316875,0.0,0.0,0.0,0.0,657.3375,358.545,491.73124999999993,341.91,True,weak_bunch_anchor_with_child_support_v3,weak_bunch_anchor,3,unripe bunch,0.699254,0;1;2;4;5;6,6,5,1,3.6500000000000004,1.6,2.05,unripe,5.066754,union_anchor_children
session_20260630_103628,images_ok_raw/ok_20260630_103835_000058.jpg,images_ok_raw,58,heuristic_0,heuristic,103,HEURISTIC unripe bunch,,none,heuristics,,weak_bunch_anchor_with_child_support_v3,103,HEURISTIC unripe bunch,103,HEURISTIC unripe bunch,,,False,,,False,,0.0,0.0,39261.995643750015,0.0,0.0,0.0,0.0,437.9975,470.2325,195.78625000000005,200.53500000000003,True,weak_bunch_anchor_with_child_support_v3,weak_bunch_anchor,4,unripe bunch,0.578448,0;1;2;3,4,4,0,2.35,0.0,2.35,unripe,3.750948,union_anchor_children
session_20260630_103628,images_ok_raw/ok_20260630_103837_000060.jpg,images_ok_raw,60,heuristic_0,heuristic,104,HEURISTIC mixed bunch,,none,heuristics,,weak_bunch_anchor_with_child_support_v3,104,HEURISTIC mixed bunch,104,HEURISTIC mixed bunch,,,False,,,False,,0.0,0.0,145314.0946613281,0.0,0.0,0.0,0.0,533.76625,226.579375,353.201875,411.41937499999995,True,weak_bunch_anchor_with_child_support_v3,weak_bunch_anchor,8,unripe bunch,0.682574,1;2;5;7,4,2,2,3.0999999999999996,1.55,1.55,mixed,4.325074,union_anchor_children
session_20260630_103628,images_ok_raw/ok_20260630_103838_000061.jpg,images_ok_raw,61,heuristic_0,heuristic,100,HEURISTIC ripe bunch,,none,heuristics,,weak_bunch_anchor_with_child_support_v3,100,HEURISTIC ripe bunch,100,HEURISTIC ripe bunch,,,False,,,False,,0.0,0.0,312274.13741655386,0.0,0.0,0.0,0.0,610.41656304,0.0,441.5340619199999,707.2481250000001,True,weak_bunch_anchor_with_child_support_v3,weak_bunch_anchor,5,eripe bunch,0.758509,0;1;3;4;6,5,1,4,4.5,3.0,1.5,ripe,6.308509,union_anchor_children
session_20260630_103628,images_ok_raw/ok_20260630_103839_000062.jpg,images_ok_raw,62,heuristic_0,heuristic,100,HEURISTIC ripe bunch,,none,heuristics,,weak_bunch_anchor_with_child_support_v3,100,HEURISTIC ripe bunch,100,HEURISTIC ripe bunch,,,False,,,False,,0.0,0.0,498587.39999999997,0.0,0.0,0.0,0.0,587.5175,0.0,692.4825,720.0,True,weak_bunch_anchor_with_child_support_v3,weak_bunch_anchor,5,unripe bunch,0.656659,0;2;4;6;7;8,6,4,2,4.05,2.5,1.55,ripe,5.581659,union_anchor_children
session_20260630_103628,images_ok_raw/ok_20260630_103840_000063.jpg,images_ok_raw,63,heuristic_0,heuristic,100,HEURISTIC ripe bunch,,none,heuristics,,weak_bunch_anchor_with_child_support_v3,100,HEURISTIC ripe bunch,100,HEURISTIC ripe bunch,,,False,,,False,,0.0,0.0,454870.79999999993,0.0,0.0,0.0,0.0,315.555,0.0,631.7649999999999,720.0,True,weak_bunch_anchor_with_child_support_v3,weak_bunch_anchor,6,unripe bunch,0.564099,0;1;3;4,4,2,2,3.0999999999999996,2.55,0.55,ripe,4.556598999999999,union_anchor_children
session_20260630_103628,images_ok_raw/ok_20260630_103842_000065.jpg,images_ok_raw,65,heuristic_0,heuristic,100,HEURISTIC ripe bunch,,none,heuristics,,weak_bunch_anchor_with_child_support_v3,100,HEURISTIC ripe bunch,100,HEURISTIC ripe bunch,,,False,,,False,,0.0,0.0,160762.4164,0.0,0.0,0.0,0.0,405.105,305.84,388.16499999999996,414.16,True,weak_bunch_anchor_with_child_support_v3,weak_bunch_anchor,4,eripe bunch,0.684265,0;1;2;3,4,1,3,3.55,3.55,0.0,ripe,5.476764999999999,union_anchor_children
session_20260630_103628,images_ok_raw/ok_20260630_103844_000067.jpg,images_ok_raw,67,heuristic_0,heuristic,103,HEURISTIC unripe bunch,,none,heuristics,,weak_bunch_anchor_with_child_support_v3,103,HEURISTIC unripe bunch,103,HEURISTIC unripe bunch,,,False,,,False,,0.0,0.0,216107.32357500002,0.0,0.0,0.0,0.0,700.445,0.0,477.485,452.595,True,weak_bunch_anchor_with_child_support_v3,weak_bunch_anchor,2,unripe bunch,0.885233,0;1;3;4;5,5,4,1,3.6499999999999995,0.7,2.95,unripe,5.567733,union_anchor_children
session_20260630_103628,images_ok_raw/ok_20260630_103845_000068.jpg,images_ok_raw,68,heuristic_0,heuristic,103,HEURISTIC unripe bunch,,none,heuristics,,weak_bunch_anchor_with_child_support_v3,103,HEURISTIC unripe bunch,103,HEURISTIC unripe bunch,,,False,,,False,,0.0,0.0,234157.81387499996,0.0,0.0,0.0,0.0,476.9,0.0,501.69999999999993,466.72875,True,weak_bunch_anchor_with_child_support_v3,weak_bunch_anchor,2,unripe bunch,0.870599,0;1;3;4;5,5,4,1,3.5,0.7,2.8,unripe,5.350599,union_anchor_children
session_20260630_103628,images_ok_raw/ok_20260630_103852_000073.jpg,images_ok_raw,73,heuristic_0,heuristic,103,HEURISTIC unripe bunch,,none,heuristics,,weak_bunch_anchor_with_child_support_v3,103,HEURISTIC unripe bunch,103,HEURISTIC unripe bunch,,,False,,,False,,0.0,0.0,275872.53400000004,0.0,0.0,0.0,0.0,339.57125,204.8,535.4668750000001,515.2,True,weak_bunch_anchor_with_child_support_v3,weak_bunch_anchor,1,unripe bunch,0.802556,0;3;4;5;6;7,6,6,0,3.3,0.7,2.6,unripe,5.012556,union_anchor_children
session_20260630_103628,images_ok_raw/ok_20260630_103856_000075.jpg,images_ok_raw,75,heuristic_0,heuristic,103,HEURISTIC unripe bunch,,none,heuristics,,weak_bunch_anchor_with_child_support_v3,103,HEURISTIC unripe bunch,103,HEURISTIC unripe bunch,,,False,,,False,,0.0,0.0,178884.20809374997,0.0,0.0,0.0,0.0,421.15,235.7275,369.38749999999993,484.27250000000004,True,weak_bunch_anchor_with_child_support_v3,weak_bunch_anchor,1,unripe bunch,0.786623,0;2;3;4,4,4,0,2.3,0.7,1.6,unripe,3.646623,union_anchor_children
session_20260630_103628,images_ok_raw/ok_20260630_103920_000089.jpg,images_ok_raw,89,heuristic_0,heuristic,103,HEURISTIC unripe bunch,,none,heuristics,,weak_bunch_anchor_with_child_support_v3,103,HEURISTIC unripe bunch,103,HEURISTIC unripe bunch,,,False,,,False,,0.0,0.0,300896.0103784856,0.0,0.0,0.0,0.0,270.29476292000004,179.45162296,556.6495491599999,540.54837704,True,weak_bunch_anchor_with_child_support_v3,weak_bunch_anchor,5,unripe bunch,0.775945,0;2;3;4;7;8;11,7,6,1,4.5,0.55,3.95,unripe,6.658445,union_anchor_children
session_20260630_103628,images_ok_raw/ok_20260630_103921_000090.jpg,images_ok_raw,90,heuristic_0,heuristic,103,HEURISTIC unripe bunch,,none,heuristics,,weak_bunch_anchor_with_child_support_v3,103,HEURISTIC unripe bunch,103,HEURISTIC unripe bunch,,,False,,,False,,0.0,0.0,174075.39420000004,0.0,0.0,0.0,0.0,266.57,199.28,334.29750000000007,520.72,True,weak_bunch_anchor_with_child_support_v3,weak_bunch_anchor,1,unripe bunch,0.876637,0;2;3;6;9;11,6,5,1,3.95,0.5,3.45,unripe,6.034137,union_anchor_children
session_20260630_103628,images_ok_raw/ok_20260630_103945_000106.jpg,images_ok_raw,106,heuristic_0,heuristic,100,HEURISTIC ripe bunch,,none,heuristics,,weak_bunch_anchor_with_child_support_v3,100,HEURISTIC ripe bunch,100,HEURISTIC ripe bunch,,,False,,,False,,0.0,0.0,351201.6,0.0,0.0,0.0,0.0,427.11,0.0,487.78,720.0,True,weak_bunch_anchor_with_child_support_v3,weak_bunch_anchor,6,unripe bunch,0.639736,0;1;2;3;4;5,6,1,5,5.7,5.7,0.0,ripe,8.334736,union_anchor_children
session_20260630_103628,images_ok_raw/ok_20260630_103947_000108.jpg,images_ok_raw,108,heuristic_0,heuristic,100,HEURISTIC ripe bunch,,none,heuristics,,weak_bunch_anchor_with_child_support_v3,100,HEURISTIC ripe bunch,100,HEURISTIC ripe bunch,,,False,,,False,,0.0,0.0,273167.4807,0.0,0.0,0.0,0.0,729.47,27.28,550.53,496.19000000000005,True,weak_bunch_anchor_with_child_support_v3,weak_bunch_anchor,3,eripe bunch,0.766291,0;1;2;4,4,2,2,3.25,3.25,0.0,ripe,5.153791,union_anchor_children
session_20260630_103628,images_ok_raw/ok_20260630_103948_000109.jpg,images_ok_raw,109,heuristic_0,heuristic,100,HEURISTIC ripe bunch,,none,heuristics,,weak_bunch_anchor_with_child_support_v3,100,HEURISTIC ripe bunch,100,HEURISTIC ripe bunch,,,False,,,False,,0.0,0.0,270707.96025,0.0,0.0,0.0,0.0,727.6475,30.450000000000003,552.3525,490.1000000000001,True,weak_bunch_anchor_with_child_support_v3,weak_bunch_anchor,3,eripe bunch,0.787278,0;1;2;4,4,2,2,3.25,3.25,0.0,ripe,5.174778,union_anchor_children
session_20260630_103628,images_ok_raw/ok_20260630_103950_000111.jpg,images_ok_raw,111,heuristic_0,heuristic,100,HEURISTIC ripe bunch,,none,heuristics,,weak_bunch_anchor_with_child_support_v3,100,HEURISTIC ripe bunch,100,HEURISTIC ripe bunch,,,False,,,False,,0.0,0.0,174219.09920451275,0.0,0.0,0.0,0.0,900.67054668,0.0,295.61251963999996,589.34952896,True,weak_bunch_anchor_with_child_support_v3,weak_bunch_anchor,4,unripe bunch,0.746879,0;1;2;3,4,1,3,3.7,3.7,0.0,ripe,5.741879,union_anchor_children
session_20260630_103628,images_ok_raw/ok_20260630_103951_000112.jpg,images_ok_raw,112,heuristic_0,heuristic,100,HEURISTIC ripe bunch,,none,heuristics,,weak_bunch_anchor_with_child_support_v3,100,HEURISTIC ripe bunch,100,HEURISTIC ripe bunch,,,False,,,False,,0.0,0.0,180655.66423386364,0.0,0.0,0.0,0.0,302.69353651999995,0.0,302.8606079599999,596.49772696,True,weak_bunch_anchor_with_child_support_v3,weak_bunch_anchor,5,unripe bunch,0.510741,0;1;2;3,4,1,3,3.7,3.7,0.0,ripe,5.505741,union_anchor_children
session_20260630_103628,images_ok_raw/ok_20260630_104009_000120.jpg,images_ok_raw,120,heuristic_0,heuristic,103,HEURISTIC unripe bunch,,none,heuristics,,weak_bunch_anchor_with_child_support_v3,103,HEURISTIC unripe bunch,103,HEURISTIC unripe bunch,,,False,,,False,,0.0,0.0,53649.28305511418,0.0,0.0,0.0,0.0,653.07781476,347.28597776000004,190.90021748000004,281.03311648,True,weak_bunch_anchor_with_child_support_v3,weak_bunch_anchor,1,unripe bunch,0.886417,0;2;3;4;6;7;8;9;10,9,8,1,5.499999999999999,1.55,3.95,unripe,7.768916999999999,union_anchor_children
session_20260630_103628,images_ok_raw/ok_20260630_104013_000124.jpg,images_ok_raw,124,heuristic_0,heuristic,103,HEURISTIC unripe bunch,,none,heuristics,,weak_bunch_anchor_with_child_support_v3,103,HEURISTIC unripe bunch,103,HEURISTIC unripe bunch,,,False,,,False,,0.0,0.0,131938.85530000002,0.0,0.0,0.0,0.0,465.255,14.515,358.8025,367.72,True,weak_bunch_anchor_with_child_support_v3,weak_bunch_anchor,8,unripe bunch,0.704974,0;1;3;4;5;7;9,7,5,2,4.749999999999999,2.1,2.6500000000000004,unripe,6.382473999999999,union_anchor_children
session_20260630_103628,images_ok_raw/ok_20260630_104018_000126.jpg,images_ok_raw,126,heuristic_0,heuristic,103,HEURISTIC unripe bunch,,none,heuristics,,weak_bunch_anchor_with_child_support_v3,103,HEURISTIC unripe bunch,103,HEURISTIC unripe bunch,,,False,,,False,,0.0,0.0,80150.36965000001,0.0,0.0,0.0,0.0,618.83,157.6825,281.59000000000003,284.635,True,weak_bunch_anchor_with_child_support_v3,weak_bunch_anchor,4,unripe bunch,0.818738,1;2;3;5;6;7;9;10;11,9,8,1,5.999999999999999,1.0,4.999999999999999,unripe,8.568737999999998,union_anchor_children
session_20260630_103628,images_weak_noise_raw/weak_20260630_103656_000012.jpg,images_weak_noise_raw,141,heuristic_0,heuristic,103,HEURISTIC unripe bunch,,none,heuristics,,weak_bunch_anchor_with_child_support_v3,103,HEURISTIC unripe bunch,103,HEURISTIC unripe bunch,,,False,,,False,,0.0,0.0,111076.69320000001,0.0,0.0,0.0,0.0,0.0,57.69,261.36,424.995,True,weak_bunch_anchor_with_child_support_v3,weak_bunch_anchor,4,unripe bunch,0.815233,0;1;2;3;5;6;11;12,8,8,0,5.25,1.2,4.05,unripe,7.482733,union_anchor_children
session_20260630_103628,images_weak_noise_raw/weak_20260630_103656_000012.jpg,images_weak_noise_raw,141,heuristic_1,heuristic,104,HEURISTIC mixed bunch,,none,heuristics,,weak_bunch_anchor_with_child_support_v3,104,HEURISTIC mixed bunch,104,HEURISTIC mixed bunch,,,False,,,False,,0.0,0.0,46134.69495000001,0.0,0.0,0.0,0.0,616.4475,373.28,199.23000000000002,231.56500000000005,True,weak_bunch_anchor_with_child_support_v3,weak_bunch_anchor,7,unripe bunch,0.795022,8;9;13,3,3,0,1.6,1.05,0.55,mixed,2.762522,union_anchor_children
session_20260630_103628,images_weak_noise_raw/weak_20260630_103659_000013.jpg,images_weak_noise_raw,142,heuristic_0,heuristic,103,HEURISTIC unripe bunch,,none,heuristics,,weak_bunch_anchor_with_child_support_v3,103,HEURISTIC unripe bunch,103,HEURISTIC unripe bunch,,,False,,,False,,0.0,0.0,52294.312741053596,0.0,0.0,0.0,0.0,0.0,0.0,197.03218696000002,265.40999999999997,True,weak_bunch_anchor_with_child_support_v3,weak_bunch_anchor,7,unripe bunch,0.740176,0;2;3;4;11,5,5,0,3.3,0.0,3.3,unripe,5.195176,union_anchor_children
session_20260630_103628,images_weak_noise_raw/weak_20260630_103659_000013.jpg,images_weak_noise_raw,142,heuristic_1,heuristic,104,HEURISTIC mixed bunch,,none,heuristics,,weak_bunch_anchor_with_child_support_v3,104,HEURISTIC mixed bunch,104,HEURISTIC mixed bunch,,,False,,,False,,0.0,0.0,33546.17199531249,0.0,0.0,0.0,0.0,615.88875,172.5725,145.25374999999997,230.94875000000002,True,weak_bunch_anchor_with_child_support_v3,weak_bunch_anchor,1,unripe bunch,0.83602,5;8;10,3,3,0,1.6500000000000001,1.1,0.55,mixed,2.87102,union_anchor_children
session_20260630_103628,images_weak_noise_raw/weak_20260630_103700_000014.jpg,images_weak_noise_raw,143,heuristic_0,heuristic,104,HEURISTIC mixed bunch,,none,heuristics,,weak_bunch_anchor_with_child_support_v3,104,HEURISTIC mixed bunch,104,HEURISTIC mixed bunch,,,False,,,False,,0.0,0.0,36681.55534375001,0.0,0.0,0.0,0.0,428.83125,370.29,146.99375000000003,249.54500000000002,True,weak_bunch_anchor_with_child_support_v3,weak_bunch_anchor,0,unripe bunch,0.802556,4;5;6,3,3,0,1.6500000000000001,1.1,0.55,mixed,2.837556,union_anchor_children
session_20260630_103628,images_weak_noise_raw/weak_20260630_103702_000015.jpg,images_weak_noise_raw,144,heuristic_0,heuristic,104,HEURISTIC mixed bunch,,none,heuristics,,weak_bunch_anchor_with_child_support_v3,104,HEURISTIC mixed bunch,104,HEURISTIC mixed bunch,,,False,,,False,,0.0,0.0,39533.94350624999,0.0,0.0,0.0,0.0,468.485,343.12125,150.65499999999997,262.41375,True,weak_bunch_anchor_with_child_support_v3,weak_bunch_anchor,1,unripe bunch,0.775945,0;4;6;8,4,4,0,2.1500000000000004,1.1,1.05,mixed,3.3109450000000002,union_anchor_children
session_20260630_103628,images_weak_noise_raw/weak_20260630_103703_000016.jpg,images_weak_noise_raw,145,heuristic_0,heuristic,104,HEURISTIC mixed bunch,,none,heuristics,,weak_bunch_anchor_with_child_support_v3,104,HEURISTIC mixed bunch,104,HEURISTIC mixed bunch,,,False,,,False,,0.0,0.0,41735.23472500001,0.0,0.0,0.0,0.0,443.885,347.79,160.26125000000002,260.42,True,weak_bunch_anchor_with_child_support_v3,weak_bunch_anchor,1,unripe bunch,0.799442,0;2;7;8,4,4,0,2.25,1.2,1.05,mixed,3.469442,union_anchor_children
session_20260630_103628,images_weak_noise_raw/weak_20260630_103718_000019.jpg,images_weak_noise_raw,148,heuristic_0,heuristic,103,HEURISTIC unripe bunch,,none,heuristics,,weak_bunch_anchor_with_child_support_v3,103,HEURISTIC unripe bunch,103,HEURISTIC unripe bunch,,,False,,,False,,0.0,0.0,49914.14242499998,0.0,0.0,0.0,0.0,1038.93875,501.5325,241.06124999999997,207.05999999999995,True,weak_bunch_anchor_with_child_support_v3,weak_bunch_anchor,7,unripe bunch,0.560253,0;1;6,3,3,0,1.75,0.0,1.75,unripe,2.9227529999999997,union_anchor_children
session_20260630_103628,images_weak_noise_raw/weak_20260630_103728_000024.jpg,images_weak_noise_raw,153,heuristic_0,heuristic,103,HEURISTIC unripe bunch,,none,heuristics,,weak_bunch_anchor_with_child_support_v3,103,HEURISTIC unripe bunch,103,HEURISTIC unripe bunch,,,False,,,False,,0.0,0.0,62565.57834691406,0.0,0.0,0.0,0.0,195.59562496,370.35722252,210.67593808000004,296.9754349600001,True,weak_bunch_anchor_with_child_support_v3,weak_bunch_anchor,3,unripe bunch,0.757075,0;1;2;5;6;7,6,6,0,3.749999999999999,0.0,3.749999999999999,unripe,5.819574999999999,union_anchor_children
session_20260630_103628,images_weak_noise_raw/weak_20260630_103736_000027.jpg,images_weak_noise_raw,156,heuristic_0,heuristic,103,HEURISTIC unripe bunch,,none,heuristics,,weak_bunch_anchor_with_child_support_v3,103,HEURISTIC unripe bunch,103,HEURISTIC unripe bunch,,,False,,,False,,0.0,0.0,26691.383830631396,0.0,0.0,0.0,0.0,271.68480483999997,180.29032024,144.78551831999994,184.35119851999994,True,weak_bunch_anchor_with_child_support_v3,weak_bunch_anchor,3,unripe bunch,0.767687,0;1;2;4;5,5,5,0,3.05,0.0,3.05,unripe,4.885187,union_anchor_children
session_20260630_103628,images_weak_noise_raw/weak_20260630_103737_000028.jpg,images_weak_noise_raw,157,heuristic_0,heuristic,103,HEURISTIC unripe bunch,,none,heuristics,,weak_bunch_anchor_with_child_support_v3,103,HEURISTIC unripe bunch,103,HEURISTIC unripe bunch,,,False,,,False,,0.0,0.0,27922.903922192407,0.0,0.0,0.0,0.0,95.97399300000001,169.28009120000002,154.60111699999996,180.61256259999993,True,weak_bunch_anchor_with_child_support_v3,weak_bunch_anchor,2,unripe bunch,0.808068,0;1;4;5;6,5,5,0,3.05,0.0,3.05,unripe,4.925568,union_anchor_children
session_20260630_103628,images_weak_noise_raw/weak_20260630_103739_000029.jpg,images_weak_noise_raw,158,heuristic_0,heuristic,103,HEURISTIC unripe bunch,,none,heuristics,,weak_bunch_anchor_with_child_support_v3,103,HEURISTIC unripe bunch,103,HEURISTIC unripe bunch,,,False,,,False,,0.0,0.0,48445.49488125001,0.0,0.0,0.0,0.0,92.30875,274.31,159.554375,303.63000000000005,True,weak_bunch_anchor_with_child_support_v3,weak_bunch_anchor,5,unripe bunch,0.690142,0;1;2;3;4;6,6,6,0,3.25,0.0,3.25,unripe,5.077642,union_anchor_children
session_20260630_103628,images_weak_noise_raw/weak_20260630_103742_000031.jpg,images_weak_noise_raw,160,heuristic_0,heuristic,103,HEURISTIC unripe bunch,,none,heuristics,,weak_bunch_anchor_with_child_support_v3,103,HEURISTIC unripe bunch,103,HEURISTIC unripe bunch,,,False,,,False,,0.0,0.0,45606.00161406251,0.0,0.0,0.0,0.0,56.955,382.7725,173.74625000000003,262.48625,True,weak_bunch_anchor_with_child_support_v3,weak_bunch_anchor,0,unripe bunch,0.710629,3;4;5;6,4,4,0,2.0,0.0,2.0,unripe,3.410629,union_anchor_children
session_20260630_103628,images_weak_noise_raw/weak_20260630_103743_000032.jpg,images_weak_noise_raw,161,heuristic_0,heuristic,103,HEURISTIC unripe bunch,,none,heuristics,,weak_bunch_anchor_with_child_support_v3,103,HEURISTIC unripe bunch,103,HEURISTIC unripe bunch,,,False,,,False,,0.0,0.0,45490.46584062501,0.0,0.0,0.0,0.0,0.0,445.218125,167.735,271.204375,True,weak_bunch_anchor_with_child_support_v3,weak_bunch_anchor,1,unripe bunch,0.759223,0;4;6;7,4,4,0,2.05,0.0,2.05,unripe,3.5267229999999996,union_anchor_children
session_20260630_103628,images_weak_noise_raw/weak_20260630_103745_000033.jpg,images_weak_noise_raw,162,heuristic_0,heuristic,104,HEURISTIC mixed bunch,,none,heuristics,,weak_bunch_anchor_with_child_support_v3,104,HEURISTIC mixed bunch,104,HEURISTIC mixed bunch,,,False,,,False,,0.0,0.0,37240.02070574581,0.0,0.0,0.0,0.0,1123.17734372,394.48046888,156.82265628000005,237.46582024000008,True,weak_bunch_anchor_with_child_support_v3,weak_bunch_anchor,0,unripe bunch,0.871477,2;4;5,3,3,0,1.55,0.5,1.05,mixed,2.788977,union_anchor_children
session_20260630_103628,images_weak_noise_raw/weak_20260630_103746_000034.jpg,images_weak_noise_raw,163,heuristic_0,heuristic,103,HEURISTIC unripe bunch,,none,heuristics,,weak_bunch_anchor_with_child_support_v3,103,HEURISTIC unripe bunch,103,HEURISTIC unripe bunch,,,False,,,False,,0.0,0.0,42567.11021871499,0.0,0.0,0.0,0.0,1056.8209769199998,406.52076408,173.33900416000006,245.57144783999996,True,weak_bunch_anchor_with_child_support_v3,weak_bunch_anchor,0,unripe bunch,0.831689,1;3;5;7,4,4,0,2.1,0.55,1.55,unripe,3.474189,union_anchor_children
session_20260630_103628,images_weak_noise_raw/weak_20260630_103748_000035.jpg,images_weak_noise_raw,164,heuristic_0,heuristic,103,HEURISTIC unripe bunch,,none,heuristics,,weak_bunch_anchor_with_child_support_v3,103,HEURISTIC unripe bunch,103,HEURISTIC unripe bunch,,,False,,,False,,0.0,0.0,52956.992835012476,0.0,0.0,0.0,0.0,979.1785812,308.92794424,200.09107960000006,264.66443652,True,weak_bunch_anchor_with_child_support_v3,weak_bunch_anchor,0,unripe bunch,0.808068,3;4;5;10,4,4,0,2.1500000000000004,0.55,1.6,unripe,3.5180680000000004,union_anchor_children
session_20260630_103628,images_weak_noise_raw/weak_20260630_103749_000036.jpg,images_weak_noise_raw,165,heuristic_0,heuristic,100,HEURISTIC ripe bunch,,none,heuristics,,weak_bunch_anchor_with_child_support_v3,100,HEURISTIC ripe bunch,100,HEURISTIC ripe bunch,,,False,,,False,,0.0,0.0,109629.41176875001,0.0,0.0,0.0,0.0,549.42125,195.73,227.25125000000003,482.41499999999996,True,weak_bunch_anchor_with_child_support_v3,weak_bunch_anchor,0,unripe bunch,0.803174,4;5;7;8;11,5,5,0,2.7,1.6,1.1,ripe,4.063174,union_anchor_children
session_20260630_103628,images_weak_noise_raw/weak_20260630_103749_000036.jpg,images_weak_noise_raw,165,heuristic_1,heuristic,103,HEURISTIC unripe bunch,,none,heuristics,,weak_bunch_anchor_with_child_support_v3,103,HEURISTIC unripe bunch,103,HEURISTIC unripe bunch,,,False,,,False,,0.0,0.0,40567.540390625,0.0,0.0,0.0,0.0,1001.34375,127.2075,155.875,260.256875,True,weak_bunch_anchor_with_child_support_v3,weak_bunch_anchor,1,unripe bunch,0.783326,2;3;6;9,4,4,0,2.1500000000000004,0.55,1.6,unripe,3.4933260000000006,union_anchor_children
session_20260630_103628,images_weak_noise_raw/weak_20260630_103759_000040.jpg,images_weak_noise_raw,169,heuristic_0,heuristic,104,HEURISTIC mixed bunch,,none,heuristics,,weak_bunch_anchor_with_child_support_v3,104,HEURISTIC mixed bunch,104,HEURISTIC mixed bunch,,,False,,,False,,0.0,0.0,133645.45657500002,0.0,0.0,0.0,0.0,951.435,0.0,328.56500000000005,406.755,True,weak_bunch_anchor_with_child_support_v3,weak_bunch_anchor,3,unripe bunch,0.83602,2;5;8;9,4,4,0,2.3,1.25,1.05,mixed,3.57352,union_anchor_children
session_20260630_103628,images_weak_noise_raw/weak_20260630_103803_000043.jpg,images_weak_noise_raw,172,heuristic_0,heuristic,104,HEURISTIC mixed bunch,,none,heuristics,,weak_bunch_anchor_with_child_support_v3,104,HEURISTIC mixed bunch,104,HEURISTIC mixed bunch,,,False,,,False,,0.0,0.0,164886.03949999998,0.0,0.0,0.0,0.0,639.925,125.00999999999999,352.7125,467.48,True,weak_bunch_anchor_with_child_support_v3,weak_bunch_anchor,1,unripe bunch,0.87235,0;2;3;4;6;7,6,6,0,3.6499999999999995,1.7,1.95,mixed,5.2048499999999995,union_anchor_children
session_20260630_103628,images_weak_noise_raw/weak_20260630_103805_000044.jpg,images_weak_noise_raw,173,heuristic_0,heuristic,103,HEURISTIC unripe bunch,,none,heuristics,,weak_bunch_anchor_with_child_support_v3,103,HEURISTIC unripe bunch,103,HEURISTIC unripe bunch,,,False,,,False,,0.0,0.0,62143.533038671856,0.0,0.0,0.0,0.0,940.968125,377.98375,223.1731249999999,278.454375,True,weak_bunch_anchor_with_child_support_v3,weak_bunch_anchor,2,unripe bunch,0.727975,1;3;4;6,4,4,0,2.1500000000000004,0.0,2.1500000000000004,unripe,3.6304750000000006,union_anchor_children
session_20260630_103628,images_weak_noise_raw/weak_20260630_103815_000050.jpg,images_weak_noise_raw,179,heuristic_0,heuristic,104,HEURISTIC mixed bunch,,none,heuristics,,weak_bunch_anchor_with_child_support_v3,104,HEURISTIC mixed bunch,104,HEURISTIC mixed bunch,,,False,,,False,,0.0,0.0,160658.62685,0.0,0.0,0.0,0.0,344.315,366.1225,482.99499999999995,332.63000000000005,True,weak_bunch_anchor_with_child_support_v3,weak_bunch_anchor,5,unripe bunch,0.67405,0;1;2;3;4;6;7,7,6,1,4.25,2.1500000000000004,2.1,mixed,5.676550000000001,union_anchor_children
session_20260630_103628,images_weak_noise_raw/weak_20260630_103816_000051.jpg,images_weak_noise_raw,180,heuristic_0,heuristic,103,HEURISTIC unripe bunch,,none,heuristics,,weak_bunch_anchor_with_child_support_v3,103,HEURISTIC unripe bunch,103,HEURISTIC unripe bunch,,,False,,,False,,0.0,0.0,103886.0988770844,0.0,0.0,0.0,0.0,739.545,463.71101616,405.34749999999997,256.28898384,True,weak_bunch_anchor_with_child_support_v3,weak_bunch_anchor,6,unripe bunch,0.593609,0;2;3;5;7,5,5,0,2.85,0.5,2.35,unripe,4.266109,union_anchor_children
session_20260630_103628,images_weak_noise_raw/weak_20260630_103816_000051.jpg,images_weak_noise_raw,180,heuristic_1,heuristic,103,HEURISTIC unripe bunch,,none,heuristics,,weak_bunch_anchor_with_child_support_v3,103,HEURISTIC unripe bunch,103,HEURISTIC unripe bunch,,,False,,,False,,0.0,0.0,33008.73578854739,0.0,0.0,0.0,0.0,757.199844,479.71906296,137.51437499999997,240.03843808,True,weak_bunch_anchor_with_child_support_v3,weak_bunch_anchor,4,unripe bunch,0.719384,0;2;3;7,4,4,0,2.3,0.5,1.8,unripe,3.6493839999999995,union_anchor_children
session_20260630_103628,images_weak_noise_raw/weak_20260630_103829_000059.jpg,images_weak_noise_raw,188,heuristic_0,heuristic,103,HEURISTIC unripe bunch,,none,heuristics,,weak_bunch_anchor_with_child_support_v3,103,HEURISTIC unripe bunch,103,HEURISTIC unripe bunch,,,False,,,False,,0.0,0.0,37347.20618671873,0.0,0.0,0.0,0.0,548.37625,162.475625,159.02874999999995,234.84562499999996,True,weak_bunch_anchor_with_child_support_v3,weak_bunch_anchor,1,unripe bunch,0.704974,0;2;4;5,4,4,0,2.05,0.0,2.05,unripe,3.4724739999999996,union_anchor_children
session_20260630_103628,images_weak_noise_raw/weak_20260630_103830_000060.jpg,images_weak_noise_raw,189,heuristic_0,heuristic,103,HEURISTIC unripe bunch,,none,heuristics,,weak_bunch_anchor_with_child_support_v3,103,HEURISTIC unripe bunch,103,HEURISTIC unripe bunch,,,False,,,False,,0.0,0.0,158549.2207945312,0.0,0.0,0.0,0.0,448.370625,130.35750000000002,317.93062499999996,498.6912499999999,True,weak_bunch_anchor_with_child_support_v3,weak_bunch_anchor,10,unripe bunch,0.498047,1;3;4;5;6;7;8,7,7,0,3.6500000000000004,0.5,3.1500000000000004,unripe,5.250547,union_anchor_children
session_20260630_103628,images_weak_noise_raw/weak_20260630_103830_000060.jpg,images_weak_noise_raw,189,heuristic_1,heuristic,103,HEURISTIC unripe bunch,,none,heuristics,,weak_bunch_anchor_with_child_support_v3,103,HEURISTIC unripe bunch,103,HEURISTIC unripe bunch,,,False,,,False,,0.0,0.0,53409.347578125,0.0,0.0,0.0,0.0,543.8,150.15,206.35312499999998,258.82500000000005,True,weak_bunch_anchor_with_child_support_v3,weak_bunch_anchor,0,unripe bunch,0.785308,1;3;4;5;7;8,6,6,0,3.1500000000000004,0.0,3.1500000000000004,unripe,5.037808,union_anchor_children
session_20260630_103628,images_weak_noise_raw/weak_20260630_103832_000061.jpg,images_weak_noise_raw,190,heuristic_0,heuristic,103,HEURISTIC unripe bunch,,none,heuristics,,weak_bunch_anchor_with_child_support_v3,103,HEURISTIC unripe bunch,103,HEURISTIC unripe bunch,,,False,,,False,,0.0,0.0,62253.93786461413,0.0,0.0,0.0,0.0,516.93093752,152.27,233.90765596000006,266.14750000000004,True,weak_bunch_anchor_with_child_support_v3,weak_bunch_anchor,0,unripe bunch,0.800692,2;3;4;5;6;7;8,7,7,0,3.6500000000000004,0.0,3.6500000000000004,unripe,5.728192,union_anchor_children
session_20260630_103628,images_weak_noise_raw/weak_20260630_103833_000062.jpg,images_weak_noise_raw,191,heuristic_0,heuristic,103,HEURISTIC unripe bunch,,none,heuristics,,weak_bunch_anchor_with_child_support_v3,103,HEURISTIC unripe bunch,103,HEURISTIC unripe bunch,,,False,,,False,,0.0,0.0,82155.33073237288,0.0,0.0,0.0,0.0,1015.33649036,137.98564744,246.93625627999995,332.69853512,True,weak_bunch_anchor_with_child_support_v3,weak_bunch_anchor,9,unripe bunch,0.531209,1;2;3;4;5;7;8,7,7,0,3.8,0.5,3.3,unripe,5.486209000000001,union_anchor_children
session_20260630_103628,images_weak_noise_raw/weak_20260630_103855_000069.jpg,images_weak_noise_raw,198,heuristic_0,heuristic,103,HEURISTIC unripe bunch,,none,heuristics,,weak_bunch_anchor_with_child_support_v3,103,HEURISTIC unripe bunch,103,HEURISTIC unripe bunch,,,False,,,False,,0.0,0.0,224949.16620000004,0.0,0.0,0.0,0.0,317.795625,227.51999999999998,456.76812500000005,492.48,True,weak_bunch_anchor_with_child_support_v3,weak_bunch_anchor,2,unripe bunch,0.646013,0;1;3;4,4,3,1,2.55,1.0,1.55,unripe,3.7385129999999998,union_anchor_children
session_20260630_103628,images_weak_noise_raw/weak_20260630_103858_000071.jpg,images_weak_noise_raw,200,heuristic_0,heuristic,103,HEURISTIC unripe bunch,,none,heuristics,,weak_bunch_anchor_with_child_support_v3,103,HEURISTIC unripe bunch,103,HEURISTIC unripe bunch,,,False,,,False,,0.0,0.0,43229.113537499994,0.0,0.0,0.0,0.0,494.51,455.315,185.63625000000002,232.86999999999995,True,weak_bunch_anchor_with_child_support_v3,weak_bunch_anchor,3,unripe bunch,0.679178,0;1;4;5,4,4,0,2.1500000000000004,0.0,2.1500000000000004,unripe,3.581678,union_anchor_children
session_20260630_103628,images_weak_noise_raw/weak_20260630_103858_000071.jpg,images_weak_noise_raw,200,heuristic_1,heuristic,104,HEURISTIC mixed bunch,,none,heuristics,,weak_bunch_anchor_with_child_support_v3,104,HEURISTIC mixed bunch,104,HEURISTIC mixed bunch,,,False,,,False,,0.0,0.0,120111.03351992194,0.0,0.0,0.0,0.0,310.69265652,203.14863604,263.36078095999994,456.0703119199999,True,weak_bunch_anchor_with_child_support_v3,weak_bunch_anchor,6,unripe bunch,0.54577,2;4;8,3,3,0,1.6,0.5,1.1,mixed,2.53077,union_anchor_children
session_20260630_103628,images_weak_noise_raw/weak_20260630_103919_000081.jpg,images_weak_noise_raw,210,heuristic_0,heuristic,103,HEURISTIC unripe bunch,,none,heuristics,,weak_bunch_anchor_with_child_support_v3,103,HEURISTIC unripe bunch,103,HEURISTIC unripe bunch,,,False,,,False,,0.0,0.0,279890.581875,0.0,0.0,0.0,0.0,395.335,184.40625,522.5799999999999,535.59375,True,weak_bunch_anchor_with_child_support_v3,weak_bunch_anchor,0,unripe bunch,0.803791,1;2;3;4;6;7;9,7,7,0,3.7,0.5,3.2,unripe,5.623791000000001,union_anchor_children
session_20260630_103628,images_weak_noise_raw/weak_20260630_103920_000082.jpg,images_weak_noise_raw,211,heuristic_0,heuristic,103,HEURISTIC unripe bunch,,none,heuristics,,weak_bunch_anchor_with_child_support_v3,103,HEURISTIC unripe bunch,103,HEURISTIC unripe bunch,,,False,,,False,,0.0,0.0,194786.98555198326,0.0,0.0,0.0,0.0,389.59562504,200.79,375.1603119200001,519.21,True,weak_bunch_anchor_with_child_support_v3,weak_bunch_anchor,1,unripe bunch,0.772529,2;3;4;9;10,5,5,0,2.6500000000000004,0.5,2.1500000000000004,unripe,4.175029,union_anchor_children
session_20260630_103628,images_weak_noise_raw/weak_20260630_103923_000084.jpg,images_weak_noise_raw,213,heuristic_0,heuristic,103,HEURISTIC unripe bunch,,none,heuristics,,weak_bunch_anchor_with_child_support_v3,103,HEURISTIC unripe bunch,103,HEURISTIC unripe bunch,,,False,,,False,,0.0,0.0,34697.74304293379,0.0,0.0,0.0,0.0,776.535,122.76624992,224.24249999999995,154.73312615999998,True,weak_bunch_anchor_with_child_support_v3,weak_bunch_anchor,0,unripe bunch,0.734882,4;5;7,3,3,0,1.5,0.0,1.5,unripe,2.759882,union_anchor_children
session_20260630_103628,images_weak_noise_raw/weak_20260630_104006_000099.jpg,images_weak_noise_raw,228,heuristic_0,heuristic,103,HEURISTIC unripe bunch,,none,heuristics,,weak_bunch_anchor_with_child_support_v3,103,HEURISTIC unripe bunch,103,HEURISTIC unripe bunch,,,False,,,False,,0.0,0.0,19352.66650025466,0.0,0.0,0.0,0.0,837.99042004,499.64141023999997,119.93737291999992,161.35643151999994,True,weak_bunch_anchor_with_child_support_v3,weak_bunch_anchor,0,unripe bunch,0.886417,2;3;4;5;6;8,6,6,0,3.05,0.0,3.05,unripe,5.0039169999999995,union_anchor_children
session_20260630_103628,images_weak_noise_raw/weak_20260630_104007_000100.jpg,images_weak_noise_raw,229,heuristic_0,heuristic,103,HEURISTIC unripe bunch,,none,heuristics,,weak_bunch_anchor_with_child_support_v3,103,HEURISTIC unripe bunch,103,HEURISTIC unripe bunch,,,False,,,False,,0.0,0.0,16589.673268897528,0.0,0.0,0.0,0.0,768.5090751199999,365.03295248,107.34931275999998,154.53916604,True,weak_bunch_anchor_with_child_support_v3,weak_bunch_anchor,0,unripe bunch,0.840784,1;2;3;4;5,5,5,0,2.6,0.0,2.6,unripe,4.350784,union_anchor_children
session_20260630_103628,images_weak_noise_raw/weak_20260630_104009_000101.jpg,images_weak_noise_raw,230,heuristic_0,heuristic,103,HEURISTIC unripe bunch,,none,heuristics,,weak_bunch_anchor_with_child_support_v3,103,HEURISTIC unripe bunch,103,HEURISTIC unripe bunch,,,False,,,False,,0.0,0.0,66446.60842187499,0.0,0.0,0.0,0.0,676.93125,369.9975,205.35624999999993,323.56750000000005,True,weak_bunch_anchor_with_child_support_v3,weak_bunch_anchor,3,unripe bunch,0.81582,0;1;2;4;5;6;7;8,8,8,0,4.999999999999999,0.55,4.449999999999999,unripe,7.37332,union_anchor_children
session_20260630_103628,images_weak_noise_raw/weak_20260630_104016_000105.jpg,images_weak_noise_raw,234,heuristic_0,heuristic,103,HEURISTIC unripe bunch,,none,heuristics,,weak_bunch_anchor_with_child_support_v3,103,HEURISTIC unripe bunch,103,HEURISTIC unripe bunch,,,False,,,False,,0.0,0.0,42241.51340082135,0.0,0.0,0.0,0.0,885.17218696,276.98375,195.63218808,215.92312500000003,True,weak_bunch_anchor_with_child_support_v3,weak_bunch_anchor,0,unripe bunch,0.776624,5;9;11;15;17;19,6,6,0,3.1500000000000004,0.5,2.6500000000000004,unripe,4.8541240000000005,union_anchor_children
session_20260630_103628,images_weak_noise_raw/weak_20260630_104016_000105.jpg,images_weak_noise_raw,234,heuristic_1,heuristic,103,HEURISTIC unripe bunch,,none,heuristics,,weak_bunch_anchor_with_child_support_v3,103,HEURISTIC unripe bunch,103,HEURISTIC unripe bunch,,,False,,,False,,0.0,0.0,46144.25967592116,0.0,0.0,0.0,0.0,315.49625008,576.99656248,322.6793738399999,143.00343752000003,True,weak_bunch_anchor_with_child_support_v3,weak_bunch_anchor,6,unripe bunch,0.70253,2;7;14;22,4,4,0,2.1,0.0,2.1,unripe,3.53753,union_anchor_children
session_20260630_103628,images_weak_noise_raw/weak_20260630_104016_000105.jpg,images_weak_noise_raw,234,heuristic_2,heuristic,103,HEURISTIC unripe bunch,,none,heuristics,,weak_bunch_anchor_with_child_support_v3,103,HEURISTIC unripe bunch,103,HEURISTIC unripe bunch,,,False,,,False,,0.0,0.0,15306.135610937506,0.0,0.0,0.0,0.0,548.28,593.505625,121.00250000000005,126.49437499999999,True,weak_bunch_anchor_with_child_support_v3,weak_bunch_anchor,13,unripe bunch,0.624294,2;3;14,3,3,0,1.6,0.0,1.6,unripe,2.784294,union_anchor_children
session_20260630_103628,images_weak_noise_raw/weak_20260630_104018_000106.jpg,images_weak_noise_raw,235,heuristic_0,heuristic,103,HEURISTIC unripe bunch,,none,heuristics,,weak_bunch_anchor_with_child_support_v3,103,HEURISTIC unripe bunch,103,HEURISTIC unripe bunch,,,False,,,False,,0.0,0.0,71308.38474375001,0.0,0.0,0.0,0.0,617.088125,179.685,290.308125,245.63,True,weak_bunch_anchor_with_child_support_v3,weak_bunch_anchor,1,unripe bunch,0.795022,6;9;10;12;14;15;16;21;24,9,9,0,4.85,0.5,4.35,unripe,7.167522,union_anchor_children
session_20260630_103628,images_weak_noise_raw/weak_20260630_104018_000106.jpg,images_weak_noise_raw,235,heuristic_1,heuristic,103,HEURISTIC unripe bunch,,none,heuristics,,weak_bunch_anchor_with_child_support_v3,103,HEURISTIC unripe bunch,103,HEURISTIC unripe bunch,,,False,,,False,,0.0,0.0,41150.013524999995,0.0,0.0,0.0,0.0,0.0,487.665,177.11499999999998,232.33499999999998,True,weak_bunch_anchor_with_child_support_v3,weak_bunch_anchor,2,unripe bunch,0.791821,4;5;19;20,4,4,0,2.1500000000000004,0.0,2.1500000000000004,unripe,3.6943210000000004,union_anchor_children
session_20260630_103628,images_weak_noise_raw/weak_20260630_104018_000106.jpg,images_weak_noise_raw,235,heuristic_2,heuristic,103,HEURISTIC unripe bunch,,none,heuristics,,weak_bunch_anchor_with_child_support_v3,103,HEURISTIC unripe bunch,103,HEURISTIC unripe bunch,,,False,,,False,,0.0,0.0,22685.186562500003,0.0,0.0,0.0,0.0,241.78125,496.395,120.53125,188.21000000000004,True,weak_bunch_anchor_with_child_support_v3,weak_bunch_anchor,18,unripe bunch,0.656659,0;7;11,3,3,0,1.8,0.0,1.8,unripe,3.086659,union_anchor_children
