session_id,image_path,image_group,frame_id,detection_id,source_type,class_id,class_name,confidence,old_status,new_status,old_reject_reason,new_reject_reason,original_class_id,original_class_name,new_class_id,new_class_name,corrected_class_id,corrected_class_name,class_corrected_by_color,correction_reason,color_correction_score,review_candidate,review_reason,mask_density,mask_area,box_area,red_ratio,orange_ratio,warm_ratio,green_yellow_ratio,bbox_x,bbox_y,bbox_w,bbox_h,promoted_by_policy,promotion_reason,heuristic_type,anchor_detection_id,anchor_bunch_class,anchor_bunch_confidence,child_detection_ids,child_count,weak_child_count,strong_child_count,weighted_child_count,ripe_evidence_score,unripe_evidence_score,dominant_maturity,heuristic_score,bbox_source
session_20260630_103628,images_ok_raw/ok_20260630_103642_000001.jpg,images_ok_raw,1,0,model,1,ripe,0.795658,weak,review,weak/noise conf 0.80<0.80,near_threshold_ripe_color_mask_support,1,ripe,1,ripe,,,False,,,True,near_threshold_ripe_color_mask_support,0.758824,8256.0,9307.879883,0.862903,0.08871,0.951613,0.048387,308.9375,646.59375,128.21875,72.59375,False,,,,,,,,,,,,,,,
session_20260630_103628,images_ok_raw/ok_20260630_103642_000001.jpg,images_ok_raw,1,1,model,2,unripe,0.233709,noise,noise,weak/noise conf 0.23<0.85,,2,unripe,2,unripe,,,False,,,False,,0.65,4992.0,6066.958008,0.0,0.0,0.0,1.0,503.15625,547.5,71.71875,84.59375,False,,,,,,,,,,,,,,,
session_20260630_103628,images_ok_raw/ok_20260630_103642_000001.jpg,images_ok_raw,1,2,model,2,unripe,0.205615,noise,noise,weak/noise conf 0.21<0.85 roi,,2,unripe,2,unripe,,,False,,,False,,0.787879,3328.0,3707.129883,0.0,0.0,0.0,1.0,504.421875,672.390625,80.140625,46.257812,False,,,,,,,,,,,,,,,
session_20260630_103628,images_ok_raw/ok_20260630_103643_000002.jpg,images_ok_raw,2,0,model,1,ripe,0.924145,strong,strong,,,1,ripe,1,ripe,,,False,,,False,,0.801587,12928.0,15193.707031,0.990099,0.0,0.990099,0.0,0.28125,0.0,107.28125,141.625,False,,,,,,,,,,,,,,,
session_20260630_103628,images_ok_raw/ok_20260630_103643_000002.jpg,images_ok_raw,2,1,model,2,unripe,0.894052,strong,strong,,,2,unripe,2,unripe,,,False,,,False,,0.774854,16960.0,20176.160156,0.0,0.072165,0.072165,0.958763,0.3125,572.1875,138.015625,146.1875,False,,,,,,,,,,,,,,,
session_20260630_103628,images_ok_raw/ok_20260630_103643_000002.jpg,images_ok_raw,2,2,model,3,unripe bunch,0.775945,strong,strong,,,3,unripe bunch,3,unripe bunch,,,False,,,False,,0.183457,47552.0,252015.96875,0.0,0.077406,0.077406,0.947699,1.25,0.0,350.875,718.25,False,,,,,,,,,,,,,,,
session_20260630_103628,images_ok_raw/ok_20260630_103643_000002.jpg,images_ok_raw,2,3,model,2,unripe,0.827826,weak,review,weak/noise conf 0.83<0.85,near_threshold_unripe_color_mask_support,2,unripe,2,unripe,,,False,,,True,near_threshold_unripe_color_mask_support,0.691176,15040.0,19706.164062,0.0,0.0,0.0,1.0,78.8125,481.625,149.75,131.59375,False,,,,,,,,,,,,,,,
session_20260630_103628,images_ok_raw/ok_20260630_103643_000002.jpg,images_ok_raw,2,4,model,2,unripe,0.791821,weak,weak,weak/noise conf 0.79<0.85,,2,unripe,2,unripe,,,False,,,False,,0.689076,10496.0,12869.014648,0.0,0.0,0.0,1.0,195.914062,273.9375,125.398438,102.625,False,,,,,,,,,,,,,,,
session_20260630_103628,images_ok_raw/ok_20260630_103643_000002.jpg,images_ok_raw,2,5,model,2,unripe,0.756356,weak,weak,weak/noise conf 0.76<0.85,,2,unripe,2,unripe,,,False,,,False,,0.622727,8768.0,12469.734375,0.0,0.0,0.0,1.0,0.0,320.75,80.0625,155.75,False,,,,,,,,,,,,,,,
session_20260630_103628,images_ok_raw/ok_20260630_103643_000002.jpg,images_ok_raw,2,6,model,2,unripe,0.680029,weak,weak,weak/noise conf 0.68<0.85,,2,unripe,2,unripe,,,False,,,False,,0.673684,20480.0,27864.941406,0.0,0.212219,0.212219,0.96463,125.5,70.75,145.9375,190.9375,False,,,,,,,,,,,,,,,
session_20260630_103628,images_ok_raw/ok_20260630_103643_000002.jpg,images_ok_raw,2,7,model,1,ripe,0.662797,weak,weak,weak/noise conf 0.66<0.80,,1,ripe,1,ripe,,,False,,,False,,0.722727,20352.0,25609.882812,0.704403,0.295597,1.0,0.0,0.9375,126.5,168.46875,152.015625,False,,,,,,,,,,,,,,,
session_20260630_103628,images_ok_raw/ok_20260630_103643_000002.jpg,images_ok_raw,2,8,model,2,unripe,0.495117,weak,weak,weak/noise conf 0.50<0.85 bad_color gy=0.00,,2,unripe,2,unripe,,,False,,,False,,0.759524,20416.0,25680.375,0.702194,0.297806,1.0,0.0,0.0,126.890625,168.0,152.859375,False,,,,,,,,,,,,,,,
session_20260630_103628,images_ok_raw/ok_20260630_103643_000002.jpg,images_ok_raw,2,9,model,2,unripe,0.32595,weak,weak,weak/noise conf 0.33<0.85,,2,unripe,2,unripe,,,False,,,False,,0.781046,15296.0,17595.808594,0.0,0.0,0.0,1.0,107.4375,355.90625,135.125,130.21875,False,,,,,,,,,,,,,,,
session_20260630_103628,images_ok_raw/ok_20260630_103643_000002.jpg,images_ok_raw,2,10,model,2,unripe,0.229537,noise,noise,weak/noise conf 0.23<0.85 roi,,2,unripe,2,unripe,,,False,,,False,,0.875,1344.0,1391.749512,0.0,0.904762,0.904762,0.52381,0.0,660.039062,23.210938,59.960938,False,,,,,,,,,,,,,,,
session_20260630_103628,images_ok_raw/ok_20260630_103643_000002.jpg,images_ok_raw,2,11,model,2,unripe,0.155589,noise,noise,weak/noise conf 0.16<0.85 roi,,2,unripe,2,unripe,,,False,,,False,,0.923077,4608.0,4088.722412,0.0,0.0,0.0,1.0,198.96875,674.804688,90.71875,45.070312,False,,,,,,,,,,,,,,,
session_20260630_103628,images_ok_raw/ok_20260630_103644_000003.jpg,images_ok_raw,3,0,model,1,ripe,0.950414,strong,strong,,,1,ripe,1,ripe,,,False,,,False,,0.663004,23168.0,30768.867188,0.747875,0.226629,0.974504,0.0,537.9375,133.6875,199.3125,154.375,False,,,,,,,,,,,,,,,
session_20260630_103628,images_ok_raw/ok_20260630_103644_000003.jpg,images_ok_raw,3,1,model,1,ripe,0.929438,strong,strong,,,1,ripe,1,ripe,,,False,,,False,,0.690625,14144.0,18445.298828,0.981735,0.0,0.981735,0.0,435.8125,30.46875,122.6875,150.34375,False,,,,,,,,,,,,,,,
session_20260630_103628,images_ok_raw/ok_20260630_103644_000003.jpg,images_ok_raw,3,2,model,1,ripe,0.912434,strong,strong,,,1,ripe,1,ripe,,,False,,,False,,0.652083,20032.0,27979.84375,0.967846,0.016077,0.983923,0.0,307.75,173.6875,182.09375,153.65625,False,,,,,,,,,,,,,,,
session_20260630_103628,images_ok_raw/ok_20260630_103644_000003.jpg,images_ok_raw,3,3,model,1,ripe,0.908615,strong,strong,,,1,ripe,1,ripe,,,False,,,False,,0.595238,22400.0,33230.050781,0.979943,0.005731,0.985673,0.0,187.625,53.1875,156.46875,212.375,False,,,,,,,,,,,,,,,
session_20260630_103628,images_ok_raw/ok_20260630_103644_000003.jpg,images_ok_raw,3,4,model,1,ripe,0.902611,strong,strong,,,1,ripe,1,ripe,,,False,,,False,,0.72807,15936.0,19866.054688,0.971888,0.02008,0.991968,0.0,543.375,0.65625,133.75,148.53125,False,,,,,,,,,,,,,,,
session_20260630_103628,images_ok_raw/ok_20260630_103644_000003.jpg,images_ok_raw,3,5,model,2,unripe,0.886417,strong,strong,,,2,unripe,2,unripe,,,False,,,False,,0.697531,14464.0,18775.199219,0.0,0.0,0.0,0.987261,659.375,482.03125,139.625,134.46875,False,,,,,,,,,,,,,,,
session_20260630_103628,images_ok_raw/ok_20260630_103644_000003.jpg,images_ok_raw,3,6,model,2,unripe,0.860601,strong,strong,,,2,unripe,2,unripe,,,False,,,False,,0.642857,22464.0,31951.123047,0.003185,0.079618,0.082803,0.964968,696.125,74.46875,160.9375,198.53125,False,,,,,,,,,,,,,,,
session_20260630_103628,images_ok_raw/ok_20260630_103644_000003.jpg,images_ok_raw,3,7,model,2,unripe,0.87235,weak,color_corrected,weak/noise bad_color gy=0.08,unripe_to_ripe_by_mask_color,2,unripe,1,ripe,1,ripe,True,unripe_to_ripe_by_mask_color,0.840467,False,,0.6875,17600.0,24018.9375,0.0,0.918288,0.918288,0.077821,339.0625,312.625,151.0625,159.0,False,,,,,,,,,,,,,,,
session_20260630_103628,images_ok_raw/ok_20260630_103644_000003.jpg,images_ok_raw,3,8,model,2,unripe,0.844924,weak,review,weak/noise conf 0.84<0.85,near_threshold_unripe_color_mask_support,2,unripe,2,unripe,,,False,,,True,near_threshold_unripe_color_mask_support,0.786842,19136.0,22812.955078,0.0,0.0,0.0,1.0,680.78125,338.0,152.53125,149.5625,False,,,,,,,,,,,,,,,
session_20260630_103628,images_ok_raw/ok_20260630_103644_000003.jpg,images_ok_raw,3,9,model,2,unripe,0.833324,weak,review,weak/noise conf 0.83<0.85,near_threshold_unripe_color_mask_support,2,unripe,2,unripe,,,False,,,True,near_threshold_unripe_color_mask_support,0.747863,11200.0,13981.214844,0.0,0.0,0.0,1.0,758.5,272.125,135.125,103.46875,False,,,,,,,,,,,,,,,
session_20260630_103628,images_ok_raw/ok_20260630_103644_000003.jpg,images_ok_raw,3,10,model,2,unripe,0.814053,weak,review,weak/noise conf 0.81<0.85,near_threshold_unripe_color_mask_support,2,unripe,2,unripe,,,False,,,True,near_threshold_unripe_color_mask_support,0.76,19456.0,23749.679688,0.0,0.045714,0.045714,0.96,565.5625,564.125,153.96875,154.25,False,,,,,,,,,,,,,,,
session_20260630_103628,images_ok_raw/ok_20260630_103644_000003.jpg,images_ok_raw,3,11,model,2,unripe,0.782663,weak,weak,weak/noise conf 0.78<0.85,,2,unripe,2,unripe,,,False,,,False,,0.708333,22848.0,28292.21875,0.0,0.015385,0.015385,1.0,470.59375,317.484375,177.78125,159.140625,False,,,,,,,,,,,,,,,
session_20260630_103628,images_ok_raw/ok_20260630_103644_000003.jpg,images_ok_raw,3,12,model,3,unripe bunch,0.567937,weak,weak,weak/noise conf 0.57<0.70,,3,unripe bunch,3,unripe bunch,,,False,,,False,,0.103507,58368.0,554491.25,0.059016,0.039344,0.098361,0.836066,176.25,13.0,788.75,703.0,False,,,,,,,,,,,,,,,
session_20260630_103628,images_ok_raw/ok_20260630_103644_000003.jpg,images_ok_raw,3,13,model,2,unripe,0.426322,weak,weak,weak/noise conf 0.43<0.85 roi,,2,unripe,2,unripe,,,False,,,False,,0.725926,6272.0,7001.762695,0.0,0.842697,0.842697,0.258427,494.8125,651.523438,106.125,65.976562,False,,,,,,,,,,,,,,,
session_20260630_103628,images_ok_raw/ok_20260630_103644_000003.jpg,images_ok_raw,3,14,model,2,unripe,0.236519,noise,noise,weak/noise conf 0.24<0.85 roi,,2,unripe,2,unripe,,,False,,,False,,0.782895,7616.0,8826.492188,0.0,0.0,0.0,1.0,711.0625,657.34375,143.8125,61.375,False,,,,,,,,,,,,,,,
session_20260630_103628,images_ok_raw/ok_20260630_103645_000004.jpg,images_ok_raw,4,0,model,1,ripe,0.919646,strong,strong,,,1,ripe,1,ripe,,,False,,,False,,0.713462,23744.0,30210.355469,0.830986,0.149296,0.980282,0.0,550.25,135.0625,198.875,151.90625,False,,,,,,,,,,,,,,,
session_20260630_103628,images_ok_raw/ok_20260630_103645_000004.jpg,images_ok_raw,4,1,model,1,ripe,0.919067,strong,strong,,,1,ripe,1,ripe,,,False,,,False,,0.749226,15488.0,18760.570312,0.991667,0.0,0.991667,0.0,557.5625,0.59375,128.25,146.28125,False,,,,,,,,,,,,,,,
session_20260630_103628,images_ok_raw/ok_20260630_103645_000004.jpg,images_ok_raw,4,2,model,2,unripe,0.914901,strong,color_corrected,,unripe_to_ripe_by_mask_color,2,unripe,1,ripe,1,ripe,True,unripe_to_ripe_by_mask_color,0.792373,False,,0.736842,16128.0,19718.4375,0.029661,0.855932,0.885593,0.09322,356.6875,312.5625,142.5,138.375,False,,,,,,,,,,,,,,,
session_20260630_103628,images_ok_raw/ok_20260630_103645_000004.jpg,images_ok_raw,4,3,model,1,ripe,0.913675,strong,strong,,,1,ripe,1,ripe,,,False,,,False,,0.65625,20160.0,27569.716797,0.958333,0.009615,0.967949,0.0,319.84375,174.0,181.15625,152.1875,False,,,,,,,,,,,,,,,
session_20260630_103628,images_ok_raw/ok_20260630_103645_000004.jpg,images_ok_raw,4,4,model,1,ripe,0.911177,strong,strong,,,1,ripe,1,ripe,,,False,,,False,,0.616071,22080.0,33163.980469,0.994152,0.0,0.994152,0.0,200.4375,53.5,155.5625,213.1875,False,,,,,,,,,,,,,,,
session_20260630_103628,images_ok_raw/ok_20260630_103645_000004.jpg,images_ok_raw,4,5,model,1,ripe,0.903973,strong,strong,,,1,ripe,1,ripe,,,False,,,False,,0.720395,14016.0,18796.34375,0.977064,0.0,0.977064,0.0,448.15625,33.3125,125.53125,149.734375,False,,,,,,,,,,,,,,,
session_20260630_103628,images_ok_raw/ok_20260630_103645_000004.jpg,images_ok_raw,4,6,model,2,unripe,0.8808,strong,strong,,,2,unripe,2,unripe,,,False,,,False,,0.687135,15040.0,19128.734375,0.0,0.0,0.0,0.982759,670.3125,483.015625,143.4375,133.359375,False,,,,,,,,,,,,,,,
session_20260630_103628,images_ok_raw/ok_20260630_103645_000004.jpg,images_ok_raw,4,7,model,2,unripe,0.86339,strong,strong,,,2,unripe,2,unripe,,,False,,,False,,0.763158,16704.0,19972.730469,0.0,0.0,0.0,1.0,688.0,350.71875,140.375,142.28125,False,,,,,,,,,,,,,,,
session_20260630_103628,images_ok_raw/ok_20260630_103645_000004.jpg,images_ok_raw,4,8,model,2,unripe,0.852937,strong,strong,,,2,unripe,2,unripe,,,False,,,False,,0.708333,22848.0,29330.044922,0.0,0.003215,0.003215,0.996785,481.3125,316.90625,183.0625,160.21875,False,,,,,,,,,,,,,,,
session_20260630_103628,images_ok_raw/ok_20260630_103645_000004.jpg,images_ok_raw,4,9,model,3,unripe bunch,0.713831,strong,strong,,,3,unripe bunch,3,unripe bunch,,,False,,,False,,0.091111,52416.0,558400.0,0.028213,0.009404,0.037618,0.758621,178.75,14.75,800.0,698.0,False,,,,,,,,,,,,,,,
session_20260630_103628,images_ok_raw/ok_20260630_103645_000004.jpg,images_ok_raw,4,10,model,2,unripe,0.834406,weak,review,weak/noise conf 0.83<0.85,near_threshold_unripe_color_mask_support,2,unripe,2,unripe,,,False,,,True,near_threshold_unripe_color_mask_support,0.630037,22016.0,31017.228516,0.003356,0.073826,0.077181,0.969799,710.28125,74.3125,155.71875,199.1875,False,,,,,,,,,,,,,,,
session_20260630_103628,images_ok_raw/ok_20260630_103645_000004.jpg,images_ok_raw,4,11,model,2,unripe,0.800692,weak,review,weak/noise conf 0.80<0.85,near_threshold_unripe_color_mask_support,2,unripe,2,unripe,,,False,,,True,near_threshold_unripe_color_mask_support,0.736842,17024.0,21921.564453,0.0,0.034884,0.034884,0.953488,577.625,568.25,145.71875,150.4375,False,,,,,,,,,,,,,,,
session_20260630_103628,images_ok_raw/ok_20260630_103645_000004.jpg,images_ok_raw,4,12,model,2,unripe,0.57081,weak,weak,weak/noise conf 0.57<0.85,,2,unripe,2,unripe,,,False,,,False,,0.713333,6848.0,8457.960938,0.0,0.768421,0.768421,0.378947,506.53125,643.3125,111.65625,75.75,False,,,,,,,,,,,,,,,
session_20260630_103628,images_ok_raw/ok_20260630_103645_000004.jpg,images_ok_raw,4,13,model,3,unripe bunch,0.448426,weak,weak,weak/noise conf 0.45<0.70,,3,unripe bunch,3,unripe bunch,,,False,,,False,,0.087757,25920.0,287512.5,0.0,0.0,0.0,0.974619,513.75,207.25,563.75,510.0,False,,,,,,,,,,,,,,,
session_20260630_103628,images_ok_raw/ok_20260630_103645_000004.jpg,images_ok_raw,4,14,model,2,unripe,0.324236,weak,weak,weak/noise conf 0.32<0.85,,2,unripe,2,unripe,,,False,,,False,,0.701681,10688.0,13427.164062,0.0,0.0,0.0,1.0,778.875,273.0,128.875,104.1875,False,,,,,,,,,,,,,,,
session_20260630_103628,images_ok_raw/ok_20260630_103646_000005.jpg,images_ok_raw,5,0,model,1,ripe,0.941223,strong,strong,,,1,ripe,1,ripe,,,False,,,False,,0.682018,19904.0,26326.535156,0.964516,0.012903,0.977419,0.0,479.0,299.96875,182.625,144.15625,False,,,,,,,,,,,,,,,
session_20260630_103628,images_ok_raw/ok_20260630_103646_000005.jpg,images_ok_raw,5,1,model,1,ripe,0.935349,strong,strong,,,1,ripe,1,ripe,,,False,,,False,,0.7,23296.0,30026.863281,0.80226,0.172316,0.974576,0.0,709.375,254.15625,198.15625,151.53125,False,,,,,,,,,,,,,,,
session_20260630_103628,images_ok_raw/ok_20260630_103646_000005.jpg,images_ok_raw,5,2,model,1,ripe,0.919067,strong,strong,,,1,ripe,1,ripe,,,False,,,False,,0.669444,15424.0,19655.917969,0.983264,0.008368,0.991632,0.0,711.75,117.0,132.140625,148.75,False,,,,,,,,,,,,,,,
session_20260630_103628,images_ok_raw/ok_20260630_103646_000005.jpg,images_ok_raw,5,3,model,1,ripe,0.918483,strong,strong,,,1,ripe,1,ripe,,,False,,,False,,0.592593,21504.0,31831.652344,0.985075,0.00597,0.991045,0.0,359.125,181.25,154.875,205.53125,False,,,,,,,,,,,,,,,
session_20260630_103628,images_ok_raw/ok_20260630_103646_000005.jpg,images_ok_raw,5,4,model,2,unripe,0.906652,strong,strong,,,2,unripe,2,unripe,,,False,,,False,,0.653846,22848.0,32496.193359,0.0,0.076159,0.076159,0.966887,865.21875,189.75,166.59375,195.0625,False,,,,,,,,,,,,,,,
session_20260630_103628,images_ok_raw/ok_20260630_103646_000005.jpg,images_ok_raw,5,5,model,1,ripe,0.896978,strong,strong,,,1,ripe,1,ripe,,,False,,,False,,0.700658,13632.0,17414.083984,0.971698,0.0,0.971698,0.0,604.375,156.40625,121.0625,143.84375,False,,,,,,,,,,,,,,,
session_20260630_103628,images_ok_raw/ok_20260630_103646_000005.jpg,images_ok_raw,5,6,model,0,eripe bunch,0.867486,strong,strong,,,0,eripe bunch,0,eripe bunch,,,False,,,False,,0.134133,64384.0,241397.15625,0.07855,0.024169,0.102719,0.63142,315.252502,90.830002,636.151245,379.465027,False,class_corrected_unripe_bunch_to_eripe_bunch_supported_by_ripe_singles,,,,,,,,,,,,,,
session_20260630_103628,images_ok_raw/ok_20260630_103646_000005.jpg,images_ok_raw,5,7,model,2,unripe,0.841828,weak,review,weak/noise conf 0.84<0.85,near_threshold_unripe_color_mask_support,2,unripe,2,unripe,,,False,,,True,near_threshold_unripe_color_mask_support,0.688492,22208.0,28593.039062,0.0,0.003367,0.003367,1.0,643.28125,437.9375,182.59375,156.59375,False,,,,,,,,,,,,,,,
session_20260630_103628,images_ok_raw/ok_20260630_103646_000005.jpg,images_ok_raw,5,8,model,2,unripe,0.840784,weak,review,weak/noise conf 0.84<0.85,near_threshold_unripe_color_mask_support,2,unripe,2,unripe,,,False,,,True,near_threshold_unripe_color_mask_support,0.760234,16640.0,19643.738281,0.0,0.0,0.0,1.0,849.203125,460.09375,138.671875,141.65625,False,,,,,,,,,,,,,,,
session_20260630_103628,images_ok_raw/ok_20260630_103646_000005.jpg,images_ok_raw,5,9,model,2,unripe,0.836555,weak,color_corrected,weak/noise conf 0.84<0.85 bad_color gy=0.05,unripe_to_ripe_by_mask_color,2,unripe,1,ripe,1,ripe,True,unripe_to_ripe_by_mask_color,0.887446,False,,0.710526,15552.0,19774.570312,0.025974,0.91342,0.939394,0.051948,516.65625,434.03125,141.53125,139.71875,False,,,,,,,,,,,,,,,
session_20260630_103628,images_ok_raw/ok_20260630_103646_000005.jpg,images_ok_raw,5,10,model,2,unripe,0.819894,weak,review,weak/noise conf 0.82<0.85,near_threshold_unripe_color_mask_support,2,unripe,2,unripe,,,False,,,True,near_threshold_unripe_color_mask_support,0.774074,13376.0,15315.371094,0.0,0.0,0.0,0.971831,835.484375,604.25,134.640625,113.75,False,,,,,,,,,,,,,,,
session_20260630_103628,images_ok_raw/ok_20260630_103646_000005.jpg,images_ok_raw,5,11,model,3,unripe bunch,0.796925,weak,weak,weak/noise tomatoes_inside 0<2,,3,unripe bunch,3,unripe bunch,,,False,,,False,,0.180392,26496.0,140476.78125,0.0,0.049587,0.049587,0.909091,822.375,363.875,394.875,355.75,False,,,,,,,,,,,,,,,
session_20260630_103628,images_ok_raw/ok_20260630_103646_000005.jpg,images_ok_raw,5,12,model,2,unripe,0.694303,weak,weak,weak/noise conf 0.69<0.85,,2,unripe,2,unripe,,,False,,,False,,0.698413,11264.0,14644.464844,0.0,0.0,0.0,1.0,934.5625,385.875,133.625,109.59375,False,,,,,,,,,,,,,,,
session_20260630_103628,images_ok_raw/ok_20260630_103646_000005.jpg,images_ok_raw,5,13,model,2,unripe,0.602062,weak,weak,weak/noise conf 0.60<0.85,,2,unripe,2,unripe,,,False,,,False,,0.707094,19776.0,25489.421875,0.0,0.0,0.0,0.976378,1051.3125,452.375,142.25,179.1875,False,,,,,,,,,,,,,,,
session_20260630_103628,images_ok_raw/ok_20260630_103647_000006.jpg,images_ok_raw,6,0,model,1,ripe,0.934875,strong,strong,,,1,ripe,1,ripe,,,False,,,False,,0.701923,23360.0,30143.648438,0.691667,0.275,0.966667,0.0,704.75,417.9375,199.875,150.8125,False,,,,,,,,,,,,,,,
session_20260630_103628,images_ok_raw/ok_20260630_103647_000006.jpg,images_ok_raw,6,1,model,1,ripe,0.928923,strong,strong,,,1,ripe,1,ripe,,,False,,,False,,0.610714,21888.0,32113.730469,0.979532,0.008772,0.988304,0.0,355.75,341.625,152.46875,210.625,False,,,,,,,,,,,,,,,
session_20260630_103628,images_ok_raw/ok_20260630_103647_000006.jpg,images_ok_raw,6,2,model,2,unripe,0.919067,strong,strong,,,2,unripe,2,unripe,,,False,,,False,,0.762667,18304.0,22351.619141,0.0,0.046332,0.046332,0.984556,638.34375,600.5625,187.65625,119.109375,False,,,,,,,,,,,,,,,
session_20260630_103628,images_ok_raw/ok_20260630_103647_000006.jpg,images_ok_raw,6,3,model,1,ripe,0.909261,strong,strong,,,1,ripe,1,ripe,,,False,,,False,,0.666667,20480.0,28337.167969,0.936709,0.041139,0.977848,0.0,474.125,461.375,185.4375,152.8125,False,,,,,,,,,,,,,,,
session_20260630_103628,images_ok_raw/ok_20260630_103647_000006.jpg,images_ok_raw,6,4,model,1,ripe,0.907964,strong,strong,,,1,ripe,1,ripe,,,False,,,False,,0.690625,14144.0,17997.412109,0.986239,0.0,0.986239,0.0,601.0625,319.765625,123.125,146.171875,False,,,,,,,,,,,,,,,
session_20260630_103628,images_ok_raw/ok_20260630_103647_000006.jpg,images_ok_raw,6,5,model,2,unripe,0.902611,strong,strong,,,2,unripe,2,unripe,,,False,,,False,,0.645217,23744.0,32746.5,0.0,0.114706,0.114706,0.967647,861.875,359.125,171.0,191.5,False,,,,,,,,,,,,,,,
session_20260630_103628,images_ok_raw/ok_20260630_103647_000006.jpg,images_ok_raw,6,6,model,1,ripe,0.899831,strong,strong,,,1,ripe,1,ripe,,,False,,,False,,0.71345,15616.0,19981.105469,0.971193,0.012346,0.983539,0.0,704.34375,285.46875,136.59375,146.28125,False,,,,,,,,,,,,,,,
session_20260630_103628,images_ok_raw/ok_20260630_103647_000006.jpg,images_ok_raw,6,7,model,2,unripe,0.924689,weak,color_corrected,weak/noise bad_color gy=0.05,unripe_to_ripe_by_mask_color,2,unripe,1,ripe,1,ripe,True,unripe_to_ripe_by_mask_color,0.939815,False,,0.807407,13952.0,16805.347656,0.0,0.990741,0.990741,0.050926,514.21875,600.21875,140.59375,119.53125,False,,,,,,,,,,,,,,,
session_20260630_103628,images_ok_raw/ok_20260630_103647_000006.jpg,images_ok_raw,6,8,model,2,unripe,0.723309,weak,weak,weak/noise conf 0.72<0.85,,2,unripe,2,unripe,,,False,,,False,,0.65614,11968.0,15148.543945,0.0,0.0,0.0,1.0,926.828125,551.125,138.421875,109.4375,False,,,,,,,,,,,,,,,
session_20260630_103628,images_ok_raw/ok_20260630_103647_000006.jpg,images_ok_raw,6,9,model,3,unripe bunch,0.413951,weak,weak,weak/noise conf 0.41<0.70,,3,unripe bunch,3,unripe bunch,,,False,,,False,,0.133929,43200.0,309010.40625,0.079602,0.149254,0.228856,0.766169,341.75,247.5,659.75,468.375,False,,,,,,,,,,,,,,,
session_20260630_103628,images_ok_raw/ok_20260630_103648_000007.jpg,images_ok_raw,7,0,model,1,ripe,0.928923,strong,strong,,,1,ripe,1,ripe,,,False,,,False,,0.762019,20288.0,25486.660156,0.64127,0.352381,0.993651,0.0,699.4375,592.96875,201.625,126.40625,False,,,,,,,,,,,,,,,
session_20260630_103628,images_ok_raw/ok_20260630_103648_000007.jpg,images_ok_raw,7,1,model,1,ripe,0.909261,strong,strong,,,1,ripe,1,ripe,,,False,,,False,,0.657692,21888.0,30960.248047,0.967647,0.017647,0.985294,0.0,353.0625,517.125,154.65625,200.1875,False,,,,,,,,,,,,,,,
session_20260630_103628,images_ok_raw/ok_20260630_103648_000007.jpg,images_ok_raw,7,2,model,1,ripe,0.896978,strong,strong,,,1,ripe,1,ripe,,,False,,,False,,0.65,14144.0,18255.917969,0.97235,0.004608,0.976959,0.0,598.875,494.5,124.375,146.78125,False,,,,,,,,,,,,,,,
session_20260630_103628,images_ok_raw/ok_20260630_103648_000007.jpg,images_ok_raw,7,3,model,1,ripe,0.894052,strong,strong,,,1,ripe,1,ripe,,,False,,,False,,0.6917,11200.0,14089.339844,0.982456,0.005848,0.988304,0.0,469.8125,637.21875,171.625,82.09375,False,,,,,,,,,,,,,,,
session_20260630_103628,images_ok_raw/ok_20260630_103648_000007.jpg,images_ok_raw,7,4,model,1,ripe,0.881617,strong,strong,,,1,ripe,1,ripe,,,False,,,False,,0.722222,15808.0,19741.535156,0.947154,0.04065,0.987805,0.0,702.90625,462.875,136.03125,145.125,False,,,,,,,,,,,,,,,
session_20260630_103628,images_ok_raw/ok_20260630_103648_000007.jpg,images_ok_raw,7,5,model,2,unripe,0.752012,weak,weak,weak/noise conf 0.75<0.85,,2,unripe,2,unripe,,,False,,,False,,0.715311,19136.0,25253.042969,0.0,0.200692,0.200692,0.951557,856.15625,536.875,144.40625,174.875,False,,,,,,,,,,,,,,,
session_20260630_103628,images_ok_raw/ok_20260630_103648_000007.jpg,images_ok_raw,7,6,model,0,eripe bunch,0.184767,noise,noise,weak/noise conf 0.18<0.70 bad_color red=0.05 warm=0.41,,0,eripe bunch,0,eripe bunch,,,False,,,False,,0.130643,24448.0,180156.640625,0.048611,0.361111,0.409722,0.75,349.25,453.5,682.25,264.0625,False,,,,,,,,,,,,,,,
session_20260630_103628,images_ok_raw/ok_20260630_103649_000008.jpg,images_ok_raw,8,0,model,1,ripe,0.93096,strong,strong,,,1,ripe,1,ripe,,,False,,,False,,0.696296,24064.0,30761.6875,0.658667,0.325333,0.984,0.0,742.375,39.25,202.125,152.191406,False,,,,,,,,,,,,,,,
session_20260630_103628,images_ok_raw/ok_20260630_103649_000008.jpg,images_ok_raw,8,1,model,1,ripe,0.927885,strong,strong,,,1,ripe,1,ripe,,,False,,,False,,0.672917,20672.0,27764.355469,0.953125,0.046875,1.0,0.0,510.9375,79.0,183.1875,151.5625,False,,,,,,,,,,,,,,,
session_20260630_103628,images_ok_raw/ok_20260630_103649_000008.jpg,images_ok_raw,8,2,model,1,ripe,0.914901,strong,strong,,,1,ripe,1,ripe,,,False,,,False,,0.647727,18240.0,26599.242188,0.989474,0.007018,0.996491,0.0,395.0,0.0,155.4375,171.125,False,,,,,,,,,,,,,,,
session_20260630_103628,images_ok_raw/ok_20260630_103649_000008.jpg,images_ok_raw,8,3,model,1,ripe,0.861536,strong,strong,,,1,ripe,1,ripe,,,False,,,False,,0.644886,14528.0,20916.574219,0.946667,0.031111,0.977778,0.008889,641.25,2.59375,247.625,84.46875,False,,,,,,,,,,,,,,,
session_20260630_103628,images_ok_raw/ok_20260630_103649_000008.jpg,images_ok_raw,8,4,model,0,eripe bunch,0.786623,strong,strong,,,0,eripe bunch,0,eripe bunch,,,False,,,False,,0.125659,70208.0,158722.375,0.006015,0.093233,0.099248,0.936842,351.040009,0.0,637.420044,249.007507,False,class_corrected_unripe_bunch_to_eripe_bunch_supported_by_ripe_singles,,,,,,,,,,,,,,
session_20260630_103628,images_ok_raw/ok_20260630_103649_000008.jpg,images_ok_raw,8,5,model,2,unripe,0.877479,weak,color_corrected,weak/noise bad_color gy=0.07,unripe_to_ripe_by_mask_color,2,unripe,1,ripe,1,ripe,True,unripe_to_ripe_by_mask_color,0.917355,False,,0.716374,15680.0,19407.09375,0.004132,0.979339,0.983471,0.066116,548.1875,217.0625,140.25,138.375,False,,,,,,,,,,,,,,,
session_20260630_103628,images_ok_raw/ok_20260630_103649_000008.jpg,images_ok_raw,8,6,model,2,unripe,0.834406,weak,review,weak/noise conf 0.83<0.85,near_threshold_unripe_color_mask_support,2,unripe,2,unripe,,,False,,,True,near_threshold_unripe_color_mask_support,0.675439,14784.0,19291.972656,0.0,0.0,0.0,1.0,864.773438,388.4375,143.601562,134.34375,False,,,,,,,,,,,,,,,
session_20260630_103628,images_ok_raw/ok_20260630_103649_000008.jpg,images_ok_raw,8,7,model,2,unripe,0.798187,weak,weak,weak/noise conf 0.80<0.85,,2,unripe,2,unripe,,,False,,,False,,0.716049,14848.0,17803.238281,0.0,0.0,0.0,1.0,883.109375,263.34375,136.390625,130.53125,False,,,,,,,,,,,,,,,
session_20260630_103628,images_ok_raw/ok_20260630_103649_000008.jpg,images_ok_raw,8,8,model,2,unripe,0.767687,weak,weak,weak/noise conf 0.77<0.85,,2,unripe,2,unripe,,,False,,,False,,0.708333,23936.0,30774.605469,0.0,0.030641,0.030641,1.0,674.625,221.78125,186.125,165.34375,False,,,,,,,,,,,,,,,
session_20260630_103628,images_ok_raw/ok_20260630_103649_000008.jpg,images_ok_raw,8,9,model,2,unripe,0.605799,weak,weak,weak/noise conf 0.61<0.85,,2,unripe,2,unripe,,,False,,,False,,0.597107,18496.0,27607.679688,0.0,0.004651,0.004651,1.0,754.9375,477.25,166.625,165.6875,False,,,,,,,,,,,,,,,
session_20260630_103628,images_ok_raw/ok_20260630_103649_000008.jpg,images_ok_raw,8,10,model,2,unripe,0.467818,weak,weak,weak/noise conf 0.47<0.85,,2,unripe,2,unripe,,,False,,,False,,0.859048,28864.0,31590.820312,0.0,0.010417,0.010417,1.0,954.1875,474.6875,164.375,192.1875,False,,,,,,,,,,,,,,,
session_20260630_103628,images_ok_raw/ok_20260630_103649_000008.jpg,images_ok_raw,8,11,model,2,unripe,0.460046,weak,weak,weak/noise conf 0.46<0.85,,2,unripe,2,unripe,,,False,,,False,,0.77381,16640.0,20040.839844,0.0,0.92607,0.92607,0.155642,688.90625,559.40625,125.96875,159.09375,False,,,,,,,,,,,,,,,
session_20260630_103628,images_ok_raw/ok_20260630_103650_000009.jpg,images_ok_raw,9,0,model,1,ripe,0.842865,strong,strong,,,1,ripe,1,ripe,,,False,,,False,,0.742647,12928.0,16346.783203,0.410526,0.0,0.410526,0.0,718.875,584.125,121.03125,135.0625,False,,,,,,,,,,,,,,,
session_20260630_103628,images_ok_raw/ok_20260630_103650_000009.jpg,images_ok_raw,9,1,model,2,unripe,0.803174,weak,review,weak/noise conf 0.80<0.85,near_threshold_unripe_color_mask_support,2,unripe,2,unripe,,,False,,,True,near_threshold_unripe_color_mask_support,0.760234,16640.0,19923.667969,0.0,0.0,0.0,1.0,1073.03125,316.8125,145.03125,137.375,False,,,,,,,,,,,,,,,
session_20260630_103628,images_ok_raw/ok_20260630_103650_000009.jpg,images_ok_raw,9,2,model,2,unripe,0.359365,weak,weak,weak/noise conf 0.36<0.85 roi,,2,unripe,2,unripe,,,False,,,False,,0.696429,4992.0,6544.480469,0.0,0.0,0.0,1.0,0.0,497.9375,52.671875,124.25,False,,,,,,,,,,,,,,,
session_20260630_103628,images_ok_raw/ok_20260630_103650_000009.jpg,images_ok_raw,9,3,model,2,unripe,0.240063,noise,noise,weak/noise conf 0.24<0.85,,2,unripe,2,unripe,,,False,,,False,,0.769333,36928.0,45043.234375,0.0,0.0,0.0,1.0,952.625,398.5,193.8125,232.40625,False,,,,,,,,,,,,,,,
session_20260630_103628,images_ok_raw/ok_20260630_103652_000010.jpg,images_ok_raw,10,0,model,1,ripe,0.887981,strong,strong,,,1,ripe,1,ripe,,,False,,,False,,0.742424,12544.0,15122.894531,0.989637,0.0,0.989637,0.0,489.75,0.421875,184.25,82.078125,False,,,,,,,,,,,,,,,
session_20260630_103628,images_ok_raw/ok_20260630_103652_000010.jpg,images_ok_raw,10,1,model,1,ripe,0.812868,weak,weak,weak/noise roi,,1,ripe,1,ripe,,,False,,,False,,0.768,6144.0,7079.753906,0.915789,0.0,0.915789,0.0,729.75,2.515625,190.5,37.164062,False,,,,,,,,,,,,,,,
session_20260630_103628,images_ok_raw/ok_20260630_103652_000010.jpg,images_ok_raw,10,2,model,2,unripe,0.782663,weak,weak,weak/noise conf 0.78<0.85,,2,unripe,2,unripe,,,False,,,False,,0.691288,23360.0,29870.693359,0.004184,0.004184,0.008368,0.979079,653.5625,71.375,185.875,160.703125,False,,,,,,,,,,,,,,,
session_20260630_103628,images_ok_raw/ok_20260630_103652_000010.jpg,images_ok_raw,10,3,model,2,unripe,0.661923,weak,weak,weak/noise conf 0.66<0.85,,2,unripe,2,unripe,,,False,,,False,,0.660494,13696.0,16745.898438,0.0,0.0,0.0,0.968085,847.0,239.5,129.6875,129.125,False,,,,,,,,,,,,,,,
session_20260630_103628,images_ok_raw/ok_20260630_103652_000010.jpg,images_ok_raw,10,4,model,3,unripe bunch,0.461987,noise,noise,weak/noise conf 0.46<0.70 low_bunch_density tomatoes_inside 1<2,,3,unripe bunch,3,unripe bunch,,,False,,,False,,0.013244,5696.0,428160.0,0.0,0.0,0.0,0.52381,472.0,0.0,768.0,557.5,False,,,,,,,,,,,,,,,
session_20260630_103628,images_ok_raw/ok_20260630_103652_000010.jpg,images_ok_raw,10,5,model,2,unripe,0.407333,weak,weak,weak/noise conf 0.41<0.85,,2,unripe,2,unripe,,,False,,,False,,0.723529,15744.0,19027.052734,0.0,0.0,0.0,0.960317,866.71875,93.046875,128.65625,147.890625,False,,,,,,,,,,,,,,,
session_20260630_103628,images_ok_raw/ok_20260630_103653_000011.jpg,images_ok_raw,11,0,model,1,ripe,0.932944,strong,strong,,,1,ripe,1,ripe,,,False,,,False,,0.817308,16320.0,18692.015625,0.960474,0.01581,0.976285,0.0,16.5625,1.03125,205.125,91.125,False,,,,,,,,,,,,,,,
session_20260630_103628,images_ok_raw/ok_20260630_103653_000011.jpg,images_ok_raw,11,1,model,2,unripe,0.805633,weak,review,weak/noise conf 0.81<0.85,near_threshold_unripe_color_mask_support,2,unripe,2,unripe,,,False,,,True,near_threshold_unripe_color_mask_support,0.630556,14528.0,19916.494141,0.0,0.0,0.0,0.991453,134.6875,295.109375,145.625,136.765625,False,,,,,,,,,,,,,,,
session_20260630_103628,images_ok_raw/ok_20260630_103653_000011.jpg,images_ok_raw,11,2,model,2,unripe,0.799442,weak,weak,weak/noise conf 0.80<0.85,,2,unripe,2,unripe,,,False,,,False,,0.675889,21888.0,31270.234375,0.0,0.008065,0.008065,0.862903,16.4375,376.40625,182.5,171.34375,False,,,,,,,,,,,,,,,
session_20260630_103628,images_ok_raw/ok_20260630_103653_000011.jpg,images_ok_raw,11,3,model,2,unripe,0.686791,weak,weak,weak/noise conf 0.69<0.85,,2,unripe,2,unripe,,,False,,,False,,0.708556,16960.0,22025.316406,0.0,0.0,0.0,1.0,0.0,124.9375,131.9375,166.9375,False,,,,,,,,,,,,,,,
session_20260630_103628,images_ok_raw/ok_20260630_103653_000011.jpg,images_ok_raw,11,4,model,2,unripe,0.674908,weak,color_corrected,weak/noise conf 0.67<0.85 bad_color gy=0.05,unripe_to_ripe_by_mask_color,2,unripe,1,ripe,1,ripe,True,unripe_to_ripe_by_mask_color,0.7678579999999999,False,,0.70979,12992.0,16459.523438,0.416667,0.404762,0.821429,0.053571,0.0,456.75,80.4375,204.625,False,,,,,,,,,,,,,,,
session_20260630_103628,images_ok_raw/ok_20260630_103654_000012.jpg,images_ok_raw,12,0,model,2,unripe,0.885629,strong,strong,,,2,unripe,2,unripe,,,False,,,False,,0.657343,6016.0,7706.642578,0.0,0.026316,0.026316,0.973684,293.125,241.5,92.78125,83.0625,False,,,,,,,,,,,,,,,
session_20260630_103628,images_ok_raw/ok_20260630_103654_000012.jpg,images_ok_raw,12,1,model,2,unripe,0.868828,strong,strong,,,2,unripe,2,unripe,,,False,,,False,,0.791667,3648.0,4359.476562,0.0,0.0,0.0,0.975,386.75,328.234375,68.367188,63.765625,False,,,,,,,,,,,,,,,
session_20260630_103628,images_ok_raw/ok_20260630_103654_000012.jpg,images_ok_raw,12,2,model,2,unripe,0.852937,strong,strong,,,2,unripe,2,unripe,,,False,,,False,,0.73,4672.0,4724.326172,0.0,0.0,0.0,1.0,397.34375,262.875,68.4375,69.03125,False,,,,,,,,,,,,,,,
session_20260630_103628,images_ok_raw/ok_20260630_103654_000012.jpg,images_ok_raw,12,3,model,3,unripe bunch,0.742423,strong,strong,,,3,unripe bunch,3,unripe bunch,,,False,,,False,,0.084967,14976.0,169161.328125,0.028846,0.0,0.028846,0.75,148.25,71.875,403.125,419.625,False,,,,,,,,,,,,,,,
session_20260630_103628,images_ok_raw/ok_20260630_103654_000012.jpg,images_ok_raw,12,4,model,2,unripe,0.851956,weak,color_corrected,weak/noise bad_color gy=0.00,unripe_to_ripe_by_mask_color,2,unripe,1,ripe,1,ripe,True,unripe_to_ripe_by_mask_color,0.957447,False,,0.692308,6336.0,7574.238281,0.87234,0.085106,0.957447,0.0,329.4375,151.75,99.375,76.21875,False,,,,,,,,,,,,,,,
session_20260630_103628,images_ok_raw/ok_20260630_103654_000012.jpg,images_ok_raw,12,5,model,2,unripe,0.809277,weak,review,weak/noise conf 0.81<0.85,near_threshold_unripe_color_mask_support,2,unripe,2,unripe,,,False,,,True,near_threshold_unripe_color_mask_support,0.597222,2752.0,3066.18457,0.0,0.0,0.0,0.973684,446.8125,222.90625,59.71875,51.34375,False,,,,,,,,,,,,,,,
session_20260630_103628,images_ok_raw/ok_20260630_103654_000012.jpg,images_ok_raw,12,6,model,2,unripe,0.786623,weak,weak,weak/noise conf 0.79<0.85,,2,unripe,2,unripe,,,False,,,False,,0.506173,2624.0,3780.0625,0.0,0.0,0.0,1.0,1124.09375,346.09375,60.96875,62.0,False,,,,,,,,,,,,,,,
session_20260630_103628,images_ok_raw/ok_20260630_103654_000012.jpg,images_ok_raw,12,7,model,2,unripe,0.775945,weak,weak,weak/noise conf 0.78<0.85,,2,unripe,2,unripe,,,False,,,False,,0.603896,5952.0,8200.766602,0.0,0.09589,0.09589,0.958904,405.71875,118.5625,78.59375,104.34375,False,,,,,,,,,,,,,,,
session_20260630_103628,images_ok_raw/ok_20260630_103654_000012.jpg,images_ok_raw,12,8,model,2,unripe,0.775945,weak,weak,weak/noise conf 0.78<0.85,,2,unripe,2,unripe,,,False,,,False,,0.597222,2752.0,3342.431641,0.0,0.0,0.0,0.916667,363.21875,391.21875,55.5625,60.15625,False,,,,,,,,,,,,,,,
session_20260630_103628,images_ok_raw/ok_20260630_103654_000012.jpg,images_ok_raw,12,9,model,1,ripe,0.764889,weak,review,weak/noise conf 0.76<0.80,near_threshold_ripe_color_mask_support,1,ripe,1,ripe,,,False,,,True,near_threshold_ripe_color_mask_support,0.733333,4224.0,4356.371582,0.865385,0.019231,0.884615,0.019231,1046.09375,543.625,73.1875,59.523438,False,,,,,,,,,,,,,,,
session_20260630_103628,images_ok_raw/ok_20260630_103654_000012.jpg,images_ok_raw,12,10,model,1,ripe,0.72952,weak,weak,weak/noise conf 0.73<0.80,,1,ripe,1,ripe,,,False,,,False,,0.569697,6016.0,8778.730469,0.957447,0.0,0.957447,0.0,148.25,102.859375,79.75,110.078125,False,,,,,,,,,,,,,,,
session_20260630_103628,images_ok_raw/ok_20260630_103654_000012.jpg,images_ok_raw,12,11,model,2,unripe,0.699254,weak,weak,weak/noise conf 0.70<0.85,,2,unripe,2,unripe,,,False,,,False,,0.767857,2752.0,2830.836182,0.0,0.0,0.0,1.0,1125.546875,403.796875,54.984375,51.484375,False,,,,,,,,,,,,,,,
session_20260630_103628,images_ok_raw/ok_20260630_103654_000012.jpg,images_ok_raw,12,12,model,3,unripe bunch,0.677474,weak,weak,weak/noise conf 0.68<0.70 low_bunch_density tomatoes_inside 0<2,,3,unripe bunch,3,unripe bunch,,,False,,,False,,0.055398,2496.0,43125.722656,0.0,0.0,0.0,0.8,1016.53125,361.0,171.21875,251.875,False,,,,,,,,,,,,,,,
session_20260630_103628,images_ok_raw/ok_20260630_103654_000012.jpg,images_ok_raw,12,13,model,2,unripe,0.677474,weak,color_corrected,weak/noise conf 0.68<0.85 bad_color gy=0.02,unripe_to_ripe_by_mask_color,2,unripe,1,ripe,1,ripe,True,unripe_to_ripe_by_mask_color,0.852459,False,,0.636364,4480.0,5377.011719,0.114754,0.754098,0.868852,0.016393,225.59375,239.9375,73.375,73.28125,False,,,,,,,,,,,,,,,
session_20260630_103628,images_ok_raw/ok_20260630_103654_000012.jpg,images_ok_raw,12,14,model,1,ripe,0.637933,weak,weak,weak/noise conf 0.64<0.80,,1,ripe,1,ripe,,,False,,,False,,0.666667,5632.0,7163.59375,0.988506,0.0,0.988506,0.0,209.0,166.5,95.0,75.40625,False,,,,,,,,,,,,,,,
session_20260630_103628,images_ok_raw/ok_20260630_103654_000012.jpg,images_ok_raw,12,15,model,2,unripe,0.600188,weak,weak,weak/noise conf 0.60<0.85,,2,unripe,2,unripe,,,False,,,False,,0.619048,1664.0,1939.726318,0.0,0.0,0.0,0.75,496.539062,252.09375,43.804688,44.28125,False,,,,,,,,,,,,,,,
session_20260630_103628,images_ok_raw/ok_20260630_103654_000012.jpg,images_ok_raw,12,16,model,1,ripe,0.543832,weak,weak,weak/noise conf 0.54<0.80,,1,ripe,1,ripe,,,False,,,False,,0.616162,3904.0,5127.165039,0.916667,0.0,0.916667,0.0,276.109375,95.59375,64.734375,79.203125,False,,,,,,,,,,,,,,,
session_20260630_103628,images_ok_raw/ok_20260630_103654_000012.jpg,images_ok_raw,12,17,model,2,unripe,0.433981,weak,weak,weak/noise conf 0.43<0.85 bad_color gy=0.07,,2,unripe,2,unripe,,,False,,,False,,0.711538,4736.0,5906.201172,0.267857,0.5,0.767857,0.071429,298.75,408.578125,60.625,97.421875,False,,,,,,,,,,,,,,,
session_20260630_103628,images_ok_raw/ok_20260630_103654_000012.jpg,images_ok_raw,12,18,model,2,unripe,0.413004,weak,weak,weak/noise conf 0.41<0.85,,2,unripe,2,unripe,,,False,,,False,,0.738095,1984.0,1874.545898,0.375,0.0,0.375,0.625,1056.734375,599.734375,54.78125,34.21875,False,,,,,,,,,,,,,,,
session_20260630_103628,images_ok_raw/ok_20260630_103654_000012.jpg,images_ok_raw,12,19,model,2,unripe,0.343341,weak,weak,weak/noise conf 0.34<0.85 bad_color gy=0.00,,2,unripe,2,unripe,,,False,,,False,,0.678571,2432.0,2706.606934,0.918919,0.027027,0.945946,0.0,1036.367188,396.3125,57.664062,46.9375,False,,,,,,,,,,,,,,,
session_20260630_103628,images_ok_raw/ok_20260630_103654_000012.jpg,images_ok_raw,12,20,model,2,unripe,0.259074,noise,noise,weak/noise conf 0.26<0.85 bad_color gy=0.00,,2,unripe,2,unripe,,,False,,,False,,0.75,4608.0,5203.226074,0.942857,0.028571,0.971429,0.0,1045.921875,482.390625,86.765625,59.96875,False,,,,,,,,,,,,,,,
session_20260630_103628,images_ok_raw/ok_20260630_103654_000012.jpg,images_ok_raw,12,21,model,1,ripe,0.228158,noise,noise,weak/noise conf 0.23<0.80,,1,ripe,1,ripe,,,False,,,False,,0.69,4416.0,5415.856445,1.0,0.0,1.0,0.0,330.875,81.125,69.40625,78.03125,False,,,,,,,,,,,,,,,
session_20260630_103628,images_ok_raw/ok_20260630_103655_000013.jpg,images_ok_raw,13,0,model,2,unripe,0.879147,strong,strong,,,2,unripe,2,unripe,,,False,,,False,,0.613636,5184.0,7010.25,0.0,0.031746,0.031746,0.968254,8.3125,245.84375,89.875,78.0,False,,,,,,,,,,,,,,,
session_20260630_103628,images_ok_raw/ok_20260630_103655_000013.jpg,images_ok_raw,13,1,model,2,unripe,0.867934,strong,strong,,,2,unripe,2,unripe,,,False,,,False,,0.580247,3008.0,3849.226562,0.0,0.0,0.0,0.958333,96.625,326.4375,64.625,59.5625,False,,,,,,,,,,,,,,,
session_20260630_103628,images_ok_raw/ok_20260630_103655_000013.jpg,images_ok_raw,13,2,model,2,unripe,0.836555,weak,color_corrected,weak/noise conf 0.84<0.85 bad_color gy=0.00,unripe_to_ripe_by_mask_color,2,unripe,1,ripe,1,ripe,True,unripe_to_ripe_by_mask_color,0.960526,False,,0.630769,5248.0,6360.449219,0.868421,0.092105,0.960526,0.0,43.984375,167.4375,92.515625,68.75,False,,,,,,,,,,,,,,,
session_20260630_103628,images_ok_raw/ok_20260630_103655_000013.jpg,images_ok_raw,13,3,model,3,unripe bunch,0.819317,weak,weak,weak/noise tomatoes_inside 0<2,,3,unripe bunch,3,unripe bunch,,,False,,,False,,0.084967,2496.0,26478.847656,0.0,0.0,0.0,1.0,676.6875,380.875,127.1875,208.1875,False,,,,,,,,,,,,,,,
session_20260630_103628,images_ok_raw/ok_20260630_103655_000013.jpg,images_ok_raw,13,4,model,2,unripe,0.818738,weak,review,weak/noise conf 0.82<0.85,near_threshold_unripe_color_mask_support,2,unripe,2,unripe,,,False,,,True,near_threshold_unripe_color_mask_support,0.6,4992.0,6507.451172,0.0,0.134328,0.134328,0.895522,118.09375,143.1875,70.78125,91.9375,False,,,,,,,,,,,,,,,
session_20260630_103628,images_ok_raw/ok_20260630_103655_000013.jpg,images_ok_raw,13,5,model,2,unripe,0.817577,weak,review,weak/noise conf 0.82<0.85,near_threshold_unripe_color_mask_support,2,unripe,2,unripe,,,False,,,True,near_threshold_unripe_color_mask_support,0.722222,3328.0,3649.368164,0.0,0.0,0.0,1.0,105.203125,268.625,60.546875,60.273438,False,,,,,,,,,,,,,,,
session_20260630_103628,images_ok_raw/ok_20260630_103655_000013.jpg,images_ok_raw,13,6,model,2,unripe,0.81048,weak,color_corrected,weak/noise conf 0.81<0.85 bad_color gy=0.00,unripe_to_ripe_by_mask_color,2,unripe,1,ripe,1,ripe,True,unripe_to_ripe_by_mask_color,0.98,False,,0.6625,3392.0,3474.421631,0.98,0.0,0.98,0.0,686.21875,478.40625,68.609375,50.640625,False,,,,,,,,,,,,,,,
session_20260630_103628,images_ok_raw/ok_20260630_103655_000013.jpg,images_ok_raw,13,7,model,2,unripe,0.799442,weak,weak,weak/noise conf 0.80<0.85,,2,unripe,2,unripe,,,False,,,False,,0.642857,2304.0,2812.390137,0.0,0.0,0.0,1.0,153.8125,236.34375,59.0625,47.617188,False,,,,,,,,,,,,,,,
session_20260630_103628,images_ok_raw/ok_20260630_103655_000013.jpg,images_ok_raw,13,8,model,2,unripe,0.793106,weak,weak,weak/noise conf 0.79<0.85,,2,unripe,2,unripe,,,False,,,False,,0.666667,2048.0,2319.178711,0.0,0.0,0.0,1.0,751.546875,408.375,48.9375,47.390625,False,,,,,,,,,,,,,,,
session_20260630_103628,images_ok_raw/ok_20260630_103655_000013.jpg,images_ok_raw,13,9,model,2,unripe,0.774583,weak,weak,weak/noise conf 0.77<0.85,,2,unripe,2,unripe,,,False,,,False,,0.678571,2432.0,2827.34375,0.0,0.0,0.0,0.9375,77.09375,384.53125,51.40625,55.0,False,,,,,,,,,,,,,,,
session_20260630_103628,images_ok_raw/ok_20260630_103655_000013.jpg,images_ok_raw,13,10,model,2,unripe,0.717012,weak,weak,weak/noise conf 0.72<0.85 roi,,2,unripe,2,unripe,,,False,,,False,,0.673469,2112.0,2257.633301,0.0,0.0,0.0,1.0,598.84375,664.921875,43.546875,51.84375,False,,,,,,,,,,,,,,,
session_20260630_103628,images_ok_raw/ok_20260630_103655_000013.jpg,images_ok_raw,13,11,model,1,ripe,0.592667,weak,weak,weak/noise conf 0.59<0.80,,1,ripe,1,ripe,,,False,,,False,,0.634921,2560.0,3267.083496,0.828571,0.0,0.828571,0.057143,683.0625,529.65625,61.125,53.449219,False,,,,,,,,,,,,,,,
session_20260630_103628,images_ok_raw/ok_20260630_103655_000013.jpg,images_ok_raw,13,12,model,3,unripe bunch,0.588889,weak,weak,weak/noise conf 0.59<0.70 low_bunch_density,,3,unripe bunch,3,unripe bunch,,,False,,,False,,0.047917,4416.0,88536.25,0.0,0.0,0.0,0.9375,0.0,97.0,235.0,376.75,False,,,,,,,,,,,,,,,
session_20260630_103628,images_ok_raw/ok_20260630_103655_000013.jpg,images_ok_raw,13,13,model,2,unripe,0.540924,weak,weak,weak/noise conf 0.54<0.85,,2,unripe,2,unripe,,,False,,,False,,0.694444,1600.0,1785.463989,0.0,0.0,0.0,1.0,752.367188,362.359375,46.507812,38.390625,False,,,,,,,,,,,,,,,
session_20260630_103628,images_ok_raw/ok_20260630_103655_000013.jpg,images_ok_raw,13,14,model,2,unripe,0.457137,weak,weak,weak/noise conf 0.46<0.85,,2,unripe,2,unripe,,,False,,,False,,0.766667,1472.0,1557.403564,0.0,0.0,0.0,1.0,195.6875,266.640625,42.074219,37.015625,False,,,,,,,,,,,,,,,
session_20260630_103628,images_ok_raw/ok_20260630_103655_000013.jpg,images_ok_raw,13,15,model,2,unripe,0.432063,weak,weak,weak/noise conf 0.43<0.85 roi,,2,unripe,2,unripe,,,False,,,False,,0.5625,576.0,889.554688,0.222222,0.777778,1.0,0.111111,0.0625,248.1875,14.347656,62.0,False,,,,,,,,,,,,,,,
session_20260630_103628,images_ok_raw/ok_20260630_103655_000013.jpg,images_ok_raw,13,16,model,2,unripe,0.420599,weak,weak,weak/noise conf 0.42<0.85 roi bad_color gy=0.00,,2,unripe,2,unripe,,,False,,,False,,0.571429,768.0,956.634644,1.0,0.0,1.0,0.0,0.0,205.90625,22.320312,42.859375,False,,,,,,,,,,,,,,,
session_20260630_103628,images_ok_raw/ok_20260630_103655_000013.jpg,images_ok_raw,13,17,model,2,unripe,0.359365,weak,weak,weak/noise conf 0.36<0.85 bad_color gy=0.00,,2,unripe,2,unripe,,,False,,,False,,0.714286,1920.0,1991.134277,0.821429,0.0,0.821429,0.0,677.71875,402.0625,47.78125,41.671875,False,,,,,,,,,,,,,,,
session_20260630_103628,images_ok_raw/ok_20260630_103655_000013.jpg,images_ok_raw,13,18,model,2,unripe,0.355776,weak,weak,weak/noise conf 0.36<0.85 bad_color gy=0.00,,2,unripe,2,unripe,,,False,,,False,,0.577778,3328.0,4573.478027,1.0,0.0,1.0,0.0,49.484375,105.21875,63.328125,72.21875,False,,,,,,,,,,,,,,,
session_20260630_103628,images_ok_raw/ok_20260630_103655_000013.jpg,images_ok_raw,13,19,model,2,unripe,0.252384,noise,noise,weak/noise conf 0.25<0.85 bad_color gy=0.06,,2,unripe,2,unripe,,,False,,,False,,0.666667,2688.0,3120.615723,0.828571,0.0,0.828571,0.057143,683.984375,529.921875,60.484375,51.59375,False,,,,,,,,,,,,,,,
session_20260630_103628,images_ok_raw/ok_20260630_103655_000013.jpg,images_ok_raw,13,20,model,2,unripe,0.218669,noise,noise,weak/noise conf 0.22<0.85 roi bad_color gy=0.00,,2,unripe,2,unripe,,,False,,,False,,0.714286,3200.0,4023.49707,0.96,0.0,0.96,0.0,0.632812,113.4375,55.210938,72.875,False,,,,,,,,,,,,,,,
session_20260630_103628,images_ok_raw/ok_20260630_103655_000013.jpg,images_ok_raw,13,21,model,2,unripe,0.15974,noise,noise,weak/noise conf 0.16<0.85 roi,,2,unripe,2,unripe,,,False,,,False,,0.833333,960.0,595.875854,0.0,0.125,0.125,1.0,678.703125,699.972656,33.90625,17.574219,False,,,,,,,,,,,,,,,
session_20260630_103628,images_ok_raw/ok_20260630_103656_000014.jpg,images_ok_raw,14,0,model,2,unripe,0.871477,strong,strong,,,2,unripe,2,unripe,,,False,,,False,,0.594406,5440.0,6861.950195,0.0,0.111111,0.111111,0.938272,7.96875,245.15625,89.9375,76.296875,False,,,,,,,,,,,,,,,
session_20260630_103628,images_ok_raw/ok_20260630_103656_000014.jpg,images_ok_raw,14,1,model,2,unripe,0.864309,strong,strong,,,2,unripe,2,unripe,,,False,,,False,,0.604938,3136.0,3847.598877,0.0,0.0,0.0,1.0,96.6875,325.359375,64.546875,59.609375,False,,,,,,,,,,,,,,,
session_20260630_103628,images_ok_raw/ok_20260630_103656_000014.jpg,images_ok_raw,14,2,model,2,unripe,0.850964,weak,color_corrected,weak/noise bad_color gy=0.00,unripe_to_ripe_by_mask_color,2,unripe,1,ripe,1,ripe,True,unripe_to_ripe_by_mask_color,0.975309,False,,0.638462,5312.0,6310.234375,0.641975,0.333333,0.975309,0.0,43.5625,166.40625,92.5,68.21875,False,,,,,,,,,,,,,,,
session_20260630_103628,images_ok_raw/ok_20260630_103656_000014.jpg,images_ok_raw,14,3,model,2,unripe,0.811677,weak,review,weak/noise conf 0.81<0.85,near_threshold_unripe_color_mask_support,2,unripe,2,unripe,,,False,,,True,near_threshold_unripe_color_mask_support,0.625,2240.0,2824.115723,0.0,0.0,0.0,1.0,152.539062,235.46875,59.367188,47.570312,False,,,,,,,,,,,,,,,
session_20260630_103628,images_ok_raw/ok_20260630_103656_000014.jpg,images_ok_raw,14,4,model,3,unripe bunch,0.794385,weak,weak,weak/noise tomatoes_inside 0<2,,3,unripe bunch,3,unripe bunch,,,False,,,False,,0.082789,2432.0,26291.25,0.0,0.066667,0.066667,0.933333,674.5,391.25,128.25,205.0,False,,,,,,,,,,,,,,,
session_20260630_103628,images_ok_raw/ok_20260630_103656_000014.jpg,images_ok_raw,14,5,model,2,unripe,0.791821,weak,color_corrected,weak/noise conf 0.79<0.85 bad_color gy=0.00,unripe_to_ripe_by_mask_color,2,unripe,1,ripe,1,ripe,True,unripe_to_ripe_by_mask_color,0.981818,False,,0.6875,3520.0,3592.597656,0.963636,0.018182,0.981818,0.0,685.65625,476.25,68.59375,52.375,False,,,,,,,,,,,,,,,
session_20260630_103628,images_ok_raw/ok_20260630_103656_000014.jpg,images_ok_raw,14,6,model,2,unripe,0.791821,weak,weak,weak/noise conf 0.79<0.85,,2,unripe,2,unripe,,,False,,,False,,0.722222,3328.0,3748.533203,0.0,0.0,0.0,1.0,104.984375,267.34375,61.625,60.828125,False,,,,,,,,,,,,,,,
session_20260630_103628,images_ok_raw/ok_20260630_103656_000014.jpg,images_ok_raw,14,7,model,2,unripe,0.782663,weak,weak,weak/noise conf 0.78<0.85,,2,unripe,2,unripe,,,False,,,False,,0.738095,1984.0,2280.894775,0.0,0.0,0.0,1.0,751.390625,408.0,48.578125,46.953125,False,,,,,,,,,,,,,,,
session_20260630_103628,images_ok_raw/ok_20260630_103656_000014.jpg,images_ok_raw,14,8,model,2,unripe,0.774583,weak,weak,weak/noise conf 0.77<0.85,,2,unripe,2,unripe,,,False,,,False,,0.576923,4800.0,6520.90918,0.0,0.152778,0.152778,0.972222,118.375,140.1875,70.09375,93.03125,False,,,,,,,,,,,,,,,
session_20260630_103628,images_ok_raw/ok_20260630_103656_000014.jpg,images_ok_raw,14,9,model,2,unripe,0.756356,weak,weak,weak/noise conf 0.76<0.85,,2,unripe,2,unripe,,,False,,,False,,0.714286,2240.0,2670.084473,0.0,0.0,0.0,1.0,76.484375,385.4375,50.171875,53.21875,False,,,,,,,,,,,,,,,
session_20260630_103628,images_ok_raw/ok_20260630_103656_000014.jpg,images_ok_raw,14,10,model,2,unripe,0.70416,weak,weak,weak/noise conf 0.70<0.85 roi,,2,unripe,2,unripe,,,False,,,False,,0.734694,2304.0,2355.047852,0.0,0.0,0.0,1.0,598.015625,665.453125,45.6875,51.546875,False,,,,,,,,,,,,,,,
session_20260630_103628,images_ok_raw/ok_20260630_103656_000014.jpg,images_ok_raw,14,11,model,2,unripe,0.600188,weak,weak,weak/noise conf 0.60<0.85,,2,unripe,2,unripe,,,False,,,False,,0.628571,1408.0,1397.9198,0.0,0.0,0.0,1.0,197.34375,264.351562,42.796875,32.664062,False,,,,,,,,,,,,,,,
session_20260630_103628,images_ok_raw/ok_20260630_103656_000014.jpg,images_ok_raw,14,12,model,2,unripe,0.564099,weak,color_corrected,weak/noise conf 0.56<0.85 bad_color gy=0.00,unripe_to_ripe_by_mask_color,2,unripe,1,ripe,1,ripe,True,unripe_to_ripe_by_mask_color,1.0,False,,0.633333,3648.0,4627.365234,0.964912,0.035088,1.0,0.0,49.15625,101.921875,63.375,73.015625,False,,,,,,,,,,,,,,,
session_20260630_103628,images_ok_raw/ok_20260630_103656_000014.jpg,images_ok_raw,14,13,model,1,ripe,0.55254,weak,weak,weak/noise conf 0.55<0.80,,1,ripe,1,ripe,,,False,,,False,,0.732143,2624.0,3237.29834,0.731707,0.146341,0.878049,0.121951,685.09375,528.21875,58.296875,55.53125,False,,,,,,,,,,,,,,,
session_20260630_103628,images_ok_raw/ok_20260630_103656_000014.jpg,images_ok_raw,14,14,model,3,unripe bunch,0.496094,weak,weak,weak/noise conf 0.50<0.70 low_bunch_density,,3,unripe bunch,3,unripe bunch,,,False,,,False,,0.049032,4864.0,95117.34375,0.0,0.065217,0.065217,0.913043,0.0,93.875,241.875,393.25,False,,,,,,,,,,,,,,,
session_20260630_103628,images_ok_raw/ok_20260630_103656_000014.jpg,images_ok_raw,14,15,model,2,unripe,0.392337,weak,weak,weak/noise conf 0.39<0.85 roi bad_color gy=0.00,,2,unripe,2,unripe,,,False,,,False,,0.611111,704.0,1000.11261,0.727273,0.272727,1.0,0.0,0.0,202.0625,22.234375,44.980469,False,,,,,,,,,,,,,,,
session_20260630_103628,images_ok_raw/ok_20260630_103656_000014.jpg,images_ok_raw,14,16,model,2,unripe,0.372048,weak,weak,weak/noise conf 0.37<0.85 roi,,2,unripe,2,unripe,,,False,,,False,,0.666667,768.0,895.36853,0.0,1.0,1.0,0.25,0.226562,247.0,14.261719,62.78125,False,,,,,,,,,,,,,,,
session_20260630_103628,images_ok_raw/ok_20260630_103656_000014.jpg,images_ok_raw,14,17,model,2,unripe,0.338077,weak,weak,weak/noise conf 0.34<0.85 bad_color gy=0.03,,2,unripe,2,unripe,,,False,,,False,,0.714286,1920.0,2156.407471,0.933333,0.033333,0.966667,0.033333,672.859375,401.773438,52.96875,40.710938,False,,,,,,,,,,,,,,,
session_20260630_103628,images_ok_raw/ok_20260630_103656_000014.jpg,images_ok_raw,14,18,model,2,unripe,0.267409,noise,noise,weak/noise conf 0.27<0.85 roi bad_color gy=0.00,,2,unripe,2,unripe,,,False,,,False,,0.6375,3264.0,4069.204834,0.980392,0.0,0.980392,0.0,0.40625,113.46875,56.578125,71.921875,False,,,,,,,,,,,,,,,
session_20260630_103628,images_ok_raw/ok_20260630_103656_000014.jpg,images_ok_raw,14,19,model,2,unripe,0.266644,noise,noise,weak/noise conf 0.27<0.85,,2,unripe,2,unripe,,,False,,,False,,0.650794,2624.0,3195.104492,0.731707,0.146341,0.878049,0.121951,684.210938,528.75,59.914062,53.328125,False,,,,,,,,,,,,,,,
session_20260630_103628,images_ok_raw/ok_20260630_103656_000014.jpg,images_ok_raw,14,20,model,2,unripe,0.237225,noise,noise,weak/noise conf 0.24<0.85,,2,unripe,2,unripe,,,False,,,False,,0.866667,1664.0,1640.616699,0.086957,0.0,0.086957,0.913043,689.15625,577.554688,46.0625,35.617188,False,,,,,,,,,,,,,,,
session_20260630_103628,images_ok_raw/ok_20260630_103656_000014.jpg,images_ok_raw,14,21,model,3,unripe bunch,0.216012,noise,noise,weak/noise conf 0.22<0.70 small_bunch_mask low_bunch_density tomatoes_inside 1<2,,3,unripe bunch,3,unripe bunch,,,False,,,False,,0.017241,768.0,41914.167969,0.0,0.0,0.0,0.666667,0.8125,96.0,184.1875,227.5625,False,,,,,,,,,,,,,,,
session_20260630_103628,images_ok_raw/ok_20260630_103656_000014.jpg,images_ok_raw,14,22,model,2,unripe,0.193756,noise,noise,weak/noise conf 0.19<0.85,,2,unripe,2,unripe,,,False,,,False,,0.697917,4288.0,4737.922363,0.0,0.0,0.0,1.0,195.984375,478.15625,56.890625,83.28125,False,,,,,,,,,,,,,,,
session_20260630_103628,images_ok_raw/ok_20260630_103657_000015.jpg,images_ok_raw,15,0,model,2,unripe,0.853913,strong,strong,,,2,unripe,2,unripe,,,False,,,False,,0.628788,5312.0,7037.561523,0.0,0.075949,0.075949,0.962025,20.0625,226.6875,90.40625,77.84375,False,,,,,,,,,,,,,,,
session_20260630_103628,images_ok_raw/ok_20260630_103657_000015.jpg,images_ok_raw,15,1,model,2,unripe,0.836555,weak,review,weak/noise conf 0.84<0.85,near_threshold_unripe_color_mask_support,2,unripe,2,unripe,,,False,,,True,near_threshold_unripe_color_mask_support,0.765432,3968.0,3822.265625,0.0,0.0,0.0,1.0,117.1875,247.8125,61.15625,62.5,False,,,,,,,,,,,,,,,
session_20260630_103628,images_ok_raw/ok_20260630_103657_000015.jpg,images_ok_raw,15,2,model,2,unripe,0.834406,weak,review,weak/noise conf 0.83<0.85,near_threshold_unripe_color_mask_support,2,unripe,2,unripe,,,False,,,True,near_threshold_unripe_color_mask_support,0.708333,3264.0,3705.380127,0.0,0.0,0.0,1.0,107.96875,306.734375,63.390625,58.453125,False,,,,,,,,,,,,,,,
session_20260630_103628,images_ok_raw/ok_20260630_103657_000015.jpg,images_ok_raw,15,3,model,3,unripe bunch,0.827269,weak,weak,weak/noise low_bunch_density tomatoes_inside 1<2,,3,unripe bunch,3,unripe bunch,,,False,,,False,,0.046086,4672.0,98247.140625,0.0,0.125,0.125,0.875,3.625,64.5,256.6875,382.75,False,,,,,,,,,,,,,,,
session_20260630_103628,images_ok_raw/ok_20260630_103657_000015.jpg,images_ok_raw,15,4,model,2,unripe,0.812868,weak,review,weak/noise conf 0.81<0.85,near_threshold_unripe_color_mask_support,2,unripe,2,unripe,,,False,,,True,near_threshold_unripe_color_mask_support,0.634921,2560.0,3062.573242,0.0,0.0,0.0,1.0,163.703125,217.8125,61.328125,49.9375,False,,,,,,,,,,,,,,,
session_20260630_103628,images_ok_raw/ok_20260630_103657_000015.jpg,images_ok_raw,15,5,model,2,unripe,0.796925,weak,weak,weak/noise conf 0.80<0.85,,2,unripe,2,unripe,,,False,,,False,,0.607143,2176.0,2755.942383,0.0,0.0,0.0,1.0,88.796875,365.25,50.859375,54.1875,False,,,,,,,,,,,,,,,
session_20260630_103628,images_ok_raw/ok_20260630_103657_000015.jpg,images_ok_raw,15,6,model,3,unripe bunch,0.793746,weak,weak,weak/noise low_bunch_density tomatoes_inside 0<2,,3,unripe bunch,3,unripe bunch,,,False,,,False,,0.055718,2432.0,42032.601562,0.0,0.111111,0.111111,1.0,642.0,379.0,173.375,242.4375,False,,,,,,,,,,,,,,,
session_20260630_103628,images_ok_raw/ok_20260630_103657_000015.jpg,images_ok_raw,15,7,model,2,unripe,0.787931,weak,weak,weak/noise conf 0.79<0.85,,2,unripe,2,unripe,,,False,,,False,,0.6,4992.0,6503.143555,0.013889,0.263889,0.277778,0.916667,131.59375,119.59375,69.34375,93.78125,False,,,,,,,,,,,,,,,
session_20260630_103628,images_ok_raw/ok_20260630_103657_000015.jpg,images_ok_raw,15,8,model,2,unripe,0.764889,weak,weak,weak/noise conf 0.76<0.85,,2,unripe,2,unripe,,,False,,,False,,0.714286,1920.0,2068.192871,0.0,0.0,0.0,1.0,764.75,393.53125,43.242188,47.828125,False,,,,,,,,,,,,,,,
session_20260630_103628,images_ok_raw/ok_20260630_103657_000015.jpg,images_ok_raw,15,9,model,2,unripe,0.760648,weak,color_corrected,weak/noise conf 0.76<0.85 bad_color gy=0.00,unripe_to_ripe_by_mask_color,2,unripe,1,ripe,1,ripe,True,unripe_to_ripe_by_mask_color,0.962963,False,,0.7,3584.0,3646.227051,0.87037,0.092593,0.962963,0.0,694.28125,463.0625,70.671875,51.59375,False,,,,,,,,,,,,,,,
session_20260630_103628,images_ok_raw/ok_20260630_103657_000015.jpg,images_ok_raw,15,10,model,2,unripe,0.74614,weak,weak,weak/noise conf 0.75<0.85,,2,unripe,2,unripe,,,False,,,False,,0.660714,2368.0,2742.944092,0.0,0.0,0.0,1.0,604.453125,650.515625,47.203125,58.109375,False,,,,,,,,,,,,,,,
session_20260630_103628,images_ok_raw/ok_20260630_103657_000015.jpg,images_ok_raw,15,11,model,2,unripe,0.720171,weak,color_corrected,weak/noise conf 0.72<0.85 bad_color gy=0.00,unripe_to_ripe_by_mask_color,2,unripe,1,ripe,1,ripe,True,unripe_to_ripe_by_mask_color,0.987805,False,,0.759259,5248.0,6411.738281,0.743902,0.243902,0.987805,0.0,56.96875,146.90625,93.6875,68.4375,False,,,,,,,,,,,,,,,
session_20260630_103628,images_ok_raw/ok_20260630_103657_000015.jpg,images_ok_raw,15,12,model,2,unripe,0.695958,weak,weak,weak/noise conf 0.70<0.85,,2,unripe,2,unripe,,,False,,,False,,0.805556,1856.0,1658.398926,0.0,0.0,0.0,1.0,212.28125,245.84375,42.574219,38.953125,False,,,,,,,,,,,,,,,
session_20260630_103628,images_ok_raw/ok_20260630_103657_000015.jpg,images_ok_raw,15,13,model,2,unripe,0.682574,weak,weak,weak/noise conf 0.68<0.85 roi bad_color gy=0.04,,2,unripe,2,unripe,,,False,,,False,,0.555556,1600.0,2242.850098,0.88,0.12,1.0,0.04,0.015625,167.0,37.507812,59.796875,False,,,,,,,,,,,,,,,
session_20260630_103628,images_ok_raw/ok_20260630_103657_000015.jpg,images_ok_raw,15,14,model,1,ripe,0.492188,weak,weak,weak/noise conf 0.49<0.80,,1,ripe,1,ripe,,,False,,,False,,0.652778,3008.0,3351.00708,0.688889,0.155556,0.844444,0.155556,689.5,515.6875,63.78125,52.539062,False,,,,,,,,,,,,,,,
session_20260630_103628,images_ok_raw/ok_20260630_103657_000015.jpg,images_ok_raw,15,15,model,2,unripe,0.457137,weak,weak,weak/noise conf 0.46<0.85 roi bad_color gy=0.04,,2,unripe,2,unripe,,,False,,,False,,0.8125,1664.0,1663.260498,0.153846,0.846154,1.0,0.038462,0.671875,221.5,29.667969,56.0625,False,,,,,,,,,,,,,,,
session_20260630_103628,images_ok_raw/ok_20260630_103657_000015.jpg,images_ok_raw,15,16,model,2,unripe,0.453262,weak,weak,weak/noise conf 0.45<0.85 roi,,2,unripe,2,unripe,,,False,,,False,,0.8,1792.0,1727.04126,0.0,0.0,0.0,1.0,657.609375,685.390625,52.359375,32.984375,False,,,,,,,,,,,,,,,
session_20260630_103628,images_ok_raw/ok_20260630_103657_000015.jpg,images_ok_raw,15,17,model,2,unripe,0.451326,weak,weak,weak/noise conf 0.45<0.85,,2,unripe,2,unripe,,,False,,,False,,0.666667,4096.0,4844.962891,0.0,0.967742,0.967742,0.096774,26.1875,380.21875,57.0625,84.90625,False,,,,,,,,,,,,,,,
session_20260630_103628,images_ok_raw/ok_20260630_103657_000015.jpg,images_ok_raw,15,18,model,2,unripe,0.437823,weak,weak,weak/noise conf 0.44<0.85,,2,unripe,2,unripe,,,False,,,False,,0.761905,3072.0,3490.248047,0.673913,0.195652,0.869565,0.130435,688.980469,514.3125,65.238281,53.5,False,,,,,,,,,,,,,,,
session_20260630_103628,images_ok_raw/ok_20260630_103657_000015.jpg,images_ok_raw,15,19,model,2,unripe,0.414899,weak,weak,weak/noise conf 0.41<0.85 bad_color gy=0.00,,2,unripe,2,unripe,,,False,,,False,,0.666667,1792.0,1947.782959,0.857143,0.107143,0.964286,0.0,689.375,387.515625,46.679688,41.726562,False,,,,,,,,,,,,,,,
session_20260630_103628,images_ok_raw/ok_20260630_103657_000015.jpg,images_ok_raw,15,20,model,2,unripe,0.319121,weak,weak,weak/noise conf 0.32<0.85 bad_color gy=0.00,,2,unripe,2,unripe,,,False,,,False,,0.633333,3648.0,4981.521973,0.982456,0.0,0.982456,0.0,59.796875,83.6875,65.953125,75.53125,False,,,,,,,,,,,,,,,
session_20260630_103628,images_ok_raw/ok_20260630_103657_000015.jpg,images_ok_raw,15,21,model,2,unripe,0.286169,noise,noise,weak/noise conf 0.29<0.85 bad_color gy=0.00,,2,unripe,2,unripe,,,False,,,False,,0.525253,3328.0,4796.120605,0.961538,0.0,0.961538,0.0,9.5,93.03125,62.515625,76.71875,False,,,,,,,,,,,,,,,
session_20260630_103628,images_ok_raw/ok_20260630_103658_000016.jpg,images_ok_raw,16,0,model,2,unripe,0.873218,strong,strong,,,2,unripe,2,unripe,,,False,,,False,,0.62963,3264.0,3838.320312,0.0,0.0,0.0,1.0,106.96875,87.3125,63.3125,60.625,False,,,,,,,,,,,,,,,
session_20260630_103628,images_ok_raw/ok_20260630_103658_000016.jpg,images_ok_raw,16,1,model,2,unripe,0.869716,strong,strong,,,2,unripe,2,unripe,,,False,,,False,,0.613636,5184.0,6900.981445,0.0,0.044118,0.044118,0.985294,16.71875,3.71875,88.15625,78.28125,False,,,,,,,,,,,,,,,
session_20260630_103628,images_ok_raw/ok_20260630_103658_000016.jpg,images_ok_raw,16,2,model,2,unripe,0.860601,strong,strong,,,2,unripe,2,unripe,,,False,,,False,,0.666667,3456.0,3927.464844,0.0,0.0,0.0,1.0,115.90625,27.28125,62.125,63.21875,False,,,,,,,,,,,,,,,
session_20260630_103628,images_ok_raw/ok_20260630_103658_000016.jpg,images_ok_raw,16,3,model,3,unripe bunch,0.815233,strong,strong,,,3,unripe bunch,3,unripe bunch,,,False,,,False,,0.079167,4864.0,29841.361328,0.0,0.0,0.0,0.9375,3.81375,0.0,187.122498,159.475006,False,supported_by_unripe_singles,,,,,,,,,,,,,,
session_20260630_103628,images_ok_raw/ok_20260630_103658_000016.jpg,images_ok_raw,16,4,model,2,unripe,0.818738,weak,review,weak/noise conf 0.82<0.85,near_threshold_unripe_color_mask_support,2,unripe,2,unripe,,,False,,,True,near_threshold_unripe_color_mask_support,0.546875,2240.0,2867.606445,0.0,0.2,0.2,0.9,85.75,149.21875,54.890625,52.242188,False,,,,,,,,,,,,,,,
session_20260630_103628,images_ok_raw/ok_20260630_103658_000016.jpg,images_ok_raw,16,5,model,3,unripe bunch,0.801315,weak,weak,weak/noise small_bunch_mask low_bunch_density tomatoes_inside 0<2,,3,unripe bunch,3,unripe bunch,,,False,,,False,,0.046914,1216.0,24176.199219,0.0,0.0,0.0,1.0,697.53125,153.875,117.09375,206.46875,False,,,,,,,,,,,,,,,
session_20260630_103628,images_ok_raw/ok_20260630_103658_000016.jpg,images_ok_raw,16,6,model,2,unripe,0.781331,weak,weak,weak/noise conf 0.78<0.85,,2,unripe,2,unripe,,,False,,,False,,0.809524,2176.0,2316.821045,0.0,0.0,0.0,1.0,769.171875,179.703125,46.671875,49.640625,False,,,,,,,,,,,,,,,
session_20260630_103628,images_ok_raw/ok_20260630_103658_000016.jpg,images_ok_raw,16,7,model,2,unripe,0.7773,weak,weak,weak/noise conf 0.78<0.85 roi,,2,unripe,2,unripe,,,False,,,False,,0.625,1920.0,2431.533203,0.0,0.0,0.0,1.0,164.765625,0.0,56.578125,42.976562,False,,,,,,,,,,,,,,,
session_20260630_103628,images_ok_raw/ok_20260630_103658_000016.jpg,images_ok_raw,16,8,model,2,unripe,0.690977,weak,color_corrected,weak/noise conf 0.69<0.85 bad_color gy=0.00,unripe_to_ripe_by_mask_color,2,unripe,1,ripe,1,ripe,True,unripe_to_ripe_by_mask_color,0.980392,False,,0.675,3456.0,3934.40625,0.980392,0.0,0.980392,0.0,698.328125,247.546875,72.859375,54.0,False,,,,,,,,,,,,,,,
session_20260630_103628,images_ok_raw/ok_20260630_103658_000016.jpg,images_ok_raw,16,9,model,2,unripe,0.626125,weak,weak,weak/noise conf 0.63<0.85,,2,unripe,2,unripe,,,False,,,False,,0.628571,1408.0,1792.016602,0.0,0.0,0.0,1.0,208.421875,24.875,50.390625,35.5625,False,,,,,,,,,,,,,,,
session_20260630_103628,images_ok_raw/ok_20260630_103658_000016.jpg,images_ok_raw,16,10,model,2,unripe,0.569853,weak,weak,weak/noise conf 0.57<0.85 roi bad_color gy=0.00,,2,unripe,2,unripe,,,False,,,False,,0.555556,1280.0,1678.40332,0.15,0.85,1.0,0.0,0.0,0.0,24.46875,68.59375,False,,,,,,,,,,,,,,,
session_20260630_103628,images_ok_raw/ok_20260630_103658_000016.jpg,images_ok_raw,16,11,model,2,unripe,0.566978,weak,color_corrected,weak/noise conf 0.57<0.85 bad_color gy=0.07,unripe_to_ripe_by_mask_color,2,unripe,1,ripe,1,ripe,True,unripe_to_ripe_by_mask_color,0.85,False,,0.697917,4288.0,4972.869141,0.266667,0.65,0.916667,0.066667,27.53125,161.15625,56.8125,87.53125,False,,,,,,,,,,,,,,,
session_20260630_103628,images_ok_raw/ok_20260630_103658_000016.jpg,images_ok_raw,16,12,model,2,unripe,0.521471,weak,weak,weak/noise conf 0.52<0.85,,2,unripe,2,unripe,,,False,,,False,,0.766667,1472.0,1281.277222,0.066667,0.0,0.066667,0.866667,707.96875,354.445312,42.609375,30.070312,False,,,,,,,,,,,,,,,
session_20260630_103628,images_ok_raw/ok_20260630_103658_000016.jpg,images_ok_raw,16,13,model,2,unripe,0.4436,weak,weak,weak/noise conf 0.44<0.85 bad_color gy=0.00,,2,unripe,2,unripe,,,False,,,False,,0.71875,2944.0,3290.222168,0.853659,0.02439,0.878049,0.0,698.84375,301.1875,58.984375,55.78125,False,,,,,,,,,,,,,,,
session_20260630_103628,images_ok_raw/ok_20260630_103658_000016.jpg,images_ok_raw,16,14,model,2,unripe,0.210118,noise,noise,weak/noise conf 0.21<0.85,,2,unripe,2,unripe,,,False,,,False,,0.703704,2432.0,2782.219727,0.0,0.0,0.0,1.0,609.796875,436.226562,45.921875,60.585938,False,,,,,,,,,,,,,,,
session_20260630_103628,images_ok_raw/ok_20260630_103658_000016.jpg,images_ok_raw,16,15,model,2,unripe,0.166134,noise,noise,weak/noise conf 0.17<0.85 bad_color gy=0.03,,2,unripe,2,unripe,,,False,,,False,,0.738095,1984.0,2177.736328,0.833333,0.0,0.833333,0.033333,693.078125,172.78125,50.71875,42.9375,False,,,,,,,,,,,,,,,
session_20260630_103628,images_ok_raw/ok_20260630_103658_000016.jpg,images_ok_raw,16,16,model,2,unripe,0.165054,noise,noise,weak/noise conf 0.17<0.85,,2,unripe,2,unripe,,,False,,,False,,0.638889,1472.0,1262.475342,0.0,0.0,0.0,1.0,79.859375,116.148438,32.851562,38.429688,False,,,,,,,,,,,,,,,
session_20260630_103628,images_ok_raw/ok_20260630_103700_000017.jpg,images_ok_raw,17,0,model,3,unripe bunch,0.840261,weak,weak,weak/noise small_bunch_mask low_bunch_density tomatoes_inside 0<2,,3,unripe bunch,3,unripe bunch,,,False,,,False,,0.049383,1536.0,28701.333984,0.0,0.0,0.0,0.571429,437.53125,177.5,135.34375,212.0625,False,,,,,,,,,,,,,,,
session_20260630_103628,images_ok_raw/ok_20260630_103700_000017.jpg,images_ok_raw,17,1,model,2,unripe,0.830042,weak,review,weak/noise conf 0.83<0.85,near_threshold_unripe_color_mask_support,2,unripe,2,unripe,,,False,,,True,near_threshold_unripe_color_mask_support,0.61039,3008.0,3425.618164,0.0,0.0,0.0,1.0,1063.0,445.671875,73.71875,46.46875,False,,,,,,,,,,,,,,,
session_20260630_103628,images_ok_raw/ok_20260630_103700_000017.jpg,images_ok_raw,17,2,model,1,ripe,0.799442,weak,review,weak/noise conf 0.80<0.80,near_threshold_ripe_color_mask_support,1,ripe,1,ripe,,,False,,,True,near_threshold_ripe_color_mask_support,0.652778,3008.0,3517.255371,0.857143,0.0,0.857143,0.0,441.59375,331.3125,64.796875,54.28125,False,,,,,,,,,,,,,,,
session_20260630_103628,images_ok_raw/ok_20260630_103700_000017.jpg,images_ok_raw,17,3,model,2,unripe,0.782663,weak,weak,weak/noise conf 0.78<0.85,,2,unripe,2,unripe,,,False,,,False,,0.761905,2048.0,2067.688965,0.0,0.0,0.0,1.0,1088.648438,486.578125,53.695312,38.507812,False,,,,,,,,,,,,,,,
session_20260630_103628,images_ok_raw/ok_20260630_103700_000017.jpg,images_ok_raw,17,4,model,2,unripe,0.754914,weak,weak,weak/noise conf 0.75<0.85,,2,unripe,2,unripe,,,False,,,False,,0.653061,2048.0,2054.979492,0.0,0.0,0.0,1.0,518.359375,213.734375,46.6875,44.015625,False,,,,,,,,,,,,,,,
session_20260630_103628,images_ok_raw/ok_20260630_103700_000017.jpg,images_ok_raw,17,5,model,2,unripe,0.726425,weak,weak,weak/noise conf 0.73<0.85,,2,unripe,2,unripe,,,False,,,False,,0.571429,1792.0,2221.29834,0.0,0.0,0.0,1.0,1130.515625,573.84375,48.828125,45.492188,False,,,,,,,,,,,,,,,
session_20260630_103628,images_ok_raw/ok_20260630_103700_000017.jpg,images_ok_raw,17,6,model,2,unripe,0.720171,weak,weak,weak/noise conf 0.72<0.85,,2,unripe,2,unripe,,,False,,,False,,0.729167,2240.0,2405.005615,0.0,0.0,0.0,1.0,995.28125,456.046875,56.734375,42.390625,False,,,,,,,,,,,,,,,
session_20260630_103628,images_ok_raw/ok_20260630_103700_000017.jpg,images_ok_raw,17,7,model,3,unripe bunch,0.684265,weak,weak,weak/noise conf 0.68<0.70 small_bunch_mask low_bunch_density tomatoes_inside 0<2,,3,unripe bunch,3,unripe bunch,,,False,,,False,,0.036522,1344.0,35628.851562,0.0,0.0,0.0,1.0,1001.125,441.5,196.4375,181.375,False,,,,,,,,,,,,,,,
session_20260630_103628,images_ok_raw/ok_20260630_103700_000017.jpg,images_ok_raw,17,8,model,2,unripe,0.67405,weak,color_corrected,weak/noise conf 0.67<0.85 bad_color gy=0.00,unripe_to_ripe_by_mask_color,2,unripe,1,ripe,1,ripe,True,unripe_to_ripe_by_mask_color,0.980392,False,,0.6625,3392.0,3738.639648,0.960784,0.019608,0.980392,0.0,447.96875,278.328125,71.789062,52.078125,False,,,,,,,,,,,,,,,
session_20260630_103628,images_ok_raw/ok_20260630_103700_000017.jpg,images_ok_raw,17,9,model,2,unripe,0.620622,weak,weak,weak/noise conf 0.62<0.85,,2,unripe,2,unripe,,,False,,,False,,0.761905,2048.0,1878.464355,0.105263,0.0,0.105263,0.894737,1122.515625,519.328125,45.28125,41.484375,False,,,,,,,,,,,,,,,
session_20260630_103628,images_ok_raw/ok_20260630_103700_000017.jpg,images_ok_raw,17,10,model,2,unripe,0.571766,weak,weak,weak/noise conf 0.57<0.85,,2,unripe,2,unripe,,,False,,,False,,0.591837,1856.0,2097.589355,0.0,0.0,0.0,1.0,526.453125,166.140625,42.671875,49.15625,False,,,,,,,,,,,,,,,
session_20260630_103628,images_ok_raw/ok_20260630_103700_000017.jpg,images_ok_raw,17,11,model,1,ripe,0.503906,weak,weak,weak/noise conf 0.50<0.80,,1,ripe,1,ripe,,,False,,,False,,0.645833,1984.0,2238.273193,0.896552,0.0,0.896552,0.0,438.921875,202.015625,52.453125,42.671875,False,,,,,,,,,,,,,,,
session_20260630_103628,images_ok_raw/ok_20260630_103700_000017.jpg,images_ok_raw,17,12,model,2,unripe,0.317426,weak,weak,weak/noise conf 0.32<0.85 bad_color gy=0.00,,2,unripe,2,unripe,,,False,,,False,,0.690476,1856.0,2172.029785,0.928571,0.0,0.928571,0.0,440.234375,201.898438,49.390625,43.976562,False,,,,,,,,,,,,,,,
session_20260630_103628,images_ok_raw/ok_20260630_103700_000017.jpg,images_ok_raw,17,13,model,2,unripe,0.295026,noise,noise,weak/noise conf 0.30<0.85,,2,unripe,2,unripe,,,False,,,False,,0.714286,2560.0,2814.365723,0.0,0.0,0.0,1.0,358.453125,464.6875,44.828125,62.78125,False,,,,,,,,,,,,,,,
session_20260630_103628,images_ok_raw/ok_20260630_103700_000017.jpg,images_ok_raw,17,14,model,2,unripe,0.213377,noise,noise,weak/noise conf 0.21<0.85 bad_color gy=0.00,,2,unripe,2,unripe,,,False,,,False,,0.666667,3072.0,3704.21582,0.861111,0.0,0.861111,0.0,443.140625,329.621094,65.484375,56.566406,False,,,,,,,,,,,,,,,
session_20260630_103628,images_ok_raw/ok_20260630_103700_000017.jpg,images_ok_raw,17,15,model,1,ripe,0.193147,noise,noise,weak/noise conf 0.19<0.80,,1,ripe,1,ripe,,,False,,,False,,0.736111,3392.0,3814.361572,1.0,0.0,1.0,0.0,448.125,278.4375,71.484375,53.359375,False,,,,,,,,,,,,,,,
session_20260630_103628,images_ok_raw/ok_20260630_103701_000018.jpg,images_ok_raw,18,0,model,1,ripe,0.808068,strong,strong,,,1,ripe,1,ripe,,,False,,,False,,0.708333,3264.0,3576.138672,0.702128,0.191489,0.893617,0.12766,466.40625,531.53125,65.84375,54.3125,False,,,,,,,,,,,,,,,
session_20260630_103628,images_ok_raw/ok_20260630_103701_000018.jpg,images_ok_raw,18,1,model,2,unripe,0.821044,weak,review,weak/noise conf 0.82<0.85,near_threshold_unripe_color_mask_support,2,unripe,2,unripe,,,False,,,True,near_threshold_unripe_color_mask_support,0.649351,3200.0,3719.638184,0.0,0.0,0.0,1.0,1094.9375,644.820312,76.3125,48.742188,False,,,,,,,,,,,,,,,
session_20260630_103628,images_ok_raw/ok_20260630_103701_000018.jpg,images_ok_raw,18,2,model,2,unripe,0.817577,weak,color_corrected,weak/noise conf 0.82<0.85 bad_color gy=0.00,unripe_to_ripe_by_mask_color,2,unripe,1,ripe,1,ripe,True,unripe_to_ripe_by_mask_color,1.0,False,,0.6125,3136.0,3673.942383,1.0,0.0,1.0,0.0,473.625,479.921875,71.1875,51.609375,False,,,,,,,,,,,,,,,
session_20260630_103628,images_ok_raw/ok_20260630_103701_000018.jpg,images_ok_raw,18,3,model,3,unripe bunch,0.791821,weak,weak,weak/noise tomatoes_inside 1<2,,3,unripe bunch,3,unripe bunch,,,False,,,False,,0.06713,1856.0,26789.335938,0.0,0.0,0.0,1.0,456.625,392.5625,140.28125,190.96875,False,,,,,,,,,,,,,,,
session_20260630_103628,images_ok_raw/ok_20260630_103701_000018.jpg,images_ok_raw,18,4,model,2,unripe,0.774583,weak,weak,weak/noise conf 0.77<0.85,,2,unripe,2,unripe,,,False,,,False,,0.589286,2112.0,2393.197021,0.0,0.0,0.0,1.0,543.921875,406.71875,47.640625,50.234375,False,,,,,,,,,,,,,,,
session_20260630_103628,images_ok_raw/ok_20260630_103701_000018.jpg,images_ok_raw,18,5,model,2,unripe,0.754914,weak,weak,weak/noise conf 0.75<0.85,,2,unripe,2,unripe,,,False,,,False,,0.703704,2432.0,2635.03125,0.0,0.0,0.0,1.0,1029.6875,656.875,61.046875,43.164062,False,,,,,,,,,,,,,,,
session_20260630_103628,images_ok_raw/ok_20260630_103701_000018.jpg,images_ok_raw,18,6,model,2,unripe,0.697608,weak,weak,weak/noise conf 0.70<0.85 roi,,2,unripe,2,unripe,,,False,,,False,,0.785714,2112.0,2225.397217,0.0,0.0,0.0,1.0,378.53125,672.164062,48.46875,45.914062,False,,,,,,,,,,,,,,,
session_20260630_103628,images_ok_raw/ok_20260630_103701_000018.jpg,images_ok_raw,18,7,model,2,unripe,0.637031,weak,weak,weak/noise conf 0.64<0.85 roi,,2,unripe,2,unripe,,,False,,,False,,0.78125,1600.0,1679.456543,0.0,0.130435,0.130435,0.956522,1129.5625,689.085938,54.9375,30.570312,False,,,,,,,,,,,,,,,
session_20260630_103628,images_ok_raw/ok_20260630_103701_000018.jpg,images_ok_raw,18,8,model,3,unripe bunch,0.425367,weak,weak,weak/noise conf 0.43<0.70 small_bunch_mask tomatoes_inside 0<2,,3,unripe bunch,3,unripe bunch,,,False,,,False,,0.061905,832.0,11360.921875,0.0,0.076923,0.076923,0.923077,1031.4375,641.835938,155.8125,72.914062,False,,,,,,,,,,,,,,,
session_20260630_103628,images_ok_raw/ok_20260630_103701_000018.jpg,images_ok_raw,18,9,model,2,unripe,0.369314,weak,weak,weak/noise conf 0.37<0.85,,2,unripe,2,unripe,,,False,,,False,,0.5,1792.0,2508.416504,0.0,0.0,0.0,1.0,547.5625,365.96875,49.65625,50.515625,False,,,,,,,,,,,,,,,
session_20260630_103628,images_ok_raw/ok_20260630_103701_000018.jpg,images_ok_raw,18,10,model,1,ripe,0.306527,weak,weak,weak/noise conf 0.31<0.80,,1,ripe,1,ripe,,,False,,,False,,0.738095,1984.0,2036.26709,0.741935,0.129032,0.870968,0.064516,468.8125,403.929688,48.4375,42.039062,False,,,,,,,,,,,,,,,
session_20260630_103628,images_ok_raw/ok_20260630_103701_000018.jpg,images_ok_raw,18,11,model,2,unripe,0.292595,noise,noise,weak/noise conf 0.29<0.85 bad_color gy=0.03,,2,unripe,2,unripe,,,False,,,False,,0.714286,1920.0,1976.625,0.766667,0.133333,0.9,0.033333,469.15625,403.5,47.0625,42.0,False,,,,,,,,,,,,,,,
session_20260630_103628,images_ok_raw/ok_20260630_103701_000018.jpg,images_ok_raw,18,12,model,2,unripe,0.155589,noise,noise,weak/noise conf 0.16<0.85 roi,,2,unripe,2,unripe,,,False,,,False,,0.714286,960.0,882.463074,0.0,0.0,0.0,1.0,1030.5,699.253906,45.703125,19.308594,False,,,,,,,,,,,,,,,
session_20260630_103628,images_ok_raw/ok_20260630_103708_000019.jpg,images_ok_raw,19,0,model,1,ripe,0.816406,strong,strong,,,1,ripe,1,ripe,,,False,,,False,,0.72028,6592.0,7971.379883,0.960784,0.009804,0.970588,0.0,296.25,454.953125,99.3125,80.265625,False,,,,,,,,,,,,,,,
session_20260630_103628,images_ok_raw/ok_20260630_103708_000019.jpg,images_ok_raw,19,1,model,2,unripe,0.846959,weak,review,weak/noise conf 0.85<0.85,near_threshold_unripe_color_mask_support,2,unripe,2,unripe,,,False,,,True,near_threshold_unripe_color_mask_support,0.676768,4288.0,5188.069336,0.0,0.0,0.0,1.0,481.28125,469.0,66.59375,77.90625,False,,,,,,,,,,,,,,,
session_20260630_103628,images_ok_raw/ok_20260630_103708_000019.jpg,images_ok_raw,19,2,model,1,ripe,0.73412,weak,weak,weak/noise conf 0.73<0.80,,1,ripe,1,ripe,,,False,,,False,,0.789474,11520.0,13257.131836,0.988889,0.011111,1.0,0.005556,290.4375,594.625,144.8125,91.546875,False,,,,,,,,,,,,,,,
session_20260630_103628,images_ok_raw/ok_20260630_103708_000019.jpg,images_ok_raw,19,3,model,1,ripe,0.661923,weak,weak,weak/noise conf 0.66<0.80 roi,,1,ripe,1,ripe,,,False,,,False,,0.7,3584.0,4050.711914,0.946429,0.035714,0.982143,0.017857,318.46875,684.328125,117.09375,34.59375,False,,,,,,,,,,,,,,,
session_20260630_103628,images_ok_raw/ok_20260630_103708_000019.jpg,images_ok_raw,19,4,model,2,unripe,0.414899,weak,weak,weak/noise conf 0.41<0.85 roi bad_color gy=0.02,,2,unripe,2,unripe,,,False,,,False,,0.6875,3520.0,4320.864258,0.945455,0.036364,0.981818,0.018182,319.4375,682.03125,116.09375,37.21875,False,,,,,,,,,,,,,,,
session_20260630_103628,images_ok_raw/ok_20260630_103708_000019.jpg,images_ok_raw,19,5,model,2,unripe,0.413951,weak,weak,weak/noise conf 0.41<0.85,,2,unripe,2,unripe,,,False,,,False,,0.711111,8192.0,10183.113281,0.0,0.0,0.0,1.0,0.3125,439.125,76.78125,132.625,False,,,,,,,,,,,,,,,
session_20260630_103628,images_ok_raw/ok_20260630_103708_000019.jpg,images_ok_raw,19,6,model,2,unripe,0.268175,noise,noise,weak/noise conf 0.27<0.85 roi,,2,unripe,2,unripe,,,False,,,False,,0.641176,6976.0,9065.189453,0.0,0.0,0.0,1.0,0.359375,78.3125,73.328125,123.625,False,,,,,,,,,,,,,,,
session_20260630_103628,images_ok_raw/ok_20260630_103709_000020.jpg,images_ok_raw,20,0,model,1,ripe,0.912434,strong,strong,,,1,ripe,1,ripe,,,False,,,False,,0.830579,12864.0,14328.011719,0.99005,0.00995,1.0,0.0,442.9375,635.1875,168.9375,84.8125,False,,,,,,,,,,,,,,,
session_20260630_103628,images_ok_raw/ok_20260630_103709_000020.jpg,images_ok_raw,20,1,model,1,ripe,0.894052,strong,strong,,,1,ripe,1,ripe,,,False,,,False,,0.682051,8512.0,10808.024414,0.977444,0.0,0.977444,0.0,451.03125,470.375,114.03125,94.78125,False,,,,,,,,,,,,,,,
session_20260630_103628,images_ok_raw/ok_20260630_103709_000020.jpg,images_ok_raw,20,2,model,2,unripe,0.811677,weak,review,weak/noise conf 0.81<0.85,near_threshold_unripe_color_mask_support,2,unripe,2,unripe,,,False,,,True,near_threshold_unripe_color_mask_support,0.758333,5824.0,6851.355469,0.0,0.0,0.0,1.0,664.609375,487.25,78.078125,87.75,False,,,,,,,,,,,,,,,
session_20260630_103628,images_ok_raw/ok_20260630_103709_000020.jpg,images_ok_raw,20,3,model,3,unripe bunch,0.15974,noise,noise,weak/noise conf 0.16<0.70,,3,unripe bunch,3,unripe bunch,,,False,,,False,,0.245003,24320.0,94137.75,0.02381,0.059524,0.083333,0.857143,403.875,457.75,364.875,258.0,False,,,,,,,,,,,,,,,
session_20260630_103628,images_ok_raw/ok_20260630_103710_000021.jpg,images_ok_raw,21,0,model,1,ripe,0.904653,strong,strong,,,1,ripe,1,ripe,,,False,,,False,,0.663158,12096.0,15648.874023,0.973545,0.0,0.973545,0.0,606.1875,455.1875,139.546875,112.140625,False,,,,,,,,,,,,,,,
session_20260630_103628,images_ok_raw/ok_20260630_103710_000021.jpg,images_ok_raw,21,1,model,1,ripe,0.873218,weak,weak,weak/noise roi,,1,ripe,1,ripe,,,False,,,False,,0.755556,10880.0,12769.336914,1.0,0.0,1.0,0.0,601.0,654.835938,197.28125,64.726562,False,,,,,,,,,,,,,,,
session_20260630_103628,images_ok_raw/ok_20260630_103711_000022.jpg,images_ok_raw,22,0,model,1,ripe,0.915508,strong,strong,,,1,ripe,1,ripe,,,False,,,False,,0.771242,22656.0,26831.777344,0.994318,0.002841,0.997159,0.002841,605.375,171.375,205.3125,130.6875,False,,,,,,,,,,,,,,,
session_20260630_103628,images_ok_raw/ok_20260630_103711_000022.jpg,images_ok_raw,22,1,model,1,ripe,0.903973,strong,strong,,,1,ripe,1,ripe,,,False,,,False,,0.745455,10496.0,13358.261719,0.95,0.00625,0.95625,0.0125,601.125,0.0,154.375,86.53125,False,,,,,,,,,,,,,,,
session_20260630_103628,images_ok_raw/ok_20260630_103711_000022.jpg,images_ok_raw,22,2,model,1,ripe,0.861536,strong,strong,,,1,ripe,1,ripe,,,False,,,False,,0.708824,15424.0,19268.701172,0.907767,0.009709,0.917476,0.048544,636.4375,326.125,151.3125,127.34375,False,,,,,,,,,,,,,,,
session_20260630_103628,images_ok_raw/ok_20260630_103711_000022.jpg,images_ok_raw,22,3,model,1,ripe,0.769078,weak,review,weak/noise conf 0.77<0.80,near_threshold_ripe_color_mask_support,1,ripe,1,ripe,,,False,,,True,near_threshold_ripe_color_mask_support,0.476923,5952.0,10741.316406,0.945652,0.01087,0.956522,0.0,698.1875,301.914062,113.1875,94.898438,False,,,,,,,,,,,,,,,
session_20260630_103628,images_ok_raw/ok_20260630_103711_000022.jpg,images_ok_raw,22,4,model,0,eripe bunch,0.327669,weak,weak,weak/noise conf 0.33<0.70,,0,eripe bunch,0,eripe bunch,,,False,,,False,,0.089846,10816.0,113675.71875,0.162162,0.054054,0.216216,0.351351,567.625,0.0,249.5625,455.5,False,,,,,,,,,,,,,,,
session_20260630_103628,images_ok_raw/ok_20260630_103711_000022.jpg,images_ok_raw,22,5,model,2,unripe,0.32338,weak,weak,weak/noise conf 0.32<0.85 roi,,2,unripe,2,unripe,,,False,,,False,,0.683333,2624.0,3112.282471,0.0,0.0,0.0,1.0,268.21875,673.328125,68.53125,45.414062,False,,,,,,,,,,,,,,,
session_20260630_103628,images_ok_raw/ok_20260630_103712_000023.jpg,images_ok_raw,23,0,model,1,ripe,0.912434,strong,strong,,,1,ripe,1,ripe,,,False,,,False,,0.705263,12864.0,16015.552734,0.944444,0.005051,0.949495,0.0,582.28125,369.8125,140.71875,113.8125,False,,,,,,,,,,,,,,,
session_20260630_103628,images_ok_raw/ok_20260630_103712_000023.jpg,images_ok_raw,23,1,model,1,ripe,0.899125,strong,strong,,,1,ripe,1,ripe,,,False,,,False,,0.739316,22144.0,26260.851562,0.991329,0.00289,0.99422,0.0,577.5,565.9375,201.8125,130.125,False,,,,,,,,,,,,,,,
session_20260630_103628,images_ok_raw/ok_20260630_103712_000023.jpg,images_ok_raw,23,2,model,1,ripe,0.620622,weak,weak,weak/noise conf 0.62<0.80 roi,,1,ripe,1,ripe,,,False,,,False,,0.661765,2880.0,3151.24292,1.0,0.0,1.0,0.0,636.40625,694.359375,123.84375,25.445312,False,,,,,,,,,,,,,,,
session_20260630_103628,images_ok_raw/ok_20260630_103712_000023.jpg,images_ok_raw,23,3,model,2,unripe,0.47171,weak,weak,weak/noise conf 0.47<0.85,,2,unripe,2,unripe,,,False,,,False,,0.701389,12928.0,16167.680664,0.0,0.0,0.0,0.982558,675.773438,245.5625,133.101562,121.46875,False,,,,,,,,,,,,,,,
session_20260630_103628,images_ok_raw/ok_20260630_103713_000024.jpg,images_ok_raw,24,0,model,1,ripe,0.909904,strong,strong,,,1,ripe,1,ripe,,,False,,,False,,0.745833,22912.0,29224.582031,0.988796,0.0,0.988796,0.0,569.125,377.625,187.5625,155.8125,False,,,,,,,,,,,,,,,
session_20260630_103628,images_ok_raw/ok_20260630_103713_000024.jpg,images_ok_raw,24,1,model,1,ripe,0.894052,strong,strong,,,1,ripe,1,ripe,,,False,,,False,,0.748485,15808.0,18946.015625,0.991903,0.0,0.991903,0.0,562.3125,647.03125,259.8125,72.921875,False,,,,,,,,,,,,,,,
session_20260630_103628,images_ok_raw/ok_20260630_103714_000025.jpg,images_ok_raw,25,0,model,1,ripe,0.898414,strong,strong,,,1,ripe,1,ripe,,,False,,,False,,0.716,22912.0,29084.0625,0.977654,0.0,0.977654,0.0,592.625,356.875,191.5,151.875,False,,,,,,,,,,,,,,,
session_20260630_103628,images_ok_raw/ok_20260630_103714_000025.jpg,images_ok_raw,25,1,model,1,ripe,0.883235,strong,strong,,,1,ripe,1,ripe,,,False,,,False,,0.756044,22016.0,25921.328125,0.994169,0.0,0.994169,0.0,583.875,623.875,271.25,95.5625,False,,,,,,,,,,,,,,,
session_20260630_103628,images_ok_raw/ok_20260630_103715_000026.jpg,images_ok_raw,26,0,model,1,ripe,0.923591,strong,strong,,,1,ripe,1,ripe,,,False,,,False,,0.752083,23104.0,29535.28125,0.977839,0.0,0.977839,0.0,608.25,26.875,189.9375,155.5,False,,,,,,,,,,,,,,,
session_20260630_103628,images_ok_raw/ok_20260630_103715_000026.jpg,images_ok_raw,26,1,model,1,ripe,0.884037,strong,strong,,,1,ripe,1,ripe,,,False,,,False,,0.628965,29184.0,42711.789062,0.920716,0.002558,0.923274,0.030691,621.375,491.0,222.3125,192.125,False,,,,,,,,,,,,,,,
session_20260630_103628,images_ok_raw/ok_20260630_103715_000026.jpg,images_ok_raw,26,2,model,1,ripe,0.873218,strong,strong,,,1,ripe,1,ripe,,,False,,,False,,0.734054,43456.0,54691.4375,0.988006,0.001499,0.989505,0.0,588.0,294.875,287.0,190.5625,False,,,,,,,,,,,,,,,
session_20260630_103628,images_ok_raw/ok_20260630_103715_000026.jpg,images_ok_raw,26,3,model,1,ripe,0.783988,weak,review,weak/noise conf 0.78<0.80,near_threshold_ripe_color_mask_support,1,ripe,1,ripe,,,False,,,True,near_threshold_ripe_color_mask_support,0.46875,10560.0,20156.103516,0.975758,0.006061,0.981818,0.0,707.875,481.25,167.53125,120.3125,False,,,,,,,,,,,,,,,
session_20260630_103628,images_ok_raw/ok_20260630_103715_000026.jpg,images_ok_raw,26,4,model,0,eripe bunch,0.661923,weak,weak,weak/noise conf 0.66<0.70 low_bunch_density,,0,eripe bunch,0,eripe bunch,,,False,,,False,,0.058573,14976.0,249712.203125,0.254902,0.098039,0.352941,0.352941,514.5,24.5,368.375,677.875,False,,,,,,,,,,,,,,,
session_20260630_103628,images_ok_raw/ok_20260630_103715_000026.jpg,images_ok_raw,26,5,model,2,unripe,0.205615,noise,noise,weak/noise conf 0.21<0.85 roi,,2,unripe,2,unripe,,,False,,,False,,0.642857,1728.0,2237.347412,0.0,0.0,0.0,1.0,154.960938,665.484375,48.539062,46.09375,False,,,,,,,,,,,,,,,
session_20260630_103628,images_ok_raw/ok_20260630_103716_000027.jpg,images_ok_raw,27,0,model,1,ripe,0.919646,strong,strong,,,1,ripe,1,ripe,,,False,,,False,,0.722973,41088.0,51355.59375,0.99373,0.0,0.99373,0.0,590.5,295.0625,284.125,180.75,False,,,,,,,,,,,,,,,
session_20260630_103628,images_ok_raw/ok_20260630_103716_000027.jpg,images_ok_raw,27,1,model,1,ripe,0.916111,strong,strong,,,1,ripe,1,ripe,,,False,,,False,,0.75,23040.0,29874.375,0.980501,0.0,0.980501,0.0,609.375,24.0,188.0,158.90625,False,,,,,,,,,,,,,,,
session_20260630_103628,images_ok_raw/ok_20260630_103716_000027.jpg,images_ok_raw,27,2,model,1,ripe,0.89181,strong,strong,,,1,ripe,1,ripe,,,False,,,False,,0.683024,32960.0,45534.101562,0.940775,0.002278,0.943052,0.020501,619.0,480.375,224.375,202.9375,False,,,,,,,,,,,,,,,
session_20260630_103628,images_ok_raw/ok_20260630_103716_000027.jpg,images_ok_raw,27,3,model,0,eripe bunch,0.713033,noise,noise,weak/noise low_bunch_density,,0,eripe bunch,0,eripe bunch,,,False,,,False,,0.015269,3655.595703,232270.0625,0.236842,0.210526,0.447368,0.105263,548.032043,10.689453,335.402161,692.512146,False,,,,,,,,,,,,,,,
session_20260630_103628,images_ok_raw/ok_20260630_103716_000027.jpg,images_ok_raw,27,4,model,1,ripe,0.617858,weak,weak,weak/noise conf 0.62<0.80,,1,ripe,1,ripe,,,False,,,False,,0.468235,12736.0,23626.904297,0.99495,0.0,0.99495,0.0,686.4375,476.84375,189.0625,124.96875,False,,,,,,,,,,,,,,,
session_20260630_103628,images_ok_raw/ok_20260630_103716_000027.jpg,images_ok_raw,27,5,model,0,eripe bunch,0.508788,weak,weak,weak/noise conf 0.51<0.70,,0,eripe bunch,0,eripe bunch,,,False,,,False,,0.062098,16064.0,248282.65625,0.295455,0.090909,0.386364,0.181818,515.625,23.25,366.875,676.75,False,,,,,,,,,,,,,,,
session_20260630_103628,images_ok_raw/ok_20260630_103716_000027.jpg,images_ok_raw,27,6,model,1,ripe,0.247988,noise,noise,weak/noise conf 0.25<0.80,,1,ripe,1,ripe,,,False,,,False,,0.398601,7296.0,16438.789062,0.896907,0.020619,0.917526,0.0,585.65625,298.75,95.125,172.8125,False,,,,,,,,,,,,,,,
session_20260630_103628,images_ok_raw/ok_20260630_103717_000028.jpg,images_ok_raw,28,0,model,1,ripe,0.835484,strong,strong,,,1,ripe,1,ripe,,,False,,,False,,0.690909,4864.0,5845.410156,0.876923,0.0,0.876923,0.015385,638.84375,403.8125,78.59375,74.375,False,,,,,,,,,,,,,,,
session_20260630_103628,images_ok_raw/ok_20260630_103717_000028.jpg,images_ok_raw,28,1,model,1,ripe,0.809277,strong,strong,,,1,ripe,1,ripe,,,False,,,False,,0.671429,6016.0,6752.655273,0.978495,0.010753,0.989247,0.0,623.4375,334.765625,100.0625,67.484375,False,,,,,,,,,,,,,,,
session_20260630_103628,images_ok_raw/ok_20260630_103717_000028.jpg,images_ok_raw,28,2,model,2,unripe,0.775945,weak,weak,weak/noise conf 0.78<0.85,,2,unripe,2,unripe,,,False,,,False,,0.714286,2560.0,2643.124756,0.0,0.0,0.0,1.0,755.734375,247.921875,49.796875,53.078125,False,,,,,,,,,,,,,,,
session_20260630_103628,images_ok_raw/ok_20260630_103717_000028.jpg,images_ok_raw,28,3,model,1,ripe,0.642432,weak,weak,weak/noise conf 0.64<0.80,,1,ripe,1,ripe,,,False,,,False,,0.565657,3584.0,4411.573242,0.962963,0.0,0.962963,0.0,623.6875,235.21875,72.5625,60.796875,False,,,,,,,,,,,,,,,
session_20260630_103628,images_ok_raw/ok_20260630_103717_000028.jpg,images_ok_raw,28,4,model,2,unripe,0.411111,weak,weak,weak/noise conf 0.41<0.85,,2,unripe,2,unripe,,,False,,,False,,0.734375,3008.0,3114.021973,0.0625,0.0,0.0625,0.9375,633.890625,469.921875,59.15625,52.640625,False,,,,,,,,,,,,,,,
session_20260630_103628,images_ok_raw/ok_20260630_103717_000028.jpg,images_ok_raw,28,5,model,2,unripe,0.377541,weak,weak,weak/noise conf 0.38<0.85,,2,unripe,2,unripe,,,False,,,False,,0.742857,1664.0,1655.302124,0.0,0.0,0.0,1.0,705.375,180.734375,35.585938,46.515625,False,,,,,,,,,,,,,,,
session_20260630_103628,images_ok_raw/ok_20260630_103717_000028.jpg,images_ok_raw,28,6,model,2,unripe,0.33112,weak,weak,weak/noise conf 0.33<0.85,,2,unripe,2,unripe,,,False,,,False,,0.539683,2176.0,2934.772217,0.0,0.0,0.0,1.0,791.4375,250.3125,43.257812,67.84375,False,,,,,,,,,,,,,,,
session_20260630_103628,images_ok_raw/ok_20260630_103717_000028.jpg,images_ok_raw,28,7,model,2,unripe,0.268175,noise,noise,weak/noise conf 0.27<0.85,,2,unripe,2,unripe,,,False,,,False,,0.696429,2496.0,2586.265625,0.0,0.0,0.0,1.0,759.875,172.6875,51.5,50.21875,False,,,,,,,,,,,,,,,
session_20260630_103628,images_ok_raw/ok_20260630_103717_000028.jpg,images_ok_raw,28,8,model,2,unripe,0.2261,noise,noise,weak/noise conf 0.23<0.85 bad_color gy=0.00,,2,unripe,2,unripe,,,False,,,False,,0.6,3456.0,4213.125,0.981132,0.0,0.981132,0.0,626.59375,236.03125,70.0,60.1875,False,,,,,,,,,,,,,,,
session_20260630_103628,images_ok_raw/ok_20260630_103718_000029.jpg,images_ok_raw,29,0,model,1,ripe,0.818738,strong,strong,,,1,ripe,1,ripe,,,False,,,False,,0.69,4416.0,5570.042969,0.952381,0.0,0.952381,0.0,221.265625,338.40625,74.515625,74.75,False,,,,,,,,,,,,,,,
session_20260630_103628,images_ok_raw/ok_20260630_103718_000029.jpg,images_ok_raw,29,1,model,2,unripe,0.806853,weak,review,weak/noise conf 0.81<0.85,near_threshold_unripe_color_mask_support,2,unripe,2,unripe,,,False,,,True,near_threshold_unripe_color_mask_support,0.809524,3264.0,3697.040771,0.0,0.0,0.0,1.0,978.21875,489.90625,68.742188,53.78125,False,,,,,,,,,,,,,,,
session_20260630_103628,images_ok_raw/ok_20260630_103718_000029.jpg,images_ok_raw,29,2,model,1,ripe,0.787931,weak,review,weak/noise conf 0.79<0.80,near_threshold_ripe_color_mask_support,1,ripe,1,ripe,,,False,,,True,near_threshold_ripe_color_mask_support,0.753846,6272.0,7304.353516,1.0,0.0,1.0,0.0,200.59375,265.648438,103.09375,70.851562,False,,,,,,,,,,,,,,,
session_20260630_103628,images_ok_raw/ok_20260630_103718_000029.jpg,images_ok_raw,29,3,model,2,unripe,0.783988,weak,weak,weak/noise conf 0.78<0.85,,2,unripe,2,unripe,,,False,,,False,,0.625,2880.0,3709.82959,0.0,0.0,0.0,1.0,1166.25,653.53125,65.03125,57.046875,False,,,,,,,,,,,,,,,
session_20260630_103628,images_ok_raw/ok_20260630_103718_000029.jpg,images_ok_raw,29,4,model,2,unripe,0.763481,weak,weak,weak/noise conf 0.76<0.85,,2,unripe,2,unripe,,,False,,,False,,0.694444,3200.0,3565.175537,0.0,0.0,0.0,1.0,1157.8125,573.0625,65.679688,54.28125,False,,,,,,,,,,,,,,,
session_20260630_103628,images_ok_raw/ok_20260630_103718_000029.jpg,images_ok_raw,29,5,model,2,unripe,0.705785,weak,weak,weak/noise conf 0.71<0.85,,2,unripe,2,unripe,,,False,,,False,,0.588889,3392.0,4064.438477,0.0,0.0,0.0,1.0,1051.09375,478.6875,69.21875,58.71875,False,,,,,,,,,,,,,,,
session_20260630_103628,images_ok_raw/ok_20260630_103718_000029.jpg,images_ok_raw,29,6,model,2,unripe,0.70253,weak,weak,weak/noise conf 0.70<0.85,,2,unripe,2,unripe,,,False,,,False,,0.714286,2560.0,2972.56543,0.0,0.0,0.0,1.0,336.96875,177.695312,50.765625,58.554688,False,,,,,,,,,,,,,,,
session_20260630_103628,images_ok_raw/ok_20260630_103718_000029.jpg,images_ok_raw,29,7,model,3,unripe bunch,0.607663,weak,weak,weak/noise conf 0.61<0.70 tomatoes_inside 0<2,,3,unripe bunch,3,unripe bunch,,,False,,,False,,0.071889,4992.0,66716.710938,0.0,0.0,0.0,0.969697,986.875,473.1875,274.625,242.9375,False,,,,,,,,,,,,,,,
session_20260630_103628,images_ok_raw/ok_20260630_103718_000029.jpg,images_ok_raw,29,8,model,2,unripe,0.600188,weak,weak,weak/noise conf 0.60<0.85,,2,unripe,2,unripe,,,False,,,False,,0.7,3584.0,3672.682617,0.0,0.0,0.0,1.0,1094.0625,525.703125,69.5625,52.796875,False,,,,,,,,,,,,,,,
session_20260630_103628,images_ok_raw/ok_20260630_103718_000029.jpg,images_ok_raw,29,9,model,0,eripe bunch,0.482429,weak,weak,weak/noise conf 0.48<0.70 low_bunch_density tomatoes_inside 1<2,,0,eripe bunch,0,eripe bunch,,,False,,,False,,0.046795,2663.621338,54729.054688,0.407407,0.166667,0.574074,0.092593,173.503113,150.398422,134.486725,406.947632,False,,,,,,,,,,,,,,,
session_20260630_103628,images_ok_raw/ok_20260630_103718_000029.jpg,images_ok_raw,29,10,model,2,unripe,0.466845,weak,weak,weak/noise conf 0.47<0.85 roi,,2,unripe,2,unripe,,,False,,,False,,0.621212,2624.0,3251.299805,0.0,0.0,0.0,1.0,0.03125,156.25,42.0625,77.296875,False,,,,,,,,,,,,,,,
session_20260630_103628,images_ok_raw/ok_20260630_103718_000029.jpg,images_ok_raw,29,11,model,2,unripe,0.401688,weak,weak,weak/noise conf 0.40<0.85,,2,unripe,2,unripe,,,False,,,False,,0.660714,2368.0,2801.27002,0.0,0.0,0.0,1.0,1130.59375,605.375,60.34375,46.421875,False,,,,,,,,,,,,,,,
session_20260630_103628,images_ok_raw/ok_20260630_103718_000029.jpg,images_ok_raw,29,12,model,2,unripe,0.344222,weak,weak,weak/noise conf 0.34<0.85 bad_color gy=0.00,,2,unripe,2,unripe,,,False,,,False,,0.75,3840.0,4383.300781,0.965517,0.0,0.965517,0.0,203.5,162.8125,73.4375,59.6875,False,,,,,,,,,,,,,,,
session_20260630_103628,images_ok_raw/ok_20260630_103718_000029.jpg,images_ok_raw,29,13,model,2,unripe,0.332853,weak,weak,weak/noise conf 0.33<0.85,,2,unripe,2,unripe,,,False,,,False,,0.666667,3072.0,3488.408203,0.0,0.0,0.0,1.0,1108.0625,468.8125,62.625,55.703125,False,,,,,,,,,,,,,,,
session_20260630_103628,images_ok_raw/ok_20260630_103718_000029.jpg,images_ok_raw,29,14,model,2,unripe,0.242925,noise,noise,weak/noise conf 0.24<0.85,,2,unripe,2,unripe,,,False,,,False,,0.566667,3264.0,5298.937988,0.0,0.0,0.0,1.0,345.359375,105.03125,67.421875,78.59375,False,,,,,,,,,,,,,,,
session_20260630_103628,images_ok_raw/ok_20260630_103718_000029.jpg,images_ok_raw,29,15,model,2,unripe,0.238641,noise,noise,weak/noise conf 0.24<0.85 roi,,2,unripe,2,unripe,,,False,,,False,,0.625,960.0,977.361328,0.076923,0.0,0.076923,0.846154,1216.734375,695.164062,42.25,23.132812,False,,,,,,,,,,,,,,,
session_20260630_103628,images_ok_raw/ok_20260630_103718_000029.jpg,images_ok_raw,29,16,model,1,ripe,0.196209,noise,noise,weak/noise conf 0.20<0.80,,1,ripe,1,ripe,,,False,,,False,,0.75,3840.0,4155.642578,0.965517,0.0,0.965517,0.0,203.8125,165.59375,73.328125,56.671875,False,,,,,,,,,,,,,,,
session_20260630_103628,images_ok_raw/ok_20260630_103718_000029.jpg,images_ok_raw,29,17,model,2,unripe,0.180683,noise,noise,weak/noise conf 0.18<0.85 roi,,2,unripe,2,unripe,,,False,,,False,,0.714286,1280.0,1233.674561,0.0,0.0,0.0,0.9375,1154.328125,690.351562,45.984375,26.828125,False,,,,,,,,,,,,,,,
session_20260630_103628,images_ok_raw/ok_20260630_103720_000030.jpg,images_ok_raw,30,0,model,2,unripe,0.85681,strong,strong,,,2,unripe,2,unripe,,,False,,,False,,0.555556,2560.0,3135.375,0.0,0.0,0.0,1.0,742.34375,285.09375,58.0625,54.0,False,,,,,,,,,,,,,,,
session_20260630_103628,images_ok_raw/ok_20260630_103720_000030.jpg,images_ok_raw,30,1,model,2,unripe,0.840784,weak,review,weak/noise conf 0.84<0.85,near_threshold_unripe_color_mask_support,2,unripe,2,unripe,,,False,,,True,near_threshold_unripe_color_mask_support,0.6125,3136.0,3889.682617,0.0,0.0,0.0,1.0,686.96875,292.6875,67.8125,57.359375,False,,,,,,,,,,,,,,,
session_20260630_103628,images_ok_raw/ok_20260630_103720_000030.jpg,images_ok_raw,30,2,model,2,unripe,0.801936,weak,review,weak/noise conf 0.80<0.85,near_threshold_unripe_color_mask_support,2,unripe,2,unripe,,,False,,,True,near_threshold_unripe_color_mask_support,0.680556,3136.0,3331.244873,0.0,0.0,0.0,0.977273,726.71875,341.109375,61.671875,54.015625,False,,,,,,,,,,,,,,,
session_20260630_103628,images_ok_raw/ok_20260630_103720_000030.jpg,images_ok_raw,30,3,model,2,unripe,0.763481,weak,weak,weak/noise conf 0.76<0.85,,2,unripe,2,unripe,,,False,,,False,,0.821429,2944.0,3033.055908,0.0,0.0,0.0,1.0,786.359375,388.375,60.265625,50.328125,False,,,,,,,,,,,,,,,
session_20260630_103628,images_ok_raw/ok_20260630_103720_000030.jpg,images_ok_raw,30,4,model,2,unripe,0.74614,weak,weak,weak/noise conf 0.75<0.85,,2,unripe,2,unripe,,,False,,,False,,0.746032,3008.0,3382.925293,0.0,0.0,0.0,1.0,1107.5625,635.0,50.140625,67.46875,False,,,,,,,,,,,,,,,
session_20260630_103628,images_ok_raw/ok_20260630_103720_000030.jpg,images_ok_raw,30,5,model,2,unripe,0.672331,weak,weak,weak/noise conf 0.67<0.85,,2,unripe,2,unripe,,,False,,,False,,0.638889,1472.0,1672.31958,0.0,0.0,0.0,0.952381,780.421875,345.75,37.859375,44.171875,False,,,,,,,,,,,,,,,
session_20260630_103628,images_ok_raw/ok_20260630_103720_000030.jpg,images_ok_raw,30,6,model,2,unripe,0.661923,weak,weak,weak/noise conf 0.66<0.85,,2,unripe,2,unripe,,,False,,,False,,0.675,3456.0,3919.70752,0.0,0.0,0.0,1.0,608.53125,302.710938,74.828125,52.382812,False,,,,,,,,,,,,,,,
session_20260630_103628,images_ok_raw/ok_20260630_103720_000030.jpg,images_ok_raw,30,7,model,3,unripe bunch,0.654895,weak,weak,weak/noise conf 0.65<0.70 small_bunch_mask low_bunch_density tomatoes_inside 1<2,,3,unripe bunch,3,unripe bunch,,,False,,,False,,0.028355,960.0,30942.578125,0.0,0.0,0.0,1.0,673.8125,273.875,176.5625,175.25,False,,,,,,,,,,,,,,,
session_20260630_103628,images_ok_raw/ok_20260630_103720_000030.jpg,images_ok_raw,30,8,model,2,unripe,0.603932,weak,weak,weak/noise conf 0.60<0.85 roi,,2,unripe,2,unripe,,,False,,,False,,0.591837,1856.0,2178.53125,0.0,0.0,0.0,1.0,1225.453125,604.40625,47.359375,46.0,False,,,,,,,,,,,,,,,
session_20260630_103628,images_ok_raw/ok_20260630_103720_000030.jpg,images_ok_raw,30,9,model,3,unripe bunch,0.501953,weak,weak,weak/noise conf 0.50<0.70 tomatoes_inside 0<2,,3,unripe bunch,3,unripe bunch,,,False,,,False,,0.08134,2176.0,23065.960938,0.0,0.0,0.0,1.0,1124.1875,543.0,142.90625,161.40625,False,,,,,,,,,,,,,,,
session_20260630_103628,images_ok_raw/ok_20260630_103720_000030.jpg,images_ok_raw,30,10,model,2,unripe,0.326809,weak,weak,weak/noise conf 0.33<0.85,,2,unripe,2,unripe,,,False,,,False,,0.828571,1856.0,1655.734619,0.0,0.0,0.0,1.0,1188.25,612.039062,35.304688,46.898438,False,,,,,,,,,,,,,,,
session_20260630_103628,images_ok_raw/ok_20260630_103720_000030.jpg,images_ok_raw,30,11,model,2,unripe,0.262084,noise,noise,weak/noise conf 0.26<0.85,,2,unripe,2,unripe,,,False,,,False,,0.729167,2240.0,2292.702637,0.0,0.0,0.0,1.0,765.90625,420.453125,56.414062,40.640625,False,,,,,,,,,,,,,,,
session_20260630_103628,images_ok_raw/ok_20260630_103720_000030.jpg,images_ok_raw,30,12,model,2,unripe,0.242207,noise,noise,weak/noise conf 0.24<0.85 roi,,2,unripe,2,unripe,,,False,,,False,,0.595238,1600.0,1691.800537,0.0,0.0,0.0,1.0,1222.0625,563.242188,44.84375,37.726562,False,,,,,,,,,,,,,,,
session_20260630_103628,images_ok_raw/ok_20260630_103720_000030.jpg,images_ok_raw,30,13,model,2,unripe,0.2227,noise,noise,weak/noise conf 0.22<0.85,,2,unripe,2,unripe,,,False,,,False,,0.880952,2368.0,2384.15918,0.0,0.0,0.0,1.0,1171.0625,520.84375,52.625,45.304688,False,,,,,,,,,,,,,,,
session_20260630_103628,images_ok_raw/ok_20260630_103721_000031.jpg,images_ok_raw,31,0,model,2,unripe,0.849971,weak,review,weak/noise conf 0.85<0.85,near_threshold_unripe_color_mask_support,2,unripe,2,unripe,,,False,,,True,near_threshold_unripe_color_mask_support,0.555556,2560.0,3260.632324,0.0,0.0,0.0,1.0,630.8125,285.40625,59.453125,54.84375,False,,,,,,,,,,,,,,,
session_20260630_103628,images_ok_raw/ok_20260630_103721_000031.jpg,images_ok_raw,31,1,model,2,unripe,0.833324,weak,review,weak/noise conf 0.83<0.85,near_threshold_unripe_color_mask_support,2,unripe,2,unripe,,,False,,,True,near_threshold_unripe_color_mask_support,0.694444,3200.0,3927.048828,0.0,0.0,0.0,1.0,576.15625,291.84375,68.046875,57.710938,False,,,,,,,,,,,,,,,
session_20260630_103628,images_ok_raw/ok_20260630_103721_000031.jpg,images_ok_raw,31,2,model,2,unripe,0.798187,weak,weak,weak/noise conf 0.80<0.85,,2,unripe,2,unripe,,,False,,,False,,0.5875,3008.0,3466.61377,0.0,0.0,0.0,1.0,614.375,340.640625,66.40625,52.203125,False,,,,,,,,,,,,,,,
session_20260630_103628,images_ok_raw/ok_20260630_103721_000031.jpg,images_ok_raw,31,3,model,2,unripe,0.760648,weak,weak,weak/noise conf 0.76<0.85,,2,unripe,2,unripe,,,False,,,False,,0.583333,2688.0,3171.729736,0.0,0.0,0.0,1.0,677.53125,388.765625,58.515625,54.203125,False,,,,,,,,,,,,,,,
session_20260630_103628,images_ok_raw/ok_20260630_103721_000031.jpg,images_ok_raw,31,4,model,2,unripe,0.665411,weak,weak,weak/noise conf 0.67<0.85,,2,unripe,2,unripe,,,False,,,False,,0.650794,2624.0,3048.355957,0.0,0.0,0.0,1.0,994.1875,632.96875,46.078125,66.15625,False,,,,,,,,,,,,,,,
session_20260630_103628,images_ok_raw/ok_20260630_103721_000031.jpg,images_ok_raw,31,5,model,2,unripe,0.548674,weak,weak,weak/noise conf 0.55<0.85,,2,unripe,2,unripe,,,False,,,False,,0.583333,1344.0,1366.242188,0.0,0.0,0.0,1.0,671.0,350.25,36.671875,37.255859,False,,,,,,,,,,,,,,,
session_20260630_103628,images_ok_raw/ok_20260630_103721_000031.jpg,images_ok_raw,31,6,model,2,unripe,0.527317,weak,weak,weak/noise conf 0.53<0.85,,2,unripe,2,unripe,,,False,,,False,,0.857143,1920.0,1480.177002,0.0,0.0,0.0,1.0,1077.421875,606.03125,31.171875,47.484375,False,,,,,,,,,,,,,,,
session_20260630_103628,images_ok_raw/ok_20260630_103721_000031.jpg,images_ok_raw,31,7,model,2,unripe,0.517571,weak,weak,weak/noise conf 0.52<0.85,,2,unripe,2,unripe,,,False,,,False,,0.793651,3200.0,3317.255859,0.0,0.0,0.0,1.0,499.0625,304.359375,68.375,48.515625,False,,,,,,,,,,,,,,,
session_20260630_103628,images_ok_raw/ok_20260630_103721_000031.jpg,images_ok_raw,31,8,model,3,unripe bunch,0.405449,weak,weak,weak/noise conf 0.41<0.70 small_bunch_mask low_bunch_density tomatoes_inside 0<2,,3,unripe bunch,3,unripe bunch,,,False,,,False,,0.054118,1472.0,23747.232422,0.0,0.0,0.0,0.9375,548.25,295.53125,193.3125,122.84375,False,,,,,,,,,,,,,,,
session_20260630_103628,images_ok_raw/ok_20260630_103721_000031.jpg,images_ok_raw,31,9,model,2,unripe,0.377541,weak,weak,weak/noise conf 0.38<0.85,,2,unripe,2,unripe,,,False,,,False,,0.8,1792.0,1728.882935,0.0,0.0,0.0,1.0,1063.375,521.28125,45.171875,38.273438,False,,,,,,,,,,,,,,,
session_20260630_103628,images_ok_raw/ok_20260630_103721_000031.jpg,images_ok_raw,31,10,model,2,unripe,0.365683,weak,weak,weak/noise conf 0.37<0.85,,2,unripe,2,unripe,,,False,,,False,,0.666667,1792.0,1791.351562,0.0,0.0,0.0,1.0,1110.875,602.328125,43.625,41.0625,False,,,,,,,,,,,,,,,
session_20260630_103628,images_ok_raw/ok_20260630_103721_000031.jpg,images_ok_raw,31,11,model,3,unripe bunch,0.338077,weak,weak,weak/noise conf 0.34<0.70 tomatoes_inside 0<2,,3,unripe bunch,3,unripe bunch,,,False,,,False,,0.11,3520.0,28052.648438,0.0,0.0,0.0,1.0,990.4375,565.5625,189.625,147.9375,False,,,,,,,,,,,,,,,
session_20260630_103628,images_ok_raw/ok_20260630_103721_000031.jpg,images_ok_raw,31,12,model,2,unripe,0.274352,noise,noise,weak/noise conf 0.27<0.85,,2,unripe,2,unripe,,,False,,,False,,0.625,2880.0,3501.851807,0.0,0.0,0.0,1.0,678.984375,463.09375,62.515625,56.015625,False,,,,,,,,,,,,,,,
session_20260630_103628,images_ok_raw/ok_20260630_103721_000031.jpg,images_ok_raw,31,13,model,2,unripe,0.218669,noise,noise,weak/noise conf 0.22<0.85 roi,,2,unripe,2,unripe,,,False,,,False,,0.866667,832.0,671.342468,0.0,0.0,0.0,1.0,1012.609375,698.609375,33.632812,19.960938,False,,,,,,,,,,,,,,,
session_20260630_103628,images_ok_raw/ok_20260630_103721_000031.jpg,images_ok_raw,31,14,model,2,unripe,0.158693,noise,noise,weak/noise conf 0.16<0.85,,2,unripe,2,unripe,,,False,,,False,,0.597222,2752.0,3284.304932,0.0,0.029412,0.029412,0.970588,1085.734375,168.0,50.515625,65.015625,False,,,,,,,,,,,,,,,
session_20260630_103628,images_ok_raw/ok_20260630_103722_000032.jpg,images_ok_raw,32,0,model,2,unripe,0.854884,strong,strong,,,2,unripe,2,unripe,,,False,,,False,,0.7,3584.0,4188.321289,0.0,0.0,0.0,0.930233,544.28125,321.1875,72.125,58.070312,False,,,,,,,,,,,,,,,
session_20260630_103628,images_ok_raw/ok_20260630_103722_000032.jpg,images_ok_raw,32,1,model,2,unripe,0.82671,weak,review,weak/noise conf 0.83<0.85,near_threshold_unripe_color_mask_support,2,unripe,2,unripe,,,False,,,True,near_threshold_unripe_color_mask_support,0.625,2560.0,3309.824707,0.0,0.0,0.0,1.0,603.09375,313.40625,59.203125,55.90625,False,,,,,,,,,,,,,,,
session_20260630_103628,images_ok_raw/ok_20260630_103722_000032.jpg,images_ok_raw,32,2,model,2,unripe,0.811677,weak,review,weak/noise conf 0.81<0.85,near_threshold_unripe_color_mask_support,2,unripe,2,unripe,,,False,,,True,near_threshold_unripe_color_mask_support,0.6375,3264.0,3967.036377,0.0,0.0,0.0,1.0,469.25,332.765625,74.171875,53.484375,False,,,,,,,,,,,,,,,
session_20260630_103628,images_ok_raw/ok_20260630_103722_000032.jpg,images_ok_raw,32,3,model,2,unripe,0.773215,weak,weak,weak/noise conf 0.77<0.85,,2,unripe,2,unripe,,,False,,,False,,0.714286,2560.0,2850.506836,0.0,0.0,0.0,1.0,646.015625,418.21875,56.515625,50.4375,False,,,,,,,,,,,,,,,
session_20260630_103628,images_ok_raw/ok_20260630_103722_000032.jpg,images_ok_raw,32,4,model,2,unripe,0.712233,weak,weak,weak/noise conf 0.71<0.85,,2,unripe,2,unripe,,,False,,,False,,0.84127,3392.0,3510.083008,0.0,0.0,0.0,1.0,587.125,369.859375,67.5625,51.953125,False,,,,,,,,,,,,,,,
session_20260630_103628,images_ok_raw/ok_20260630_103722_000032.jpg,images_ok_raw,32,5,model,2,unripe,0.70253,weak,weak,weak/noise conf 0.70<0.85,,2,unripe,2,unripe,,,False,,,False,,0.690476,1856.0,1802.93457,0.0,0.0,0.0,1.0,1087.640625,635.328125,41.65625,43.28125,False,,,,,,,,,,,,,,,
session_20260630_103628,images_ok_raw/ok_20260630_103722_000032.jpg,images_ok_raw,32,6,model,2,unripe,0.538983,weak,weak,weak/noise conf 0.54<0.85,,2,unripe,2,unripe,,,False,,,False,,0.611111,2816.0,3399.411621,0.0,0.0,0.0,1.0,650.625,494.90625,61.40625,55.359375,False,,,,,,,,,,,,,,,
session_20260630_103628,images_ok_raw/ok_20260630_103722_000032.jpg,images_ok_raw,32,7,model,2,unripe,0.501953,weak,weak,weak/noise conf 0.50<0.85,,2,unripe,2,unripe,,,False,,,False,,0.8,1792.0,1769.790039,0.0,0.0,0.0,1.0,1049.109375,641.96875,35.5625,49.765625,False,,,,,,,,,,,,,,,
session_20260630_103628,images_ok_raw/ok_20260630_103722_000032.jpg,images_ok_raw,32,8,model,2,unripe,0.459076,weak,weak,weak/noise conf 0.46<0.85,,2,unripe,2,unripe,,,False,,,False,,0.733333,1408.0,1446.66333,0.0,0.0,0.0,1.0,642.390625,377.40625,34.34375,42.123047,False,,,,,,,,,,,,,,,
session_20260630_103628,images_ok_raw/ok_20260630_103722_000032.jpg,images_ok_raw,32,9,model,2,unripe,0.437823,weak,weak,weak/noise conf 0.44<0.85 roi,,2,unripe,2,unripe,,,False,,,False,,0.833333,2240.0,2345.419922,0.0,0.0,0.0,1.0,971.109375,664.453125,44.875,52.265625,False,,,,,,,,,,,,,,,
session_20260630_103628,images_ok_raw/ok_20260630_103722_000032.jpg,images_ok_raw,32,10,model,2,unripe,0.336331,weak,weak,weak/noise conf 0.34<0.85,,2,unripe,2,unripe,,,False,,,False,,0.619048,1664.0,1534.381836,0.0,0.0,0.0,1.0,1087.617188,595.484375,40.570312,37.820312,False,,,,,,,,,,,,,,,
session_20260630_103628,images_ok_raw/ok_20260630_103722_000032.jpg,images_ok_raw,32,11,model,3,unripe bunch,0.300746,weak,weak,weak/noise conf 0.30<0.70 low_bunch_density tomatoes_inside 1<2,,3,unripe bunch,3,unripe bunch,,,False,,,False,,0.055556,2240.0,37637.921875,0.0,0.0,0.0,0.857143,545.875,315.4375,161.40625,233.1875,False,,,,,,,,,,,,,,,
session_20260630_103628,images_ok_raw/ok_20260630_103722_000032.jpg,images_ok_raw,32,12,model,2,unripe,0.299925,noise,noise,weak/noise conf 0.30<0.85,,2,unripe,2,unripe,,,False,,,False,,0.56,896.0,835.81781,0.0,0.875,0.875,0.125,669.273438,325.992188,27.132812,30.804688,False,,,,,,,,,,,,,,,
session_20260630_103628,images_ok_raw/ok_20260630_103722_000032.jpg,images_ok_raw,32,13,model,2,unripe,0.220007,noise,noise,weak/noise conf 0.22<0.85,,2,unripe,2,unripe,,,False,,,False,,0.666667,1280.0,1358.361084,0.0,0.0,0.0,0.666667,666.359375,377.53125,34.484375,39.390625,False,,,,,,,,,,,,,,,
session_20260630_103628,images_ok_raw/ok_20260630_103722_000032.jpg,images_ok_raw,32,14,model,2,unripe,0.187727,noise,noise,weak/noise conf 0.19<0.85,,2,unripe,2,unripe,,,False,,,False,,0.533333,1024.0,1322.904297,0.0,0.0,0.0,0.875,691.078125,427.453125,35.21875,37.5625,False,,,,,,,,,,,,,,,
session_20260630_103628,images_ok_raw/ok_20260630_103723_000033.jpg,images_ok_raw,33,0,model,2,unripe,0.877479,strong,strong,,,2,unripe,2,unripe,,,False,,,False,,0.638889,4416.0,5320.958984,0.0,0.0,0.0,0.979592,302.5,368.75,82.9375,64.15625,False,,,,,,,,,,,,,,,
session_20260630_103628,images_ok_raw/ok_20260630_103723_000033.jpg,images_ok_raw,33,1,model,2,unripe,0.85585,strong,strong,,,2,unripe,2,unripe,,,False,,,False,,0.675,3456.0,4195.135742,0.0,0.0,0.0,1.0,374.8125,361.140625,68.265625,61.453125,False,,,,,,,,,,,,,,,
session_20260630_103628,images_ok_raw/ok_20260630_103723_000033.jpg,images_ok_raw,33,2,model,2,unripe,0.850964,strong,strong,,,2,unripe,2,unripe,,,False,,,False,,0.722222,3328.0,3744.940186,0.0,0.0,0.0,1.0,418.6875,473.296875,66.484375,56.328125,False,,,,,,,,,,,,,,,
session_20260630_103628,images_ok_raw/ok_20260630_103723_000033.jpg,images_ok_raw,33,3,model,2,unripe,0.822188,weak,review,weak/noise conf 0.82<0.85,near_threshold_unripe_color_mask_support,2,unripe,2,unripe,,,False,,,True,near_threshold_unripe_color_mask_support,0.625,2880.0,3488.071289,0.0,0.0,0.0,1.0,355.65625,422.921875,63.4375,54.984375,False,,,,,,,,,,,,,,,
session_20260630_103628,images_ok_raw/ok_20260630_103723_000033.jpg,images_ok_raw,33,4,model,2,unripe,0.805633,weak,review,weak/noise conf 0.81<0.85,near_threshold_unripe_color_mask_support,2,unripe,2,unripe,,,False,,,True,near_threshold_unripe_color_mask_support,0.567901,2944.0,3842.468262,0.0,0.0,0.0,1.0,426.0,558.5625,65.578125,58.59375,False,,,,,,,,,,,,,,,
session_20260630_103628,images_ok_raw/ok_20260630_103723_000033.jpg,images_ok_raw,33,5,model,2,unripe,0.753466,weak,weak,weak/noise conf 0.75<0.85,,2,unripe,2,unripe,,,False,,,False,,0.673469,2112.0,2689.405518,0.0,0.0,0.0,1.0,404.78125,424.609375,50.773438,52.96875,False,,,,,,,,,,,,,,,
session_20260630_103628,images_ok_raw/ok_20260630_103723_000033.jpg,images_ok_raw,33,6,model,1,ripe,0.73867,weak,weak,weak/noise conf 0.74<0.80,,1,ripe,1,ripe,,,False,,,False,,0.666667,1280.0,1174.337646,0.823529,0.0,0.823529,0.117647,495.054688,243.492188,38.335938,30.632812,False,,,,,,,,,,,,,,,
session_20260630_103628,images_ok_raw/ok_20260630_103723_000033.jpg,images_ok_raw,33,7,model,3,unripe bunch,0.69181,noise,noise,weak/noise conf 0.69<0.70 small_bunch_mask low_bunch_density,,3,unripe bunch,3,unripe bunch,,,False,,,False,,0.019048,1024.0,50358.5,0.0,0.0,0.0,1.0,309.25,357.375,184.0,273.6875,False,,,,,,,,,,,,,,,
session_20260630_103628,images_ok_raw/ok_20260630_103723_000033.jpg,images_ok_raw,33,8,model,2,unripe,0.416797,weak,weak,weak/noise conf 0.42<0.85,,2,unripe,2,unripe,,,False,,,False,,0.6875,2112.0,2109.226074,0.0,0.0,0.0,1.0,918.765625,659.515625,49.546875,42.570312,False,,,,,,,,,,,,,,,
session_20260630_103628,images_ok_raw/ok_20260630_103723_000033.jpg,images_ok_raw,33,9,model,2,unripe,0.389546,weak,weak,weak/noise conf 0.39<0.85,,2,unripe,2,unripe,,,False,,,False,,0.5625,2880.0,3680.730469,0.055556,0.0,0.055556,0.888889,231.03125,378.21875,67.75,54.328125,False,,,,,,,,,,,,,,,
session_20260630_103628,images_ok_raw/ok_20260630_103723_000033.jpg,images_ok_raw,33,10,model,1,ripe,0.329392,weak,weak,weak/noise conf 0.33<0.80,,1,ripe,1,ripe,,,False,,,False,,0.571429,1280.0,1535.610596,0.789474,0.052632,0.842105,0.052632,221.414062,665.6875,44.804688,34.273438,False,,,,,,,,,,,,,,,
session_20260630_103628,images_ok_raw/ok_20260630_103723_000033.jpg,images_ok_raw,33,11,model,1,ripe,0.23301,noise,noise,weak/noise conf 0.23<0.80 roi,,1,ripe,1,ripe,,,False,,,False,,0.777778,896.0,640.306519,0.769231,0.0,0.769231,0.0,214.203125,700.568359,34.203125,18.720703,False,,,,,,,,,,,,,,,
session_20260630_103628,images_ok_raw/ok_20260630_103723_000033.jpg,images_ok_raw,33,12,model,2,unripe,0.193147,noise,noise,weak/noise conf 0.19<0.85 bad_color gy=0.00,,2,unripe,2,unripe,,,False,,,False,,0.619048,1664.0,1794.778687,1.0,0.0,1.0,0.0,444.359375,636.65625,37.257812,48.171875,False,,,,,,,,,,,,,,,
session_20260630_103628,images_ok_raw/ok_20260630_103724_000034.jpg,images_ok_raw,34,0,model,2,unripe,0.887981,strong,strong,,,2,unripe,2,unripe,,,False,,,False,,0.7,4032.0,4790.520996,0.0,0.0,0.0,1.0,323.90625,403.1875,73.453125,65.21875,False,,,,,,,,,,,,,,,
session_20260630_103628,images_ok_raw/ok_20260630_103724_000034.jpg,images_ok_raw,34,1,model,2,unripe,0.85585,strong,strong,,,2,unripe,2,unripe,,,False,,,False,,0.819444,3776.0,3978.887695,0.0,0.0,0.0,1.0,371.4375,521.5625,68.34375,58.21875,False,,,,,,,,,,,,,,,
session_20260630_103628,images_ok_raw/ok_20260630_103724_000034.jpg,images_ok_raw,34,2,model,3,unripe bunch,0.755636,strong,strong,,,3,unripe bunch,3,unripe bunch,,,False,,,False,,0.011057,576.0,27534.740234,0.0,0.0,0.0,1.0,314.636261,389.059998,134.414978,204.848755,False,supported_by_unripe_singles,,,,,,,,,,,,,,
session_20260630_103628,images_ok_raw/ok_20260630_103724_000034.jpg,images_ok_raw,34,3,model,2,unripe,0.837621,weak,review,weak/noise conf 0.84<0.85,near_threshold_unripe_color_mask_support,2,unripe,2,unripe,,,False,,,True,near_threshold_unripe_color_mask_support,0.675,5184.0,6255.863281,0.0,0.0,0.0,0.982143,243.5625,413.25,92.125,67.90625,False,,,,,,,,,,,,,,,
session_20260630_103628,images_ok_raw/ok_20260630_103724_000034.jpg,images_ok_raw,34,4,model,2,unripe,0.834406,weak,review,weak/noise conf 0.83<0.85,near_threshold_unripe_color_mask_support,2,unripe,2,unripe,,,False,,,True,near_threshold_unripe_color_mask_support,0.6625,3392.0,4388.183594,0.0,0.0,0.0,1.0,297.84375,467.875,74.21875,59.125,False,,,,,,,,,,,,,,,
session_20260630_103628,images_ok_raw/ok_20260630_103724_000034.jpg,images_ok_raw,34,5,model,2,unripe,0.774583,weak,weak,weak/noise conf 0.77<0.85,,2,unripe,2,unripe,,,False,,,False,,0.625,2240.0,2818.791504,0.0,0.0,0.0,1.0,361.21875,470.65625,52.109375,54.09375,False,,,,,,,,,,,,,,,
session_20260630_103628,images_ok_raw/ok_20260630_103724_000034.jpg,images_ok_raw,34,6,model,2,unripe,0.759223,weak,weak,weak/noise conf 0.76<0.85,,2,unripe,2,unripe,,,False,,,False,,0.68,4352.0,5475.0,0.0,0.0,0.0,1.0,372.65625,605.71875,75.0,73.0,False,,,,,,,,,,,,,,,
session_20260630_103628,images_ok_raw/ok_20260630_103724_000034.jpg,images_ok_raw,34,7,model,1,ripe,0.744657,weak,weak,weak/noise conf 0.74<0.80,,1,ripe,1,ripe,,,False,,,False,,0.716667,5504.0,5849.79541,0.930556,0.0,0.930556,0.0,831.78125,131.984375,69.34375,84.359375,False,,,,,,,,,,,,,,,
session_20260630_103628,images_ok_raw/ok_20260630_103724_000034.jpg,images_ok_raw,34,8,model,2,unripe,0.411111,weak,weak,weak/noise conf 0.41<0.85,,2,unripe,2,unripe,,,False,,,False,,0.711111,2048.0,2295.058594,0.0,0.0,0.0,1.0,183.0625,424.90625,61.40625,37.375,False,,,,,,,,,,,,,,,
session_20260630_103628,images_ok_raw/ok_20260630_103724_000034.jpg,images_ok_raw,34,9,model,2,unripe,0.411111,weak,weak,weak/noise conf 0.41<0.85,,2,unripe,2,unripe,,,False,,,False,,0.666667,2304.0,2648.80835,0.0,0.0,0.0,1.0,373.25,564.234375,63.71875,41.570312,False,,,,,,,,,,,,,,,
session_20260630_103628,images_ok_raw/ok_20260630_103724_000034.jpg,images_ok_raw,34,10,model,2,unripe,0.364777,weak,weak,weak/noise conf 0.36<0.85,,2,unripe,2,unripe,,,False,,,False,,0.809524,2176.0,2162.621826,0.0,0.0,0.0,0.947368,853.40625,626.71875,48.726562,44.382812,False,,,,,,,,,,,,,,,
session_20260630_103628,images_ok_raw/ok_20260630_103724_000034.jpg,images_ok_raw,34,11,model,2,unripe,0.292595,noise,noise,weak/noise conf 0.29<0.85,,2,unripe,2,unripe,,,False,,,False,,0.733333,1408.0,1254.580078,0.0,0.0,0.0,1.0,839.4375,642.015625,39.359375,31.875,False,,,,,,,,,,,,,,,
session_20260630_103628,images_ok_raw/ok_20260630_103725_000035.jpg,images_ok_raw,35,0,model,2,unripe,0.891053,strong,strong,,,2,unripe,2,unripe,,,False,,,False,,0.742424,6272.0,7594.353516,0.0,0.0,0.0,1.0,322.1875,542.34375,85.03125,89.3125,False,,,,,,,,,,,,,,,
session_20260630_103628,images_ok_raw/ok_20260630_103725_000035.jpg,images_ok_raw,35,1,model,2,unripe,0.884835,strong,strong,,,2,unripe,2,unripe,,,False,,,False,,0.66,12672.0,16153.902344,0.0,0.0,0.0,0.977941,134.75,444.4375,149.703125,107.90625,False,,,,,,,,,,,,,,,
session_20260630_103628,images_ok_raw/ok_20260630_103725_000035.jpg,images_ok_raw,35,2,model,2,unripe,0.884037,strong,strong,,,2,unripe,2,unripe,,,False,,,False,,0.644231,8576.0,10950.818359,0.0,0.0,0.0,1.0,221.90625,539.921875,117.96875,92.828125,False,,,,,,,,,,,,,,,
session_20260630_103628,images_ok_raw/ok_20260630_103725_000035.jpg,images_ok_raw,35,3,model,2,unripe,0.883235,strong,strong,,,2,unripe,2,unripe,,,False,,,False,,0.822222,9472.0,10654.150391,0.0,0.0,0.0,1.0,340.96875,626.34375,114.0625,93.40625,False,,,,,,,,,,,,,,,
session_20260630_103628,images_ok_raw/ok_20260630_103725_000035.jpg,images_ok_raw,35,4,model,2,unripe,0.879147,strong,strong,,,2,unripe,2,unripe,,,False,,,False,,0.683036,9792.0,12429.94043,0.0,0.0,0.0,1.0,270.28125,432.625,115.59375,107.53125,False,,,,,,,,,,,,,,,
session_20260630_103628,images_ok_raw/ok_20260630_103725_000035.jpg,images_ok_raw,35,5,model,3,unripe bunch,0.796292,strong,strong,,,3,unripe bunch,3,unripe bunch,,,False,,,False,,0.035053,3392.0,115301.3125,0.0,0.0,0.0,1.0,109.127502,409.654999,371.526245,310.345001,False,supported_by_unripe_singles,,,,,,,,,,,,,,
session_20260630_103628,images_ok_raw/ok_20260630_103725_000035.jpg,images_ok_raw,35,6,model,2,unripe,0.199932,noise,noise,weak/noise conf 0.20<0.85,,2,unripe,2,unripe,,,False,,,False,,0.722222,1664.0,1933.016357,0.0,0.0,0.0,0.75,384.40625,120.84375,44.453125,43.484375,False,,,,,,,,,,,,,,,
session_20260630_103628,images_ok_raw/ok_20260630_103726_000036.jpg,images_ok_raw,36,0,model,2,unripe,0.887201,strong,strong,,,2,unripe,2,unripe,,,False,,,False,,0.666667,9600.0,11781.193359,0.0,0.0,0.0,1.0,357.875,437.6875,109.65625,107.4375,False,,,,,,,,,,,,,,,
session_20260630_103628,images_ok_raw/ok_20260630_103726_000036.jpg,images_ok_raw,36,1,model,2,unripe,0.848973,weak,review,weak/noise conf 0.85<0.85,near_threshold_unripe_color_mask_support,2,unripe,2,unripe,,,False,,,True,near_threshold_unripe_color_mask_support,0.634615,6336.0,8771.854492,0.0,0.0,0.0,1.0,396.0,544.90625,91.34375,96.03125,False,,,,,,,,,,,,,,,
session_20260630_103628,images_ok_raw/ok_20260630_103726_000036.jpg,images_ok_raw,36,2,model,2,unripe,0.840784,weak,review,weak/noise conf 0.84<0.85,near_threshold_unripe_color_mask_support,2,unripe,2,unripe,,,False,,,True,near_threshold_unripe_color_mask_support,0.766667,8832.0,10193.234375,0.0,0.0,0.0,1.0,424.0625,631.9375,115.75,88.0625,False,,,,,,,,,,,,,,,
session_20260630_103628,images_ok_raw/ok_20260630_103726_000036.jpg,images_ok_raw,36,3,model,2,unripe,0.787931,weak,weak,weak/noise conf 0.79<0.85,,2,unripe,2,unripe,,,False,,,False,,0.692308,8640.0,10968.37207,0.0,0.0,0.0,1.0,306.3125,542.890625,116.9375,93.796875,False,,,,,,,,,,,,,,,
session_20260630_103628,images_ok_raw/ok_20260630_103726_000036.jpg,images_ok_raw,36,4,model,2,unripe,0.77865,weak,weak,weak/noise conf 0.78<0.85,,2,unripe,2,unripe,,,False,,,False,,0.646667,12416.0,16359.314453,0.0,0.0,0.0,0.992063,218.25,452.84375,152.3125,107.40625,False,,,,,,,,,,,,,,,
session_20260630_103628,images_ok_raw/ok_20260630_103726_000036.jpg,images_ok_raw,36,5,model,3,unripe bunch,0.627039,noise,noise,weak/noise conf 0.63<0.70 small_bunch_mask low_bunch_density tomatoes_inside 1<2,,3,unripe bunch,3,unripe bunch,,,False,,,False,,0.016028,1472.0,88794.28125,0.0,0.0,0.0,1.0,220.125,440.75,321.5,276.1875,False,,,,,,,,,,,,,,,
session_20260630_103628,images_ok_raw/ok_20260630_103726_000036.jpg,images_ok_raw,36,6,model,1,ripe,0.507812,weak,weak,weak/noise conf 0.51<0.80,,1,ripe,1,ripe,,,False,,,False,,0.828125,10176.0,11258.476562,0.968553,0.006289,0.974843,0.006289,1187.875,0.9375,91.71875,122.75,False,,,,,,,,,,,,,,,
session_20260630_103628,images_ok_raw/ok_20260630_103727_000037.jpg,images_ok_raw,37,0,model,2,unripe,0.914901,strong,strong,,,2,unripe,2,unripe,,,False,,,False,,0.736364,5184.0,5870.190918,0.0,0.0,0.0,1.0,386.34375,555.5625,84.40625,69.546875,False,,,,,,,,,,,,,,,
session_20260630_103628,images_ok_raw/ok_20260630_103727_000037.jpg,images_ok_raw,37,1,model,2,unripe,0.904653,strong,strong,,,2,unripe,2,unripe,,,False,,,False,,0.613636,5184.0,6517.628906,0.0,0.0,0.0,1.0,333.6875,415.53125,85.25,76.453125,False,,,,,,,,,,,,,,,
session_20260630_103628,images_ok_raw/ok_20260630_103727_000037.jpg,images_ok_raw,37,2,model,2,unripe,0.87235,strong,strong,,,2,unripe,2,unripe,,,False,,,False,,0.616667,4736.0,5922.841797,0.0,0.0,0.0,1.0,299.25,492.328125,85.625,69.171875,False,,,,,,,,,,,,,,,
session_20260630_103628,images_ok_raw/ok_20260630_103727_000037.jpg,images_ok_raw,37,3,model,2,unripe,0.86339,strong,strong,,,2,unripe,2,unripe,,,False,,,False,,0.605556,6976.0,8924.25,0.0,0.0,0.0,0.986486,235.375,423.5,109.5,81.5,False,,,,,,,,,,,,,,,
session_20260630_103628,images_ok_raw/ok_20260630_103727_000037.jpg,images_ok_raw,37,4,model,3,unripe bunch,0.842865,strong,strong,,,3,unripe bunch,3,unripe bunch,,,False,,,False,,0.015625,1280.0,66377.695312,0.0,0.0,0.0,1.0,216.544998,398.765015,273.034973,243.110596,False,supported_by_unripe_singles,,,,,,,,,,,,,,
session_20260630_103628,images_ok_raw/ok_20260630_103727_000037.jpg,images_ok_raw,37,5,model,2,unripe,0.850964,weak,weak,weak/noise roi,,2,unripe,2,unripe,,,False,,,False,,0.759259,5248.0,5718.829102,0.0,0.0,0.0,1.0,389.8125,655.1875,88.375,64.710938,False,,,,,,,,,,,,,,,
session_20260630_103628,images_ok_raw/ok_20260630_103727_000037.jpg,images_ok_raw,37,6,model,2,unripe,0.849971,weak,review,weak/noise conf 0.85<0.85,near_threshold_unripe_color_mask_support,2,unripe,2,unripe,,,False,,,True,near_threshold_unripe_color_mask_support,0.611111,3520.0,4575.118164,0.0,0.0,0.0,1.0,369.125,493.46875,66.15625,69.15625,False,,,,,,,,,,,,,,,
session_20260630_103628,images_ok_raw/ok_20260630_103727_000037.jpg,images_ok_raw,37,7,model,2,unripe,0.509764,weak,weak,weak/noise conf 0.51<0.85 roi,,2,unripe,2,unripe,,,False,,,False,,0.619048,1664.0,1967.519897,0.0,0.0,0.0,1.0,976.011719,679.4375,49.800781,39.507812,False,,,,,,,,,,,,,,,
session_20260630_103628,images_ok_raw/ok_20260630_103727_000037.jpg,images_ok_raw,37,8,model,2,unripe,0.48438,weak,weak,weak/noise conf 0.48<0.85,,2,unripe,2,unripe,,,False,,,False,,0.651515,2752.0,3450.557129,0.0,0.0,0.0,1.0,386.6875,611.820312,81.234375,42.476562,False,,,,,,,,,,,,,,,
session_20260630_103628,images_ok_raw/ok_20260630_103727_000037.jpg,images_ok_raw,37,9,model,1,ripe,0.365683,weak,weak,weak/noise conf 0.37<0.80,,1,ripe,1,ripe,,,False,,,False,,0.737179,7360.0,8038.029785,0.920792,0.0,0.920792,0.0,942.140625,90.625,82.046875,97.96875,False,,,,,,,,,,,,,,,
session_20260630_103628,images_ok_raw/ok_20260630_103728_000038.jpg,images_ok_raw,38,0,model,2,unripe,0.865223,strong,strong,,,2,unripe,2,unripe,,,False,,,False,,0.5875,3008.0,3765.823242,0.0,0.0,0.0,1.0,175.25,401.28125,65.359375,57.617188,False,,,,,,,,,,,,,,,
session_20260630_103628,images_ok_raw/ok_20260630_103728_000038.jpg,images_ok_raw,38,1,model,2,unripe,0.85585,strong,strong,,,2,unripe,2,unripe,,,False,,,False,,0.677083,4160.0,5270.114746,0.0,0.0,0.0,1.0,100.0,408.140625,85.28125,61.796875,False,,,,,,,,,,,,,,,
session_20260630_103628,images_ok_raw/ok_20260630_103728_000038.jpg,images_ok_raw,38,2,model,2,unripe,0.852937,strong,strong,,,2,unripe,2,unripe,,,False,,,False,,0.728571,3264.0,3891.980469,0.0,0.0,0.0,1.0,141.71875,457.1875,72.875,53.40625,False,,,,,,,,,,,,,,,
session_20260630_103628,images_ok_raw/ok_20260630_103728_000038.jpg,images_ok_raw,38,3,model,3,unripe bunch,0.798815,strong,strong,,,3,unripe bunch,3,unripe bunch,,,False,,,False,,0.01,512.0,20682.357422,0.0,0.0,0.0,1.0,88.751251,392.536255,163.106873,126.80249,False,supported_by_unripe_singles,,,,,,,,,,,,,,
session_20260630_103628,images_ok_raw/ok_20260630_103728_000038.jpg,images_ok_raw,38,4,model,2,unripe,0.816406,weak,review,weak/noise conf 0.82<0.85,near_threshold_unripe_color_mask_support,2,unripe,2,unripe,,,False,,,True,near_threshold_unripe_color_mask_support,0.793651,3200.0,3116.539551,0.0,0.0,0.0,1.0,212.015625,506.6875,65.171875,47.820312,False,,,,,,,,,,,,,,,
session_20260630_103628,images_ok_raw/ok_20260630_103728_000038.jpg,images_ok_raw,38,5,model,2,unripe,0.752012,weak,weak,weak/noise conf 0.75<0.85,,2,unripe,2,unripe,,,False,,,False,,0.653061,2048.0,2552.121338,0.0,0.0,0.0,1.0,200.5625,461.453125,53.535156,47.671875,False,,,,,,,,,,,,,,,
session_20260630_103628,images_ok_raw/ok_20260630_103728_000038.jpg,images_ok_raw,38,6,model,2,unripe,0.635223,weak,weak,weak/noise conf 0.64<0.85,,2,unripe,2,unripe,,,False,,,False,,0.694444,3200.0,4025.578125,0.0,0.0,0.0,1.0,216.0,580.34375,68.375,58.875,False,,,,,,,,,,,,,,,
session_20260630_103628,images_ok_raw/ok_20260630_103728_000038.jpg,images_ok_raw,38,7,model,3,unripe bunch,0.520496,weak,weak,weak/noise conf 0.52<0.70 small_bunch_mask tomatoes_inside 0<2,,3,unripe bunch,3,unripe bunch,,,False,,,False,,0.065089,704.0,9012.373047,0.0,0.0,0.0,1.0,639.21875,610.03125,90.40625,99.6875,False,,,,,,,,,,,,,,,
session_20260630_103628,images_ok_raw/ok_20260630_103728_000038.jpg,images_ok_raw,38,8,model,2,unripe,0.466845,weak,weak,weak/noise conf 0.47<0.85,,2,unripe,2,unripe,,,False,,,False,,0.714286,1920.0,1896.783081,0.0,0.0,0.0,1.0,642.515625,595.617188,46.609375,40.695312,False,,,,,,,,,,,,,,,
session_20260630_103628,images_ok_raw/ok_20260630_103728_000038.jpg,images_ok_raw,38,9,model,1,ripe,0.449392,weak,weak,weak/noise conf 0.45<0.80,,1,ripe,1,ripe,,,False,,,False,,0.727273,4096.0,4478.466797,0.894737,0.0,0.894737,0.017544,625.375,166.1875,60.46875,74.0625,False,,,,,,,,,,,,,,,
session_20260630_103628,images_ok_raw/ok_20260630_103728_000038.jpg,images_ok_raw,38,10,model,2,unripe,0.411111,weak,weak,weak/noise conf 0.41<0.85,,2,unripe,2,unripe,,,False,,,False,,0.733333,1408.0,1519.168457,0.0,0.0,0.0,0.9,650.054688,651.578125,43.492188,34.929688,False,,,,,,,,,,,,,,,
session_20260630_103628,images_ok_raw/ok_20260630_103728_000038.jpg,images_ok_raw,38,11,model,1,ripe,0.190723,noise,noise,weak/noise conf 0.19<0.80 roi,,1,ripe,1,ripe,,,False,,,False,,0.6,576.0,445.299561,0.75,0.125,0.875,0.125,78.289062,701.875,27.039062,16.46875,False,,,,,,,,,,,,,,,
session_20260630_103628,images_ok_raw/ok_20260630_103728_000038.jpg,images_ok_raw,38,12,model,1,ripe,0.166676,noise,noise,weak/noise conf 0.17<0.80 roi,,1,ripe,1,ripe,,,False,,,False,,0.583333,896.0,1021.387817,0.785714,0.214286,1.0,0.071429,83.75,689.398438,36.734375,27.804688,False,,,,,,,,,,,,,,,
session_20260630_103628,images_ok_raw/ok_20260630_103729_000039.jpg,images_ok_raw,39,0,model,2,unripe,0.888756,strong,strong,,,2,unripe,2,unripe,,,False,,,False,,0.711111,4096.0,5071.675293,0.0,0.0,0.0,1.0,104.515625,77.21875,76.203125,66.554688,False,,,,,,,,,,,,,,,
session_20260630_103628,images_ok_raw/ok_20260630_103729_000039.jpg,images_ok_raw,39,1,model,2,unripe,0.865223,strong,strong,,,2,unripe,2,unripe,,,False,,,False,,0.661538,5504.0,6711.476562,0.0,0.0,0.0,1.0,21.375,84.5625,95.75,70.09375,False,,,,,,,,,,,,,,,
session_20260630_103628,images_ok_raw/ok_20260630_103729_000039.jpg,images_ok_raw,39,2,model,3,unripe bunch,0.7773,strong,strong,,,3,unripe bunch,3,unripe bunch,,,False,,,False,,0.024131,1600.0,16603.603516,0.0,0.0,0.0,1.0,8.627501,71.02375,184.838745,89.827507,False,supported_by_unripe_singles,,,,,,,,,,,,,,
session_20260630_103628,images_ok_raw/ok_20260630_103729_000039.jpg,images_ok_raw,39,3,model,2,unripe,0.841828,weak,review,weak/noise conf 0.84<0.85,near_threshold_unripe_color_mask_support,2,unripe,2,unripe,,,False,,,True,near_threshold_unripe_color_mask_support,0.688889,3968.0,4350.038086,0.0,0.0,0.0,1.0,157.46875,198.25,72.9375,59.640625,False,,,,,,,,,,,,,,,
session_20260630_103628,images_ok_raw/ok_20260630_103729_000039.jpg,images_ok_raw,39,4,model,2,unripe,0.836555,weak,review,weak/noise conf 0.84<0.85,near_threshold_unripe_color_mask_support,2,unripe,2,unripe,,,False,,,True,near_threshold_unripe_color_mask_support,0.565657,3584.0,4704.803711,0.0,0.0,0.0,1.0,78.65625,141.671875,76.171875,61.765625,False,,,,,,,,,,,,,,,
session_20260630_103628,images_ok_raw/ok_20260630_103729_000039.jpg,images_ok_raw,39,5,model,2,unripe,0.800692,weak,review,weak/noise conf 0.80<0.85,near_threshold_unripe_color_mask_support,2,unripe,2,unripe,,,False,,,True,near_threshold_unripe_color_mask_support,0.686869,4352.0,5465.810547,0.0,0.0,0.0,1.0,158.15625,282.59375,80.9375,67.53125,False,,,,,,,,,,,,,,,
session_20260630_103628,images_ok_raw/ok_20260630_103729_000039.jpg,images_ok_raw,39,6,model,2,unripe,0.743169,weak,weak,weak/noise conf 0.74<0.85,,2,unripe,2,unripe,,,False,,,False,,0.696429,2496.0,2840.963379,0.0,0.0,0.0,1.0,149.53125,145.023438,52.390625,54.226562,False,,,,,,,,,,,,,,,
session_20260630_103628,images_ok_raw/ok_20260630_103729_000039.jpg,images_ok_raw,39,7,model,2,unripe,0.602062,weak,weak,weak/noise conf 0.60<0.85,,2,unripe,2,unripe,,,False,,,False,,0.7625,3904.0,3827.023438,0.0,0.0,0.0,1.0,695.765625,435.820312,53.390625,71.679688,False,,,,,,,,,,,,,,,
session_20260630_103628,images_ok_raw/ok_20260630_103729_000039.jpg,images_ok_raw,39,8,model,2,unripe,0.566019,weak,weak,weak/noise conf 0.57<0.85,,2,unripe,2,unripe,,,False,,,False,,0.55102,1728.0,1939.249268,0.0,0.0,0.0,1.0,653.09375,301.6875,45.15625,42.945312,False,,,,,,,,,,,,,,,
session_20260630_103628,images_ok_raw/ok_20260630_103729_000039.jpg,images_ok_raw,39,9,model,1,ripe,0.550608,weak,weak,weak/noise conf 0.55<0.80 roi,,1,ripe,1,ripe,,,False,,,False,,0.571429,1536.0,1636.314697,1.0,0.0,1.0,0.0,1.640625,422.539062,38.59375,42.398438,False,,,,,,,,,,,,,,,
session_20260630_103628,images_ok_raw/ok_20260630_103729_000039.jpg,images_ok_raw,39,10,model,3,unripe bunch,0.518546,weak,weak,weak/noise conf 0.52<0.70 tomatoes_inside 0<2,,3,unripe bunch,3,unripe bunch,,,False,,,False,,0.207386,4672.0,19208.388672,0.068182,0.0,0.068182,0.863636,627.46875,311.328125,117.71875,163.171875,False,,,,,,,,,,,,,,,
session_20260630_103628,images_ok_raw/ok_20260630_103729_000039.jpg,images_ok_raw,39,11,model,1,ripe,0.51562,weak,weak,weak/noise conf 0.52<0.80,,1,ripe,1,ripe,,,False,,,False,,0.7,1344.0,1198.081055,0.823529,0.117647,0.941176,0.058824,29.765625,391.390625,38.53125,31.09375,False,,,,,,,,,,,,,,,
session_20260630_103628,images_ok_raw/ok_20260630_103729_000039.jpg,images_ok_raw,39,12,model,2,unripe,0.511717,weak,weak,weak/noise conf 0.51<0.85,,2,unripe,2,unripe,,,False,,,False,,0.566667,2176.0,2684.799316,0.0,0.0,0.0,1.0,159.59375,245.3125,69.1875,38.804688,False,,,,,,,,,,,,,,,
session_20260630_103628,images_ok_raw/ok_20260630_103729_000039.jpg,images_ok_raw,39,13,model,2,unripe,0.364777,weak,weak,weak/noise conf 0.36<0.85,,2,unripe,2,unripe,,,False,,,False,,0.733333,1408.0,1212.340454,0.0,0.0,0.0,1.0,661.875,451.664062,34.203125,35.445312,False,,,,,,,,,,,,,,,
session_20260630_103628,images_ok_raw/ok_20260630_103729_000039.jpg,images_ok_raw,39,14,model,2,unripe,0.341582,weak,weak,weak/noise conf 0.34<0.85,,2,unripe,2,unripe,,,False,,,False,,0.638889,1472.0,1460.357422,0.0,0.0,0.0,1.0,629.890625,318.328125,42.0625,34.71875,False,,,,,,,,,,,,,,,
session_20260630_103628,images_ok_raw/ok_20260630_103729_000039.jpg,images_ok_raw,39,15,model,2,unripe,0.204978,noise,noise,weak/noise conf 0.20<0.85,,2,unripe,2,unripe,,,False,,,False,,0.693878,2176.0,2217.918945,0.0,0.0,0.0,1.0,699.6875,389.445312,51.890625,42.742188,False,,,,,,,,,,,,,,,
session_20260630_103628,images_ok_raw/ok_20260630_103729_000039.jpg,images_ok_raw,39,16,model,1,ripe,0.193756,noise,noise,weak/noise conf 0.19<0.80 roi,,1,ripe,1,ripe,,,False,,,False,,0.75,576.0,587.074585,0.857143,0.0,0.857143,0.0,350.15625,0.0,38.203125,15.367188,False,,,,,,,,,,,,,,,
session_20260630_103628,images_ok_raw/ok_20260630_103729_000039.jpg,images_ok_raw,39,17,model,2,unripe,0.165054,noise,noise,weak/noise conf 0.17<0.85 bad_color gy=0.00,,2,unripe,2,unripe,,,False,,,False,,0.791667,1216.0,1034.194458,0.428571,0.0,0.428571,0.0,709.390625,299.609375,24.496094,42.21875,False,,,,,,,,,,,,,,,
session_20260630_103628,images_ok_raw/ok_20260630_103734_000040.jpg,images_ok_raw,40,0,model,2,unripe,0.847969,weak,review,weak/noise conf 0.85<0.85,near_threshold_unripe_color_mask_support,2,unripe,2,unripe,,,False,,,True,near_threshold_unripe_color_mask_support,0.633333,3648.0,4928.560059,0.0,0.0,0.0,1.0,668.71875,264.09375,69.203125,71.21875,False,,,,,,,,,,,,,,,
session_20260630_103628,images_ok_raw/ok_20260630_103734_000040.jpg,images_ok_raw,40,1,model,2,unripe,0.529263,weak,weak,weak/noise conf 0.53<0.85,,2,unripe,2,unripe,,,False,,,False,,0.690476,1856.0,1827.823486,0.0,0.0,0.0,1.0,643.546875,301.65625,44.6875,40.902344,False,,,,,,,,,,,,,,,
session_20260630_103628,images_ok_raw/ok_20260630_103734_000040.jpg,images_ok_raw,40,2,model,2,unripe,0.490236,weak,weak,weak/noise conf 0.49<0.85,,2,unripe,2,unripe,,,False,,,False,,0.690476,1856.0,2245.313477,0.0,0.0,0.0,1.0,667.195312,384.984375,49.398438,45.453125,False,,,,,,,,,,,,,,,
session_20260630_103628,images_ok_raw/ok_20260630_103734_000040.jpg,images_ok_raw,40,3,model,2,unripe,0.343341,weak,weak,weak/noise conf 0.34<0.85,,2,unripe,2,unripe,,,False,,,False,,0.485714,1088.0,1392.443359,0.0,0.0,0.0,1.0,675.4375,332.277344,46.921875,29.675781,False,,,,,,,,,,,,,,,
session_20260630_103628,images_ok_raw/ok_20260630_103734_000040.jpg,images_ok_raw,40,4,model,3,unripe bunch,0.272025,noise,noise,weak/noise conf 0.27<0.70 small_bunch_mask tomatoes_inside 0<2,,3,unripe bunch,3,unripe bunch,,,False,,,False,,0.064615,1344.0,18222.457031,0.0,0.0,0.0,1.0,596.4375,260.25,190.375,95.71875,False,,,,,,,,,,,,,,,
session_20260630_103628,images_ok_raw/ok_20260630_103734_000040.jpg,images_ok_raw,40,5,model,2,unripe,0.192539,noise,noise,weak/noise conf 0.19<0.85,,2,unripe,2,unripe,,,False,,,False,,0.805556,1856.0,1963.135742,0.0,0.0,0.0,1.0,569.015625,290.484375,46.671875,42.0625,False,,,,,,,,,,,,,,,
session_20260630_103628,images_ok_raw/ok_20260630_103751_000041.jpg,images_ok_raw,41,0,model,1,ripe,0.817577,strong,strong,,,1,ripe,1,ripe,,,False,,,False,,0.628788,5312.0,6876.457031,0.939759,0.024096,0.963855,0.0,586.0,345.34375,86.90625,79.125,False,,,,,,,,,,,,,,,
session_20260630_103628,images_ok_raw/ok_20260630_103751_000041.jpg,images_ok_raw,41,1,model,2,unripe,0.837621,weak,color_corrected,weak/noise conf 0.84<0.85 bad_color gy=0.00,unripe_to_ripe_by_mask_color,2,unripe,1,ripe,1,ripe,True,unripe_to_ripe_by_mask_color,1.0,False,,0.678322,6208.0,7692.254883,0.85567,0.14433,1.0,0.0,541.34375,582.03125,93.84375,81.96875,False,,,,,,,,,,,,,,,
session_20260630_103628,images_ok_raw/ok_20260630_103751_000041.jpg,images_ok_raw,41,2,model,1,ripe,0.763481,weak,review,weak/noise conf 0.76<0.80,near_threshold_ripe_color_mask_support,1,ripe,1,ripe,,,False,,,True,near_threshold_ripe_color_mask_support,0.661538,5504.0,6951.75,0.965116,0.011628,0.976744,0.0,564.46875,229.53125,74.75,93.0,False,,,,,,,,,,,,,,,
session_20260630_103628,images_ok_raw/ok_20260630_103751_000041.jpg,images_ok_raw,41,3,model,2,unripe,0.740176,weak,weak,weak/noise conf 0.74<0.85,,2,unripe,2,unripe,,,False,,,False,,0.729167,2240.0,2429.958984,0.0,0.0,0.0,1.0,952.671875,354.328125,44.484375,54.625,False,,,,,,,,,,,,,,,
session_20260630_103628,images_ok_raw/ok_20260630_103751_000041.jpg,images_ok_raw,41,4,model,2,unripe,0.732591,weak,color_corrected,weak/noise conf 0.73<0.85 bad_color gy=0.07,unripe_to_ripe_by_mask_color,2,unripe,1,ripe,1,ripe,True,unripe_to_ripe_by_mask_color,0.8909090000000001,False,,0.611111,3520.0,4419.740234,0.036364,0.927273,0.963636,0.072727,559.34375,512.671875,61.265625,72.140625,False,,,,,,,,,,,,,,,
session_20260630_103628,images_ok_raw/ok_20260630_103751_000041.jpg,images_ok_raw,41,5,model,2,unripe,0.720171,weak,weak,weak/noise conf 0.72<0.85,,2,unripe,2,unripe,,,False,,,False,,0.77551,2432.0,2822.559814,0.0,0.0,0.0,1.0,1001.71875,378.40625,52.78125,53.476562,False,,,,,,,,,,,,,,,
session_20260630_103628,images_ok_raw/ok_20260630_103751_000041.jpg,images_ok_raw,41,6,model,1,ripe,0.713831,weak,weak,weak/noise conf 0.71<0.80,,1,ripe,1,ripe,,,False,,,False,,0.653846,6528.0,8717.757812,0.46,0.39,0.85,0.26,520.0625,429.25,103.9375,83.875,False,,,,,,,,,,,,,,,
session_20260630_103628,images_ok_raw/ok_20260630_103751_000041.jpg,images_ok_raw,41,7,model,0,eripe bunch,0.653127,weak,weak,weak/noise conf 0.65<0.70 bad_color red=0.04 warm=0.33 tomatoes_inside 1<2,,0,eripe bunch,0,eripe bunch,,,False,,,False,,0.144393,18048.0,117149.125,0.03653,0.296804,0.333333,0.835616,517.25,204.5,237.625,493.0,False,,,,,,,,,,,,,,,
session_20260630_103628,images_ok_raw/ok_20260630_103751_000041.jpg,images_ok_raw,41,8,model,2,unripe,0.651354,weak,weak,weak/noise conf 0.65<0.85,,2,unripe,2,unripe,,,False,,,False,,0.6875,2816.0,3071.868896,0.0,0.0,0.0,1.0,942.703125,289.421875,54.234375,56.640625,False,,,,,,,,,,,,,,,
session_20260630_103628,images_ok_raw/ok_20260630_103751_000041.jpg,images_ok_raw,41,9,model,1,ripe,0.631595,weak,weak,weak/noise conf 0.63<0.80,,1,ripe,1,ripe,,,False,,,False,,0.65,4160.0,4982.109375,0.754098,0.163934,0.918033,0.131148,652.59375,366.9375,68.71875,72.5,False,,,,,,,,,,,,,,,
session_20260630_103628,images_ok_raw/ok_20260630_103751_000041.jpg,images_ok_raw,41,10,model,3,unripe bunch,0.617858,weak,weak,weak/noise conf 0.62<0.70 tomatoes_inside 0<2,,3,unripe bunch,3,unripe bunch,,,False,,,False,,0.072043,4288.0,54187.085938,0.0,0.0,0.0,1.0,927.6875,217.0,232.9375,232.625,False,,,,,,,,,,,,,,,
session_20260630_103628,images_ok_raw/ok_20260630_103751_000041.jpg,images_ok_raw,41,11,model,3,unripe bunch,0.459076,weak,weak,weak/noise conf 0.46<0.70 tomatoes_inside 1<2,,3,unripe bunch,3,unripe bunch,,,False,,,False,,0.139113,17664.0,122849.75,0.036697,0.284404,0.321101,0.844037,517.125,201.0,241.0,509.75,False,,,,,,,,,,,,,,,
session_20260630_103628,images_ok_raw/ok_20260630_103751_000041.jpg,images_ok_raw,41,12,model,2,unripe,0.425367,weak,weak,weak/noise conf 0.43<0.85,,2,unripe,2,unripe,,,False,,,False,,0.714286,2880.0,3376.931885,0.0,0.0,0.0,1.0,923.25,233.648438,67.570312,49.976562,False,,,,,,,,,,,,,,,
session_20260630_103628,images_ok_raw/ok_20260630_103751_000041.jpg,images_ok_raw,41,13,model,2,unripe,0.405449,weak,weak,weak/noise conf 0.41<0.85,,2,unripe,2,unripe,,,False,,,False,,0.785714,3520.0,3641.207275,0.081633,0.755102,0.836735,0.265306,699.21875,532.734375,50.234375,72.484375,False,,,,,,,,,,,,,,,
session_20260630_103628,images_ok_raw/ok_20260630_103751_000041.jpg,images_ok_raw,41,14,model,2,unripe,0.24726,noise,noise,weak/noise conf 0.25<0.85 roi bad_color gy=0.00,,2,unripe,2,unripe,,,False,,,False,,0.65625,2688.0,3446.53418,0.928571,0.02381,0.952381,0.0,1223.8125,98.078125,55.6875,61.890625,False,,,,,,,,,,,,,,,
session_20260630_103628,images_ok_raw/ok_20260630_103751_000041.jpg,images_ok_raw,41,15,model,1,ripe,0.239352,noise,noise,weak/noise conf 0.24<0.80,,1,ripe,1,ripe,,,False,,,False,,0.52381,1408.0,2068.979492,0.727273,0.045455,0.772727,0.227273,568.132812,212.90625,48.054688,43.054688,False,,,,,,,,,,,,,,,
session_20260630_103628,images_ok_raw/ok_20260630_103751_000041.jpg,images_ok_raw,41,16,model,2,unripe,0.17385,noise,noise,weak/noise conf 0.17<0.85,,2,unripe,2,unripe,,,False,,,False,,0.638889,1472.0,1690.104004,0.0,0.0,0.0,1.0,760.765625,655.796875,42.90625,39.390625,False,,,,,,,,,,,,,,,
session_20260630_103628,images_ok_raw/ok_20260630_103751_000041.jpg,images_ok_raw,41,17,model,2,unripe,0.171063,noise,noise,weak/noise conf 0.17<0.85 roi,,2,unripe,2,unripe,,,False,,,False,,0.666667,896.0,1003.859314,0.0,0.1,0.1,0.9,1256.09375,191.734375,23.628906,42.484375,False,,,,,,,,,,,,,,,
session_20260630_103628,images_ok_raw/ok_20260630_103752_000042.jpg,images_ok_raw,42,0,model,1,ripe,0.870599,strong,strong,,,1,ripe,1,ripe,,,False,,,False,,0.708333,10880.0,14152.000977,0.952096,0.035928,0.988024,0.011976,561.1875,336.59375,120.21875,117.71875,False,,,,,,,,,,,,,,,
session_20260630_103628,images_ok_raw/ok_20260630_103752_000042.jpg,images_ok_raw,42,1,model,1,ripe,0.851956,strong,strong,,,1,ripe,1,ripe,,,False,,,False,,0.698413,11264.0,14495.302734,0.982955,0.005682,0.988636,0.0,530.875,169.40625,107.546875,134.78125,False,,,,,,,,,,,,,,,
session_20260630_103628,images_ok_raw/ok_20260630_103752_000042.jpg,images_ok_raw,42,2,model,1,ripe,0.817577,strong,strong,,,1,ripe,1,ripe,,,False,,,False,,0.571429,7168.0,10316.351562,0.761468,0.137615,0.899083,0.082569,652.8125,373.0625,102.90625,100.25,False,,,,,,,,,,,,,,,
session_20260630_103628,images_ok_raw/ok_20260630_103752_000042.jpg,images_ok_raw,42,3,model,2,unripe,0.669744,weak,weak,weak/noise conf 0.67<0.85 roi bad_color gy=0.00,,2,unripe,2,unripe,,,False,,,False,,0.735294,4800.0,5455.586914,0.893333,0.106667,1.0,0.0,502.390625,674.203125,122.296875,44.609375,False,,,,,,,,,,,,,,,
session_20260630_103628,images_ok_raw/ok_20260630_103752_000042.jpg,images_ok_raw,42,4,model,2,unripe,0.642432,weak,weak,weak/noise conf 0.64<0.85,,2,unripe,2,unripe,,,False,,,False,,0.578125,2368.0,3319.513184,0.0,0.0,0.0,1.0,1024.4375,192.09375,56.0625,59.210938,False,,,,,,,,,,,,,,,
session_20260630_103628,images_ok_raw/ok_20260630_103752_000042.jpg,images_ok_raw,42,5,model,1,ripe,0.631595,weak,weak,weak/noise conf 0.63<0.80,,1,ripe,1,ripe,,,False,,,False,,0.595238,9600.0,13958.109375,0.637681,0.144928,0.782609,0.181159,602.8125,237.625,135.1875,103.25,False,,,,,,,,,,,,,,,
session_20260630_103628,images_ok_raw/ok_20260630_103752_000042.jpg,images_ok_raw,42,6,model,2,unripe,0.567937,weak,weak,weak/noise conf 0.57<0.85,,2,unripe,2,unripe,,,False,,,False,,0.666667,2688.0,3019.765869,0.0,0.0,0.0,1.0,1065.125,279.796875,53.109375,56.859375,False,,,,,,,,,,,,,,,
session_20260630_103628,images_ok_raw/ok_20260630_103752_000042.jpg,images_ok_raw,42,7,model,2,unripe,0.486332,weak,weak,weak/noise conf 0.49<0.85,,2,unripe,2,unripe,,,False,,,False,,0.757576,4800.0,5364.602051,0.0,0.0,0.0,1.0,1084.5625,347.75,65.546875,81.84375,False,,,,,,,,,,,,,,,
session_20260630_103628,images_ok_raw/ok_20260630_103752_000042.jpg,images_ok_raw,42,8,model,2,unripe,0.344222,weak,weak,weak/noise conf 0.34<0.85,,2,unripe,2,unripe,,,False,,,False,,0.604396,7040.0,9460.400391,0.027273,0.963636,0.990909,0.081818,519.0,570.59375,92.4375,102.34375,False,,,,,,,,,,,,,,,
session_20260630_103628,images_ok_raw/ok_20260630_103752_000042.jpg,images_ok_raw,42,9,model,0,eripe bunch,0.341582,weak,weak,weak/noise conf 0.34<0.70 bad_color red=0.03 warm=0.28,,0,eripe bunch,0,eripe bunch,,,False,,,False,,0.198986,37696.0,183510.75,0.026608,0.252772,0.279379,0.86031,475.625,134.75,314.5,583.5,False,,,,,,,,,,,,,,,
session_20260630_103628,images_ok_raw/ok_20260630_103752_000042.jpg,images_ok_raw,42,10,model,1,ripe,0.222024,noise,noise,weak/noise conf 0.22<0.80,,1,ripe,1,ripe,,,False,,,False,,0.694079,13504.0,17236.691406,0.478049,0.341463,0.819512,0.263415,472.75,454.84375,146.65625,117.53125,False,,,,,,,,,,,,,,,
session_20260630_103628,images_ok_raw/ok_20260630_103752_000042.jpg,images_ok_raw,42,11,model,2,unripe,0.191932,noise,noise,weak/noise conf 0.19<0.85,,2,unripe,2,unripe,,,False,,,False,,0.625,2880.0,3667.95459,0.0,0.0,0.0,1.0,1064.59375,186.296875,56.28125,65.171875,False,,,,,,,,,,,,,,,
session_20260630_103628,images_ok_raw/ok_20260630_103753_000043.jpg,images_ok_raw,43,0,model,1,ripe,0.90731,strong,strong,,,1,ripe,1,ripe,,,False,,,False,,0.703601,16256.0,21081.255859,0.940239,0.027888,0.968127,0.011952,546.90625,329.375,146.84375,143.5625,False,,,,,,,,,,,,,,,
session_20260630_103628,images_ok_raw/ok_20260630_103753_000043.jpg,images_ok_raw,43,1,model,1,ripe,0.800692,strong,strong,,,1,ripe,1,ripe,,,False,,,False,,0.744048,16000.0,20851.0625,0.988,0.004,0.992,0.0,512.796875,129.625,127.140625,164.0,False,,,,,,,,,,,,,,,
session_20260630_103628,images_ok_raw/ok_20260630_103753_000043.jpg,images_ok_raw,43,2,model,2,unripe,0.861536,weak,color_corrected,weak/noise bad_color gy=0.08,unripe_to_ripe_by_mask_color,2,unripe,1,ripe,1,ripe,True,unripe_to_ripe_by_mask_color,0.90909,False,,0.59375,8512.0,11706.21582,0.492424,0.492424,0.984848,0.075758,503.453125,473.25,113.171875,103.4375,False,,,,,,,,,,,,,,,
session_20260630_103628,images_ok_raw/ok_20260630_103753_000043.jpg,images_ok_raw,43,3,model,1,ripe,0.796925,weak,review,weak/noise conf 0.80<0.80,near_threshold_ripe_color_mask_support,1,ripe,1,ripe,,,False,,,True,near_threshold_ripe_color_mask_support,0.605536,11200.0,15986.191406,0.790419,0.107784,0.898204,0.08982,655.6875,372.125,125.9375,126.9375,False,,,,,,,,,,,,,,,
session_20260630_103628,images_ok_raw/ok_20260630_103753_000043.jpg,images_ok_raw,43,4,model,2,unripe,0.771842,weak,color_corrected,weak/noise conf 0.77<0.85 bad_color gy=0.00,unripe_to_ripe_by_mask_color,2,unripe,1,ripe,1,ripe,True,unripe_to_ripe_by_mask_color,1.0,False,,0.645833,5952.0,8482.630859,0.817204,0.182796,1.0,0.0,432.46875,529.3125,92.359375,91.84375,False,,,,,,,,,,,,,,,
session_20260630_103628,images_ok_raw/ok_20260630_103753_000043.jpg,images_ok_raw,43,5,model,1,ripe,0.510741,weak,weak,weak/noise conf 0.51<0.80,,1,ripe,1,ripe,,,False,,,False,,0.610795,13760.0,20709.453125,0.647668,0.139896,0.787565,0.139896,596.125,209.75,164.6875,125.75,False,,,,,,,,,,,,,,,
session_20260630_103628,images_ok_raw/ok_20260630_103753_000043.jpg,images_ok_raw,43,6,model,2,unripe,0.417746,weak,weak,weak/noise conf 0.42<0.85,,2,unripe,2,unripe,,,False,,,False,,0.719388,9024.0,11714.550781,0.007092,0.971631,0.978723,0.085106,499.0,609.96875,107.875,108.59375,False,,,,,,,,,,,,,,,
session_20260630_103628,images_ok_raw/ok_20260630_103753_000043.jpg,images_ok_raw,43,7,model,1,ripe,0.355776,weak,weak,weak/noise conf 0.36<0.80 roi,,1,ripe,1,ripe,,,False,,,False,,0.795455,2240.0,2417.675781,0.142857,0.742857,0.885714,0.114286,747.71875,688.0,81.4375,29.6875,False,,,,,,,,,,,,,,,
session_20260630_103628,images_ok_raw/ok_20260630_103753_000043.jpg,images_ok_raw,43,8,model,0,eripe bunch,0.322526,weak,weak,weak/noise conf 0.32<0.70 low_bunch_density bad_color red=0.00 warm=0.24 tomatoes_inside 1<2,,0,eripe bunch,0,eripe bunch,,,False,,,False,,0.058103,9408.0,151111.984375,0.0,0.243243,0.243243,0.90991,438.875,287.625,353.375,427.625,False,,,,,,,,,,,,,,,
session_20260630_103628,images_ok_raw/ok_20260630_103754_000044.jpg,images_ok_raw,44,0,model,1,ripe,0.893309,strong,strong,,,1,ripe,1,ripe,,,False,,,False,,0.703077,29248.0,38104.867188,0.935982,0.03532,0.971302,0.01766,513.8125,323.0625,192.875,197.5625,False,,,,,,,,,,,,,,,
session_20260630_103628,images_ok_raw/ok_20260630_103754_000044.jpg,images_ok_raw,44,1,model,1,ripe,0.889526,strong,strong,,,1,ripe,1,ripe,,,False,,,False,,0.72884,29760.0,38271.300781,0.976344,0.019355,0.995699,0.008602,464.0,54.0,174.804688,218.9375,False,,,,,,,,,,,,,,,
session_20260630_103628,images_ok_raw/ok_20260630_103754_000044.jpg,images_ok_raw,44,2,model,1,ripe,0.818738,strong,strong,,,1,ripe,1,ripe,,,False,,,False,,0.672727,18944.0,25496.558594,0.805654,0.09894,0.904594,0.077739,676.3125,380.5,153.21875,166.40625,False,,,,,,,,,,,,,,,
session_20260630_103628,images_ok_raw/ok_20260630_103754_000044.jpg,images_ok_raw,44,3,model,1,ripe,0.677474,weak,weak,weak/noise conf 0.68<0.80,,1,ripe,1,ripe,,,False,,,False,,0.634921,15360.0,21917.439453,0.516667,0.475,0.991667,0.0875,454.25,515.0,156.34375,140.1875,False,,,,,,,,,,,,,,,
session_20260630_103628,images_ok_raw/ok_20260630_103754_000044.jpg,images_ok_raw,44,4,model,1,ripe,0.365683,weak,weak,weak/noise conf 0.37<0.80,,1,ripe,1,ripe,,,False,,,False,,0.605519,23872.0,36104.414062,0.643077,0.144615,0.787692,0.163077,585.75,162.1875,215.75,167.34375,False,,,,,,,,,,,,,,,
session_20260630_103628,images_ok_raw/ok_20260630_103754_000044.jpg,images_ok_raw,44,5,model,2,unripe,0.347759,weak,weak,weak/noise conf 0.35<0.85 bad_color gy=0.01,,2,unripe,2,unripe,,,False,,,False,,0.570588,12416.0,19049.59375,0.737113,0.257732,0.994845,0.005155,357.25,591.875,151.0,126.15625,False,,,,,,,,,,,,,,,
session_20260630_103628,images_ok_raw/ok_20260630_103755_000045.jpg,images_ok_raw,45,0,model,1,ripe,0.887201,strong,strong,,,1,ripe,1,ripe,,,False,,,False,,0.717087,16384.0,20147.109375,0.984375,0.011719,0.996094,0.003906,892.0625,129.9375,125.625,160.375,False,,,,,,,,,,,,,,,
session_20260630_103628,images_ok_raw/ok_20260630_103755_000045.jpg,images_ok_raw,45,1,model,1,ripe,0.854884,strong,strong,,,1,ripe,1,ripe,,,False,,,False,,0.704678,15424.0,20290.367188,0.958159,0.012552,0.970711,0.008368,921.9375,331.21875,144.640625,140.28125,False,,,,,,,,,,,,,,,
session_20260630_103628,images_ok_raw/ok_20260630_103755_000045.jpg,images_ok_raw,45,2,model,1,ripe,0.775945,weak,review,weak/noise conf 0.78<0.80,near_threshold_ripe_color_mask_support,1,ripe,1,ripe,,,False,,,True,near_threshold_ripe_color_mask_support,0.639706,11136.0,15040.703125,0.760736,0.116564,0.877301,0.104294,1034.375,374.96875,122.5,122.78125,False,,,,,,,,,,,,,,,
session_20260630_103628,images_ok_raw/ok_20260630_103755_000045.jpg,images_ok_raw,45,3,model,1,ripe,0.640635,weak,weak,weak/noise conf 0.64<0.80,,1,ripe,1,ripe,,,False,,,False,,0.317708,3904.0,9917.69043,0.762712,0.016949,0.779661,0.220339,887.46875,100.5,114.53125,86.59375,False,,,,,,,,,,,,,,,
session_20260630_103628,images_ok_raw/ok_20260630_103755_000045.jpg,images_ok_raw,45,4,model,1,ripe,0.370224,weak,weak,weak/noise conf 0.37<0.80,,1,ripe,1,ripe,,,False,,,False,,0.606952,14528.0,20559.722656,0.594059,0.173267,0.767327,0.20297,975.9375,212.0,163.375,125.84375,False,,,,,,,,,,,,,,,
session_20260630_103628,images_ok_raw/ok_20260630_103755_000045.jpg,images_ok_raw,45,5,model,2,unripe,0.325092,weak,weak,weak/noise conf 0.33<0.85 bad_color gy=0.01,,2,unripe,2,unripe,,,False,,,False,,0.631944,5824.0,7953.698242,0.868132,0.131868,1.0,0.010989,811.375,524.125,88.34375,90.03125,False,,,,,,,,,,,,,,,
session_20260630_103628,images_ok_raw/ok_20260630_103755_000045.jpg,images_ok_raw,45,6,model,1,ripe,0.186539,noise,noise,weak/noise conf 0.19<0.80 roi,,1,ripe,1,ripe,,,False,,,False,,0.772727,2176.0,2152.84082,0.235294,0.676471,0.911765,0.088235,1122.53125,690.03125,78.6875,27.359375,False,,,,,,,,,,,,,,,
session_20260630_103628,images_ok_raw/ok_20260630_103755_000045.jpg,images_ok_raw,45,7,model,2,unripe,0.165593,noise,noise,weak/noise conf 0.17<0.85 roi,,2,unripe,2,unripe,,,False,,,False,,0.795455,2240.0,2387.551025,0.228571,0.657143,0.885714,0.085714,1123.3125,689.035156,78.9375,30.246094,False,,,,,,,,,,,,,,,
session_20260630_103628,images_ok_raw/ok_20260630_103756_000046.jpg,images_ok_raw,46,0,model,1,ripe,0.884835,strong,strong,,,1,ripe,1,ripe,,,False,,,False,,0.710526,15552.0,19434.023438,0.970833,0.008333,0.979167,0.008333,842.25,332.875,139.125,139.6875,False,,,,,,,,,,,,,,,
session_20260630_103628,images_ok_raw/ok_20260630_103756_000046.jpg,images_ok_raw,46,1,model,1,ripe,0.822188,strong,strong,,,1,ripe,1,ripe,,,False,,,False,,0.657005,17408.0,23250.837891,0.959559,0.018382,0.977941,0.025735,803.4375,126.4375,136.21875,170.6875,False,,,,,,,,,,,,,,,
session_20260630_103628,images_ok_raw/ok_20260630_103756_000046.jpg,images_ok_raw,46,2,model,1,ripe,0.643328,weak,weak,weak/noise conf 0.64<0.80,,1,ripe,1,ripe,,,False,,,False,,0.627451,14336.0,20803.390625,0.722513,0.13089,0.853403,0.089005,888.46875,213.9375,166.46875,124.96875,False,,,,,,,,,,,,,,,
session_20260630_103628,images_ok_raw/ok_20260630_103756_000046.jpg,images_ok_raw,46,3,model,1,ripe,0.589834,weak,weak,weak/noise conf 0.59<0.80,,1,ripe,1,ripe,,,False,,,False,,0.682353,11136.0,14508.830078,0.849057,0.09434,0.943396,0.025157,957.203125,375.0625,114.609375,126.59375,False,,,,,,,,,,,,,,,
session_20260630_103628,images_ok_raw/ok_20260630_103756_000046.jpg,images_ok_raw,46,4,model,1,ripe,0.4436,weak,weak,weak/noise conf 0.44<0.80,,1,ripe,1,ripe,,,False,,,False,,0.357466,5056.0,12389.753906,0.558442,0.038961,0.597403,0.415584,800.6875,97.25,129.3125,95.8125,False,,,,,,,,,,,,,,,
session_20260630_103628,images_ok_raw/ok_20260630_103756_000046.jpg,images_ok_raw,46,5,model,2,unripe,0.38122,weak,weak,weak/noise conf 0.38<0.85,,2,unripe,2,unripe,,,False,,,False,,0.690476,9280.0,12004.775391,0.027586,0.931035,0.958621,0.117241,794.96875,610.5,111.1875,107.96875,False,,,,,,,,,,,,,,,
session_20260630_103628,images_ok_raw/ok_20260630_103756_000046.jpg,images_ok_raw,46,6,model,2,unripe,0.352202,weak,weak,weak/noise conf 0.35<0.85 roi,,2,unripe,2,unripe,,,False,,,False,,0.65,2496.0,2730.87915,0.314286,0.6,0.914286,0.114286,1046.25,687.867188,85.90625,31.789062,False,,,,,,,,,,,,,,,
session_20260630_103628,images_ok_raw/ok_20260630_103756_000046.jpg,images_ok_raw,46,7,model,1,ripe,0.283781,noise,noise,weak/noise conf 0.28<0.80 roi,,1,ripe,1,ripe,,,False,,,False,,0.75,2304.0,2356.011475,0.323529,0.617647,0.941176,0.088235,1044.90625,689.625,85.40625,27.585938,False,,,,,,,,,,,,,,,
session_20260630_103628,images_ok_raw/ok_20260630_103756_000046.jpg,images_ok_raw,46,8,model,2,unripe,0.190723,noise,noise,weak/noise conf 0.19<0.85 bad_color gy=0.06,,2,unripe,2,unripe,,,False,,,False,,0.609467,6592.0,8729.300781,0.796117,0.165049,0.961165,0.058252,730.625,525.5625,94.5625,92.3125,False,,,,,,,,,,,,,,,
session_20260630_103628,images_ok_raw/ok_20260630_103756_000046.jpg,images_ok_raw,46,9,model,1,ripe,0.171618,noise,noise,weak/noise conf 0.17<0.80,,1,ripe,1,ripe,,,False,,,False,,0.585799,6336.0,9051.052734,0.79798,0.171717,0.969697,0.050505,730.6875,525.0625,94.3125,95.96875,False,,,,,,,,,,,,,,,
session_20260630_103628,images_ok_raw/ok_20260630_103756_000046.jpg,images_ok_raw,46,10,model,0,eripe bunch,0.155076,noise,noise,weak/noise conf 0.16<0.70,,0,eripe bunch,0,eripe bunch,,,False,,,False,,0.195964,57792.0,286011.6875,0.10609,0.328094,0.434185,0.67387,736.875,151.0,504.875,566.5,False,,,,,,,,,,,,,,,
session_20260630_103628,images_ok_raw/ok_20260630_103757_000047.jpg,images_ok_raw,47,0,model,1,ripe,0.85585,strong,strong,,,1,ripe,1,ripe,,,False,,,False,,0.668639,7232.0,9792.37207,0.955752,0.026549,0.982301,0.0,744.96875,337.84375,100.53125,97.40625,False,,,,,,,,,,,,,,,
session_20260630_103628,images_ok_raw/ok_20260630_103757_000047.jpg,images_ok_raw,47,1,model,1,ripe,0.846959,strong,strong,,,1,ripe,1,ripe,,,False,,,False,,0.720238,7744.0,9658.085938,0.966942,0.024793,0.991736,0.016529,721.34375,203.09375,89.375,108.0625,False,,,,,,,,,,,,,,,
session_20260630_103628,images_ok_raw/ok_20260630_103757_000047.jpg,images_ok_raw,47,2,model,1,ripe,0.822188,strong,strong,,,1,ripe,1,ripe,,,False,,,False,,0.652893,5056.0,6986.786133,0.789474,0.092105,0.881579,0.078947,818.34375,369.21875,82.53125,84.65625,False,,,,,,,,,,,,,,,
session_20260630_103628,images_ok_raw/ok_20260630_103757_000047.jpg,images_ok_raw,47,3,model,0,eripe bunch,0.819317,strong,strong,,,0,eripe bunch,0,eripe bunch,,,False,,,False,,0.188655,28736.0,60583.039062,0.033639,0.244648,0.278287,0.856269,706.981262,183.03125,208.256226,290.90625,False,supported_by_ripe_singles,,,,,,,,,,,,,,
session_20260630_103628,images_ok_raw/ok_20260630_103757_000047.jpg,images_ok_raw,47,4,model,2,unripe,0.866132,weak,color_corrected,weak/noise bad_color gy=0.07,unripe_to_ripe_by_mask_color,2,unripe,1,ripe,1,ripe,True,unripe_to_ripe_by_mask_color,0.929577,False,,0.645455,4544.0,5474.60498,0.056338,0.943662,1.0,0.070423,710.25,538.59375,70.328125,77.84375,False,,,,,,,,,,,,,,,
session_20260630_103628,images_ok_raw/ok_20260630_103757_000047.jpg,images_ok_raw,47,5,model,2,unripe,0.804406,weak,color_corrected,weak/noise conf 0.80<0.85 bad_color gy=0.00,unripe_to_ripe_by_mask_color,2,unripe,1,ripe,1,ripe,True,unripe_to_ripe_by_mask_color,1.0,False,,0.68718,8576.0,10718.707031,0.947761,0.052239,1.0,0.0,687.28125,620.15625,111.21875,96.375,False,,,,,,,,,,,,,,,
session_20260630_103628,images_ok_raw/ok_20260630_103757_000047.jpg,images_ok_raw,47,6,model,1,ripe,0.798187,weak,review,weak/noise conf 0.80<0.80,near_threshold_ripe_color_mask_support,1,ripe,1,ripe,,,False,,,True,near_threshold_ripe_color_mask_support,0.674107,9664.0,12135.498047,0.441379,0.393103,0.834483,0.268966,668.1875,437.75,123.28125,98.4375,False,,,,,,,,,,,,,,,
session_20260630_103628,images_ok_raw/ok_20260630_103757_000047.jpg,images_ok_raw,47,7,model,2,unripe,0.760648,weak,weak,weak/noise conf 0.76<0.85,,2,unripe,2,unripe,,,False,,,False,,0.670455,3776.0,4197.036621,0.0,0.0,0.0,1.0,1175.375,350.15625,55.890625,75.09375,False,,,,,,,,,,,,,,,
session_20260630_103628,images_ok_raw/ok_20260630_103757_000047.jpg,images_ok_raw,47,8,model,1,ripe,0.672331,weak,weak,weak/noise conf 0.67<0.80,,1,ripe,1,ripe,,,False,,,False,,0.47619,1920.0,3036.082031,0.758621,0.0,0.758621,0.241379,725.875,180.007812,61.5,49.367188,False,,,,,,,,,,,,,,,
session_20260630_103628,images_ok_raw/ok_20260630_103757_000047.jpg,images_ok_raw,47,9,model,1,ripe,0.648689,weak,weak,weak/noise conf 0.65<0.80,,1,ripe,1,ripe,,,False,,,False,,0.65,7488.0,9382.954102,0.66,0.12,0.78,0.16,783.28125,252.53125,108.90625,86.15625,False,,,,,,,,,,,,,,,
session_20260630_103628,images_ok_raw/ok_20260630_103757_000047.jpg,images_ok_raw,47,10,model,2,unripe,0.346873,weak,weak,weak/noise conf 0.35<0.85,,2,unripe,2,unripe,,,False,,,False,,0.698413,2816.0,3269.232422,0.0,0.0,0.0,1.0,1161.203125,279.75,53.484375,61.125,False,,,,,,,,,,,,,,,
session_20260630_103628,images_ok_raw/ok_20260630_103757_000047.jpg,images_ok_raw,47,11,model,3,unripe bunch,0.298287,noise,noise,weak/noise conf 0.30<0.70,,3,unripe bunch,3,unripe bunch,,,False,,,False,,0.174654,24256.0,133021.625,0.021505,0.261649,0.283154,0.870968,670.125,229.0,271.75,489.5,False,,,,,,,,,,,,,,,
session_20260630_103628,images_ok_raw/ok_20260630_103757_000047.jpg,images_ok_raw,47,12,model,2,unripe,0.290175,noise,noise,weak/noise conf 0.29<0.85,,2,unripe,2,unripe,,,False,,,False,,0.854167,5248.0,5587.776367,0.094595,0.662162,0.756757,0.378378,872.484375,561.0,62.828125,88.9375,False,,,,,,,,,,,,,,,
session_20260630_103628,images_ok_raw/ok_20260630_103757_000047.jpg,images_ok_raw,47,13,model,2,unripe,0.256086,noise,noise,weak/noise conf 0.26<0.85 roi,,2,unripe,2,unripe,,,False,,,False,,0.69697,2944.0,3326.167969,0.0,0.0,0.0,1.0,1238.0,371.3125,41.9375,79.3125,False,,,,,,,,,,,,,,,
session_20260630_103628,images_ok_raw/ok_20260630_103758_000048.jpg,images_ok_raw,48,0,model,2,unripe,0.85585,weak,color_corrected,weak/noise bad_color gy=0.00,unripe_to_ripe_by_mask_color,2,unripe,1,ripe,1,ripe,True,unripe_to_ripe_by_mask_color,1.0,False,,0.704545,7936.0,9859.944336,0.927419,0.072581,1.0,0.0,317.765625,634.625,116.234375,84.828125,False,,,,,,,,,,,,,,,
session_20260630_103628,images_ok_raw/ok_20260630_103758_000048.jpg,images_ok_raw,48,1,model,2,unripe,0.795658,weak,weak,weak/noise conf 0.80<0.85,,2,unripe,2,unripe,,,False,,,False,,0.660714,2368.0,2999.337402,0.0,0.057143,0.057143,0.971429,1153.25,162.546875,59.78125,50.171875,False,,,,,,,,,,,,,,,
session_20260630_103628,images_ok_raw/ok_20260630_103758_000048.jpg,images_ok_raw,48,2,model,2,unripe,0.795658,weak,color_corrected,weak/noise conf 0.80<0.85 bad_color gy=0.07,unripe_to_ripe_by_mask_color,2,unripe,1,ripe,1,ripe,True,unripe_to_ripe_by_mask_color,0.9166669999999999,False,,0.654545,4608.0,5584.508301,0.055556,0.930556,0.986111,0.069444,341.96875,555.09375,71.453125,78.15625,False,,,,,,,,,,,,,,,
session_20260630_103628,images_ok_raw/ok_20260630_103758_000048.jpg,images_ok_raw,48,3,model,1,ripe,0.766291,weak,review,weak/noise conf 0.77<0.80,near_threshold_ripe_color_mask_support,1,ripe,1,ripe,,,False,,,True,near_threshold_ripe_color_mask_support,0.766234,7552.0,9041.828125,0.991525,0.008475,1.0,0.0,345.25,221.28125,85.25,106.0625,False,,,,,,,,,,,,,,,
session_20260630_103628,images_ok_raw/ok_20260630_103758_000048.jpg,images_ok_raw,48,4,model,2,unripe,0.73867,weak,weak,weak/noise conf 0.74<0.85,,2,unripe,2,unripe,,,False,,,False,,0.708333,3264.0,3864.900635,0.0,0.0,0.0,1.0,785.546875,284.328125,58.296875,66.296875,False,,,,,,,,,,,,,,,
session_20260630_103628,images_ok_raw/ok_20260630_103758_000048.jpg,images_ok_raw,48,5,model,1,ripe,0.721743,weak,weak,weak/noise conf 0.72<0.80,,1,ripe,1,ripe,,,False,,,False,,0.575758,4864.0,6786.305176,0.797297,0.135135,0.932432,0.054054,448.78125,383.109375,81.59375,83.171875,False,,,,,,,,,,,,,,,
session_20260630_103628,images_ok_raw/ok_20260630_103758_000048.jpg,images_ok_raw,48,6,model,1,ripe,0.708213,weak,weak,weak/noise conf 0.71<0.80,,1,ripe,1,ripe,,,False,,,False,,0.686391,7424.0,9707.037109,0.931035,0.051724,0.982759,0.008621,370.0625,353.25,100.65625,96.4375,False,,,,,,,,,,,,,,,
session_20260630_103628,images_ok_raw/ok_20260630_103758_000048.jpg,images_ok_raw,48,7,model,3,unripe bunch,0.688469,weak,weak,weak/noise conf 0.69<0.70 tomatoes_inside 0<2,,3,unripe bunch,3,unripe bunch,,,False,,,False,,0.078788,3328.0,40021.605469,0.0,0.0,0.0,1.0,757.4375,209.375,167.9375,238.3125,False,,,,,,,,,,,,,,,
session_20260630_103628,images_ok_raw/ok_20260630_103758_000048.jpg,images_ok_raw,48,8,model,2,unripe,0.672331,weak,color_corrected,weak/noise conf 0.67<0.85 bad_color gy=0.00,unripe_to_ripe_by_mask_color,2,unripe,1,ripe,1,ripe,True,unripe_to_ripe_by_mask_color,1.0,False,,0.685185,4736.0,5679.741211,0.445946,0.554054,1.0,0.0,1171.46875,109.4375,89.6875,63.328125,False,,,,,,,,,,,,,,,
session_20260630_103628,images_ok_raw/ok_20260630_103758_000048.jpg,images_ok_raw,48,9,model,2,unripe,0.613237,weak,weak,weak/noise conf 0.61<0.85,,2,unripe,2,unripe,,,False,,,False,,0.8,3584.0,3782.199707,0.0,0.0,0.0,1.0,801.28125,357.1875,52.65625,71.828125,False,,,,,,,,,,,,,,,
session_20260630_103628,images_ok_raw/ok_20260630_103758_000048.jpg,images_ok_raw,48,10,model,2,unripe,0.569853,weak,color_corrected,weak/noise conf 0.57<0.85 bad_color gy=0.00,unripe_to_ripe_by_mask_color,2,unripe,1,ripe,1,ripe,True,unripe_to_ripe_by_mask_color,0.970588,False,,0.561983,4352.0,6154.05957,0.955882,0.014706,0.970588,0.0,1116.3125,53.59375,80.28125,76.65625,False,,,,,,,,,,,,,,,
session_20260630_103628,images_ok_raw/ok_20260630_103758_000048.jpg,images_ok_raw,48,11,model,2,unripe,0.535099,weak,weak,weak/noise conf 0.54<0.85,,2,unripe,2,unripe,,,False,,,False,,0.541667,1664.0,2013.616821,0.0,0.0,0.0,1.0,753.125,230.03125,40.140625,50.164062,False,,,,,,,,,,,,,,,
session_20260630_103628,images_ok_raw/ok_20260630_103758_000048.jpg,images_ok_raw,48,12,model,2,unripe,0.486332,weak,weak,weak/noise conf 0.49<0.85,,2,unripe,2,unripe,,,False,,,False,,0.840909,4736.0,4466.345215,0.151515,0.651515,0.80303,0.272727,510.5625,574.15625,57.421875,77.78125,False,,,,,,,,,,,,,,,
session_20260630_103628,images_ok_raw/ok_20260630_103758_000048.jpg,images_ok_raw,48,13,model,2,unripe,0.462958,weak,weak,weak/noise conf 0.46<0.85,,2,unripe,2,unripe,,,False,,,False,,0.734694,2304.0,2633.752441,0.0,0.0,0.0,1.0,785.421875,224.75,51.171875,51.46875,False,,,,,,,,,,,,,,,
session_20260630_103628,images_ok_raw/ok_20260630_103758_000048.jpg,images_ok_raw,48,14,model,0,eripe bunch,0.428234,weak,weak,weak/noise conf 0.43<0.70 bad_color red=0.05 warm=0.30 tomatoes_inside 0<2,,0,eripe bunch,0,eripe bunch,,,False,,,False,,0.231197,34624.0,143721.71875,0.048951,0.247086,0.296037,0.811189,294.0,201.5,277.1875,518.5,False,,,,,,,,,,,,,,,
session_20260630_103628,images_ok_raw/ok_20260630_103758_000048.jpg,images_ok_raw,48,15,model,1,ripe,0.376623,weak,weak,weak/noise conf 0.38<0.80 roi,,1,ripe,1,ripe,,,False,,,False,,0.75,2304.0,2597.071777,1.0,0.0,1.0,0.0,1171.515625,1.890625,89.265625,29.09375,False,,,,,,,,,,,,,,,
session_20260630_103628,images_ok_raw/ok_20260630_103758_000048.jpg,images_ok_raw,48,16,model,3,unripe bunch,0.301568,weak,weak,weak/noise conf 0.30<0.70 tomatoes_inside 0<2,,3,unripe bunch,3,unripe bunch,,,False,,,False,,0.064474,3136.0,44856.28125,0.0,0.0625,0.0625,0.875,1124.5,0.0,148.5,302.0625,False,,,,,,,,,,,,,,,
session_20260630_103628,images_ok_raw/ok_20260630_103758_000048.jpg,images_ok_raw,48,17,model,2,unripe,0.291787,noise,noise,weak/noise conf 0.29<0.85,,2,unripe,2,unripe,,,False,,,False,,0.763889,3520.0,3520.566406,0.0,0.0,0.0,1.0,862.4375,387.3125,55.9375,62.9375,False,,,,,,,,,,,,,,,
session_20260630_103628,images_ok_raw/ok_20260630_103758_000048.jpg,images_ok_raw,48,18,model,1,ripe,0.241491,noise,noise,weak/noise conf 0.24<0.80,,1,ripe,1,ripe,,,False,,,False,,0.402778,1856.0,3338.336914,0.666667,0.148148,0.814815,0.259259,349.5625,193.875,60.59375,55.09375,False,,,,,,,,,,,,,,,
session_20260630_103628,images_ok_raw/ok_20260630_103758_000048.jpg,images_ok_raw,48,19,model,3,unripe bunch,0.210118,noise,noise,weak/noise conf 0.21<0.70 tomatoes_inside 0<2,,3,unripe bunch,3,unripe bunch,,,False,,,False,,0.225641,33792.0,145217.9375,0.050481,0.247596,0.298077,0.814904,295.125,202.75,280.75,517.25,False,,,,,,,,,,,,,,,
session_20260630_103628,images_ok_raw/ok_20260630_103758_000048.jpg,images_ok_raw,48,20,model,2,unripe,0.201813,noise,noise,weak/noise conf 0.20<0.85 roi,,2,unripe,2,unripe,,,False,,,False,,0.888889,1024.0,719.127319,0.0,0.0,0.0,1.0,454.9375,699.425781,37.59375,19.128906,False,,,,,,,,,,,,,,,
session_20260630_103628,images_ok_raw/ok_20260630_103758_000048.jpg,images_ok_raw,48,21,model,2,unripe,0.196826,noise,noise,weak/noise conf 0.20<0.85,,2,unripe,2,unripe,,,False,,,False,,0.632653,1984.0,2082.680908,0.0,0.0,0.0,1.0,1194.734375,182.78125,48.171875,43.234375,False,,,,,,,,,,,,,,,
session_20260630_103628,images_ok_raw/ok_20260630_103758_000048.jpg,images_ok_raw,48,22,model,2,unripe,0.194367,noise,noise,weak/noise conf 0.19<0.85 bad_color gy=0.02,,2,unripe,2,unripe,,,False,,,False,,0.604938,3136.0,3951.927246,0.795918,0.183673,0.979592,0.020408,294.25,492.375,64.96875,60.828125,False,,,,,,,,,,,,,,,
session_20260630_103628,images_ok_raw/ok_20260630_103758_000048.jpg,images_ok_raw,48,23,model,2,unripe,0.18418,noise,noise,weak/noise conf 0.18<0.85,,2,unripe,2,unripe,,,False,,,False,,0.668269,8896.0,11615.935547,0.5,0.360294,0.860294,0.257353,299.125,452.75,118.078125,98.375,False,,,,,,,,,,,,,,,
session_20260630_103628,images_ok_raw/ok_20260630_103759_000049.jpg,images_ok_raw,49,0,model,1,ripe,0.852937,strong,strong,,,1,ripe,1,ripe,,,False,,,False,,0.677778,7808.0,9578.484375,0.97541,0.008197,0.983607,0.0,91.75,227.53125,87.375,109.625,False,,,,,,,,,,,,,,,
session_20260630_103628,images_ok_raw/ok_20260630_103759_000049.jpg,images_ok_raw,49,1,model,3,unripe bunch,0.884835,weak,weak,weak/noise low_bunch_density tomatoes_inside 0<2,,3,unripe bunch,3,unripe bunch,,,False,,,False,,0.0375,4608.0,115744.5,0.0,0.035714,0.035714,0.964286,847.875,0.0,306.0,378.25,False,,,,,,,,,,,,,,,
session_20260630_103628,images_ok_raw/ok_20260630_103759_000049.jpg,images_ok_raw,49,2,model,2,unripe,0.87235,weak,color_corrected,weak/noise bad_color gy=0.04,unripe_to_ripe_by_mask_color,2,unripe,1,ripe,1,ripe,True,unripe_to_ripe_by_mask_color,0.9459449999999999,False,,0.685185,4736.0,5805.818359,0.391892,0.594595,0.986486,0.040541,918.5,113.90625,89.40625,64.9375,False,,,,,,,,,,,,,,,
session_20260630_103628,images_ok_raw/ok_20260630_103759_000049.jpg,images_ok_raw,49,3,model,1,ripe,0.798187,weak,review,weak/noise conf 0.80<0.80,near_threshold_ripe_color_mask_support,1,ripe,1,ripe,,,False,,,True,near_threshold_ripe_color_mask_support,0.698225,7552.0,9619.210938,0.966102,0.016949,0.983051,0.0,120.0625,362.3125,97.75,98.40625,False,,,,,,,,,,,,,,,
session_20260630_103628,images_ok_raw/ok_20260630_103759_000049.jpg,images_ok_raw,49,4,model,2,unripe,0.793106,weak,weak,weak/noise conf 0.79<0.85,,2,unripe,2,unripe,,,False,,,False,,0.636364,4480.0,5329.279297,0.0,0.0,0.0,1.0,1001.953125,269.34375,70.484375,75.609375,False,,,,,,,,,,,,,,,
session_20260630_103628,images_ok_raw/ok_20260630_103759_000049.jpg,images_ok_raw,49,5,model,2,unripe,0.789233,weak,weak,weak/noise conf 0.79<0.85,,2,unripe,2,unripe,,,False,,,False,,0.809524,3264.0,3359.538574,0.0,0.0,0.0,1.0,554.875,366.9375,52.828125,63.59375,False,,,,,,,,,,,,,,,
session_20260630_103628,images_ok_raw/ok_20260630_103759_000049.jpg,images_ok_raw,49,6,model,2,unripe,0.769078,weak,weak,weak/noise conf 0.77<0.85,,2,unripe,2,unripe,,,False,,,False,,0.625,2560.0,3169.252441,0.0,0.078947,0.078947,0.921053,902.15625,162.53125,57.828125,54.804688,False,,,,,,,,,,,,,,,
session_20260630_103628,images_ok_raw/ok_20260630_103759_000049.jpg,images_ok_raw,49,7,model,2,unripe,0.767687,weak,color_corrected,weak/noise conf 0.77<0.85 bad_color gy=0.00,unripe_to_ripe_by_mask_color,2,unripe,1,ripe,1,ripe,True,unripe_to_ripe_by_mask_color,1.0,False,,0.725,7424.0,8518.168945,0.887931,0.112069,1.0,0.0,69.25,645.890625,116.5625,73.078125,False,,,,,,,,,,,,,,,
session_20260630_103628,images_ok_raw/ok_20260630_103759_000049.jpg,images_ok_raw,49,8,model,1,ripe,0.72952,weak,weak,weak/noise conf 0.73<0.80 roi,,1,ripe,1,ripe,,,False,,,False,,0.676923,2816.0,3288.689209,1.0,0.0,1.0,0.0,916.9375,1.132812,91.53125,35.929688,False,,,,,,,,,,,,,,,
session_20260630_103628,images_ok_raw/ok_20260630_103759_000049.jpg,images_ok_raw,49,9,model,2,unripe,0.675764,weak,weak,weak/noise conf 0.68<0.85,,2,unripe,2,unripe,,,False,,,False,,0.694444,3200.0,3599.033936,0.0,0.0,0.0,1.0,540.125,294.375,57.859375,62.203125,False,,,,,,,,,,,,,,,
session_20260630_103628,images_ok_raw/ok_20260630_103759_000049.jpg,images_ok_raw,49,10,model,2,unripe,0.653127,weak,color_corrected,weak/noise conf 0.65<0.85 bad_color gy=0.00,unripe_to_ripe_by_mask_color,2,unripe,1,ripe,1,ripe,True,unripe_to_ripe_by_mask_color,1.0,False,,0.636364,4480.0,6011.588867,0.942029,0.057971,1.0,0.0,860.40625,61.25,83.421875,72.0625,False,,,,,,,,,,,,,,,
session_20260630_103628,images_ok_raw/ok_20260630_103759_000049.jpg,images_ok_raw,49,11,model,2,unripe,0.646013,weak,weak,weak/noise conf 0.65<0.85,,2,unripe,2,unripe,,,False,,,False,,0.654321,3392.0,3767.385498,0.0,0.0,0.0,1.0,612.984375,393.5625,59.578125,63.234375,False,,,,,,,,,,,,,,,
session_20260630_103628,images_ok_raw/ok_20260630_103759_000049.jpg,images_ok_raw,49,12,model,2,unripe,0.642432,weak,weak,weak/noise conf 0.64<0.85,,2,unripe,2,unripe,,,False,,,False,,0.666667,4224.0,5576.623535,0.0,0.0,0.0,1.0,946.375,201.3125,80.65625,69.140625,False,,,,,,,,,,,,,,,
session_20260630_103628,images_ok_raw/ok_20260630_103759_000049.jpg,images_ok_raw,49,13,model,1,ripe,0.588889,weak,weak,weak/noise conf 0.59<0.80,,1,ripe,1,ripe,,,False,,,False,,0.590278,5440.0,7415.625,0.797619,0.142857,0.940476,0.083333,195.8125,391.375,84.75,87.5,False,,,,,,,,,,,,,,,
session_20260630_103628,images_ok_raw/ok_20260630_103759_000049.jpg,images_ok_raw,49,14,model,1,ripe,0.457137,weak,weak,weak/noise conf 0.46<0.80,,1,ripe,1,ripe,,,False,,,False,,0.361111,1664.0,3364.5625,0.692308,0.038462,0.730769,0.192308,96.65625,207.1875,66.625,50.5,False,,,,,,,,,,,,,,,
session_20260630_103628,images_ok_raw/ok_20260630_103759_000049.jpg,images_ok_raw,49,15,model,2,unripe,0.449392,weak,weak,weak/noise conf 0.45<0.85,,2,unripe,2,unripe,,,False,,,False,,0.777778,4032.0,4458.552246,0.0,0.0,0.0,1.0,1061.921875,313.53125,65.296875,68.28125,False,,,,,,,,,,,,,,,
session_20260630_103628,images_ok_raw/ok_20260630_103759_000049.jpg,images_ok_raw,49,16,model,2,unripe,0.426322,weak,weak,weak/noise conf 0.43<0.85,,2,unripe,2,unripe,,,False,,,False,,0.571429,1792.0,2252.859131,0.0,0.0,0.0,1.0,502.21875,234.90625,43.34375,51.976562,False,,,,,,,,,,,,,,,
session_20260630_103628,images_ok_raw/ok_20260630_103759_000049.jpg,images_ok_raw,49,17,model,0,eripe bunch,0.413951,weak,weak,weak/noise conf 0.41<0.70 bad_color red=0.05 warm=0.31 tomatoes_inside 1<2,,0,eripe bunch,0,eripe bunch,,,False,,,False,,0.21875,31360.0,138291.40625,0.049751,0.261194,0.310945,0.838308,43.75,212.625,272.5625,507.375,False,,,,,,,,,,,,,,,
session_20260630_103628,images_ok_raw/ok_20260630_103759_000049.jpg,images_ok_raw,49,18,model,3,unripe bunch,0.359365,weak,weak,weak/noise conf 0.36<0.70 tomatoes_inside 0<2,,3,unripe bunch,3,unripe bunch,,,False,,,False,,0.133333,7040.0,48480.796875,0.0,0.0,0.0,1.0,501.75,195.375,186.375,260.125,False,,,,,,,,,,,,,,,
session_20260630_103628,images_ok_raw/ok_20260630_103759_000049.jpg,images_ok_raw,49,19,model,1,ripe,0.313209,weak,weak,weak/noise conf 0.31<0.80,,1,ripe,1,ripe,,,False,,,False,,0.696429,7488.0,8902.696289,0.533333,0.133333,0.666667,0.266667,152.84375,278.1875,104.46875,85.21875,False,,,,,,,,,,,,,,,
session_20260630_103628,images_ok_raw/ok_20260630_103759_000049.jpg,images_ok_raw,49,20,model,2,unripe,0.254601,noise,noise,weak/noise conf 0.25<0.85 bad_color gy=0.05,,2,unripe,2,unripe,,,False,,,False,,0.666667,5120.0,6265.129395,0.075,0.925,1.0,0.05,88.46875,566.984375,76.59375,81.796875,False,,,,,,,,,,,,,,,
session_20260630_103628,images_ok_raw/ok_20260630_103759_000049.jpg,images_ok_raw,49,21,model,2,unripe,0.229537,noise,noise,weak/noise conf 0.23<0.85,,2,unripe,2,unripe,,,False,,,False,,0.696429,2496.0,2734.242676,0.0,0.0,0.0,1.0,538.4375,229.53125,51.734375,52.851562,False,,,,,,,,,,,,,,,
session_20260630_103628,images_ok_raw/ok_20260630_103802_000050.jpg,images_ok_raw,50,0,model,2,unripe,0.867934,weak,color_corrected,weak/noise bad_color gy=0.02,unripe_to_ripe_by_mask_color,2,unripe,1,ripe,1,ripe,True,unripe_to_ripe_by_mask_color,0.984925,False,,0.740741,12800.0,16023.164062,0.482412,0.517588,1.0,0.015075,808.0625,121.96875,143.625,111.5625,False,,,,,,,,,,,,,,,
session_20260630_103628,images_ok_raw/ok_20260630_103802_000050.jpg,images_ok_raw,50,1,model,3,unripe bunch,0.851956,weak,weak,weak/noise low_bunch_density tomatoes_inside 0<2,,3,unripe bunch,3,unripe bunch,,,False,,,False,,0.030738,7680.0,244210.4375,0.058824,0.264706,0.323529,0.705882,707.875,48.0,478.375,510.5,False,,,,,,,,,,,,,,,
session_20260630_103628,images_ok_raw/ok_20260630_103802_000050.jpg,images_ok_raw,50,2,model,1,ripe,0.791821,weak,review,weak/noise conf 0.79<0.80,near_threshold_ripe_color_mask_support,1,ripe,1,ripe,,,False,,,True,near_threshold_ripe_color_mask_support,0.684028,12608.0,16511.304688,0.915344,0.047619,0.962963,0.0,711.875,41.9375,135.546875,121.8125,False,,,,,,,,,,,,,,,
session_20260630_103628,images_ok_raw/ok_20260630_103802_000050.jpg,images_ok_raw,50,3,model,2,unripe,0.779993,weak,weak,weak/noise conf 0.78<0.85,,2,unripe,2,unripe,,,False,,,False,,0.688889,11904.0,14639.003906,0.0,0.0,0.0,1.0,1046.96875,434.125,107.34375,136.375,False,,,,,,,,,,,,,,,
session_20260630_103628,images_ok_raw/ok_20260630_103802_000050.jpg,images_ok_raw,50,4,model,2,unripe,0.726425,weak,weak,weak/noise conf 0.73<0.85,,2,unripe,2,unripe,,,False,,,False,,0.743945,13760.0,16435.191406,0.0,0.0,0.0,1.0,946.875,378.125,127.28125,129.125,False,,,,,,,,,,,,,,,
session_20260630_103628,images_ok_raw/ok_20260630_103802_000050.jpg,images_ok_raw,50,5,model,3,unripe bunch,0.583203,noise,noise,weak/noise conf 0.58<0.70 low_bunch_density tomatoes_inside 0<2,,3,unripe bunch,3,unripe bunch,,,False,,,False,,0.013095,4174.566895,314680.46875,0.0,0.31068,0.31068,0.776699,749.696106,79.945312,499.658203,629.791443,False,,,,,,,,,,,,,,,
session_20260630_103628,images_ok_raw/ok_20260630_103802_000050.jpg,images_ok_raw,50,6,model,2,unripe,0.32853,weak,weak,weak/noise conf 0.33<0.85,,2,unripe,2,unripe,,,False,,,False,,0.685315,6272.0,7952.680664,0.0,0.034483,0.034483,0.988506,776.78125,218.34375,98.90625,80.40625,False,,,,,,,,,,,,,,,
session_20260630_103628,images_ok_raw/ok_20260630_103803_000051.jpg,images_ok_raw,51,0,model,3,unripe bunch,0.878732,weak,weak,weak/noise low_bunch_density tomatoes_inside 0<2,,3,unripe bunch,3,unripe bunch,,,False,,,False,,0.04723,8512.0,172703.15625,0.0,0.033898,0.033898,0.949153,684.5,102.875,342.75,503.875,False,,,,,,,,,,,,,,,
session_20260630_103628,images_ok_raw/ok_20260630_103803_000051.jpg,images_ok_raw,51,1,model,2,unripe,0.87579,weak,color_corrected,weak/noise bad_color gy=0.03,unripe_to_ripe_by_mask_color,2,unripe,1,ripe,1,ripe,True,unripe_to_ripe_by_mask_color,0.972477,False,,0.605556,6976.0,8614.204102,0.495413,0.504587,1.0,0.027523,757.90625,287.4375,106.71875,80.71875,False,,,,,,,,,,,,,,,
session_20260630_103628,images_ok_raw/ok_20260630_103803_000051.jpg,images_ok_raw,51,2,model,2,unripe,0.794385,weak,weak,weak/noise conf 0.79<0.85,,2,unripe,2,unripe,,,False,,,False,,0.755245,6912.0,7833.58252,0.0,0.0,0.0,1.0,858.484375,478.0,83.921875,93.34375,False,,,,,,,,,,,,,,,
session_20260630_103628,images_ok_raw/ok_20260630_103803_000051.jpg,images_ok_raw,51,3,model,1,ripe,0.793106,weak,review,weak/noise conf 0.79<0.80,near_threshold_ripe_color_mask_support,1,ripe,1,ripe,,,False,,,True,near_threshold_ripe_color_mask_support,0.714286,7680.0,8916.777344,0.915254,0.050847,0.966102,0.0,753.109375,118.5,107.390625,83.03125,False,,,,,,,,,,,,,,,
session_20260630_103628,images_ok_raw/ok_20260630_103803_000051.jpg,images_ok_raw,51,4,model,2,unripe,0.791821,weak,weak,weak/noise conf 0.79<0.85,,2,unripe,2,unripe,,,False,,,False,,0.6625,3392.0,3901.447266,0.0,0.086957,0.086957,0.978261,734.6875,355.109375,70.875,55.046875,False,,,,,,,,,,,,,,,
session_20260630_103628,images_ok_raw/ok_20260630_103803_000051.jpg,images_ok_raw,51,5,model,1,ripe,0.566019,weak,weak,weak/noise conf 0.57<0.80,,1,ripe,1,ripe,,,False,,,False,,0.628205,6272.0,8134.636719,0.947917,0.052083,1.0,0.0,690.0,228.3125,95.28125,85.375,False,,,,,,,,,,,,,,,
session_20260630_103628,images_ok_raw/ok_20260630_103803_000051.jpg,images_ok_raw,51,6,model,2,unripe,0.494141,weak,weak,weak/noise conf 0.49<0.85,,2,unripe,2,unripe,,,False,,,False,,0.710744,5504.0,6798.822266,0.0,0.0,0.0,1.0,800.125,396.382812,84.53125,80.429688,False,,,,,,,,,,,,,,,
session_20260630_103628,images_ok_raw/ok_20260630_103803_000051.jpg,images_ok_raw,51,7,model,2,unripe,0.274352,noise,noise,weak/noise conf 0.27<0.85,,2,unripe,2,unripe,,,False,,,False,,0.671875,2752.0,3714.314453,0.0,0.0,0.0,1.0,256.0625,441.78125,61.9375,59.96875,False,,,,,,,,,,,,,,,
session_20260630_103628,images_ok_raw/ok_20260630_103803_000051.jpg,images_ok_raw,51,8,model,2,unripe,0.26588,noise,noise,weak/noise conf 0.27<0.85 roi,,2,unripe,2,unripe,,,False,,,False,,0.625,7360.0,10219.048828,0.0,0.0,0.0,1.0,0.390625,30.71875,59.640625,171.34375,False,,,,,,,,,,,,,,,
session_20260630_103628,images_ok_raw/ok_20260630_103803_000051.jpg,images_ok_raw,51,9,model,2,unripe,0.226785,noise,noise,weak/noise conf 0.23<0.85,,2,unripe,2,unripe,,,False,,,False,,0.727273,5632.0,6331.097168,0.0,0.0,0.0,1.0,933.484375,533.40625,77.296875,81.90625,False,,,,,,,,,,,,,,,
session_20260630_103628,images_ok_raw/ok_20260630_103805_000052.jpg,images_ok_raw,52,0,model,1,ripe,0.852937,strong,strong,,,1,ripe,1,ripe,,,False,,,False,,0.68718,8576.0,10203.007812,0.925373,0.037313,0.962687,0.014925,149.0,413.71875,93.125,109.5625,False,,,,,,,,,,,,,,,
session_20260630_103628,images_ok_raw/ok_20260630_103805_000052.jpg,images_ok_raw,52,1,model,2,unripe,0.868828,weak,color_corrected,weak/noise bad_color gy=0.01,unripe_to_ripe_by_mask_color,2,unripe,1,ripe,1,ripe,True,unripe_to_ripe_by_mask_color,0.985915,False,,0.717172,4544.0,5385.904297,0.408451,0.591549,1.0,0.014085,976.484375,299.703125,84.921875,63.421875,False,,,,,,,,,,,,,,,
session_20260630_103628,images_ok_raw/ok_20260630_103805_000052.jpg,images_ok_raw,52,2,model,3,unripe bunch,0.857288,weak,weak,weak/noise tomatoes_inside 0<2,,3,unripe bunch,3,unripe bunch,,,False,,,False,,0.069647,8576.0,116315.625,0.017544,0.087719,0.105263,0.894737,909.0,155.75,285.0,408.125,False,,,,,,,,,,,,,,,
session_20260630_103628,images_ok_raw/ok_20260630_103805_000052.jpg,images_ok_raw,52,3,model,2,unripe,0.825588,weak,color_corrected,weak/noise conf 0.83<0.85 bad_color gy=0.01,unripe_to_ripe_by_mask_color,2,unripe,1,ripe,1,ripe,True,unripe_to_ripe_by_mask_color,0.970588,False,,0.583333,4480.0,5931.536133,0.941176,0.044118,0.985294,0.014706,917.8125,245.46875,82.6875,71.734375,False,,,,,,,,,,,,,,,
session_20260630_103628,images_ok_raw/ok_20260630_103805_000052.jpg,images_ok_raw,52,4,model,2,unripe,0.818738,weak,review,weak/noise conf 0.82<0.85,near_threshold_unripe_color_mask_support,2,unripe,2,unripe,,,False,,,True,near_threshold_unripe_color_mask_support,0.755556,4352.0,5574.639648,0.0,0.0,0.0,1.0,1001.265625,384.5,78.671875,70.859375,False,,,,,,,,,,,,,,,
session_20260630_103628,images_ok_raw/ok_20260630_103805_000052.jpg,images_ok_raw,52,5,model,2,unripe,0.804406,weak,review,weak/noise conf 0.80<0.85,near_threshold_unripe_color_mask_support,2,unripe,2,unripe,,,False,,,True,near_threshold_unripe_color_mask_support,0.5625,2304.0,2642.782227,0.030303,0.030303,0.060606,0.939394,956.0625,351.90625,53.96875,48.96875,False,,,,,,,,,,,,,,,
session_20260630_103628,images_ok_raw/ok_20260630_103805_000052.jpg,images_ok_raw,52,6,model,2,unripe,0.741675,weak,weak,weak/noise conf 0.74<0.85,,2,unripe,2,unripe,,,False,,,False,,0.707071,4480.0,5323.762695,0.0,0.0,0.0,1.0,1058.15625,453.25,68.804688,77.375,False,,,,,,,,,,,,,,,
session_20260630_103628,images_ok_raw/ok_20260630_103805_000052.jpg,images_ok_raw,52,7,model,1,ripe,0.615088,weak,weak,weak/noise conf 0.62<0.80,,1,ripe,1,ripe,,,False,,,False,,0.659341,7680.0,10024.765625,0.983333,0.016667,1.0,0.008333,173.625,545.875,99.625,100.625,False,,,,,,,,,,,,,,,
session_20260630_103628,images_ok_raw/ok_20260630_103805_000052.jpg,images_ok_raw,52,8,model,2,unripe,0.554471,weak,weak,weak/noise conf 0.55<0.85,,2,unripe,2,unripe,,,False,,,False,,0.666667,3456.0,4250.423828,0.0,0.0,0.0,1.0,593.78125,477.53125,65.125,65.265625,False,,,,,,,,,,,,,,,
session_20260630_103628,images_ok_raw/ok_20260630_103805_000052.jpg,images_ok_raw,52,9,model,2,unripe,0.533155,weak,weak,weak/noise conf 0.53<0.85,,2,unripe,2,unripe,,,False,,,False,,0.65,3328.0,3568.144043,0.0,0.0,0.0,1.0,605.625,551.140625,54.28125,65.734375,False,,,,,,,,,,,,,,,
session_20260630_103628,images_ok_raw/ok_20260630_103805_000052.jpg,images_ok_raw,52,10,model,1,ripe,0.449392,weak,weak,weak/noise conf 0.45<0.80,,1,ripe,1,ripe,,,False,,,False,,0.658333,5056.0,6310.204102,0.987342,0.012658,1.0,0.0,976.25,154.75,88.3125,71.453125,False,,,,,,,,,,,,,,,
session_20260630_103628,images_ok_raw/ok_20260630_103805_000052.jpg,images_ok_raw,52,11,model,2,unripe,0.399812,weak,weak,weak/noise conf 0.40<0.85,,2,unripe,2,unripe,,,False,,,False,,0.680556,3136.0,3345.063477,0.0,0.0,0.0,1.0,668.25,577.53125,53.28125,62.78125,False,,,,,,,,,,,,,,,
session_20260630_103628,images_ok_raw/ok_20260630_103805_000052.jpg,images_ok_raw,52,12,model,1,ripe,0.33372,weak,weak,weak/noise conf 0.33<0.80,,1,ripe,1,ripe,,,False,,,False,,0.3625,1856.0,3423.87085,0.75,0.035714,0.785714,0.178571,151.34375,391.226562,65.65625,52.148438,False,,,,,,,,,,,,,,,
session_20260630_103628,images_ok_raw/ok_20260630_103805_000052.jpg,images_ok_raw,52,13,model,2,unripe,0.327669,weak,weak,weak/noise conf 0.33<0.85,,2,unripe,2,unripe,,,False,,,False,,0.765432,3968.0,4245.849609,0.0,0.0,0.0,1.0,1115.78125,503.5,65.875,64.453125,False,,,,,,,,,,,,,,,
session_20260630_103628,images_ok_raw/ok_20260630_103805_000052.jpg,images_ok_raw,52,14,model,2,unripe,0.311531,weak,weak,weak/noise conf 0.31<0.85,,2,unripe,2,unripe,,,False,,,False,,0.555556,1280.0,1387.078613,0.0,0.058824,0.058824,0.941176,990.96875,363.9375,35.484375,39.089844,False,,,,,,,,,,,,,,,
session_20260630_103628,images_ok_raw/ok_20260630_103805_000052.jpg,images_ok_raw,52,15,model,2,unripe,0.174412,noise,noise,weak/noise conf 0.17<0.85 bad_color gy=0.00,,2,unripe,2,unripe,,,False,,,False,,0.666667,5120.0,6237.365723,0.9875,0.0125,1.0,0.0,976.765625,154.6875,87.734375,71.09375,False,,,,,,,,,,,,,,,
session_20260630_103628,images_ok_raw/ok_20260630_103805_000052.jpg,images_ok_raw,52,16,model,2,unripe,0.171618,noise,noise,weak/noise conf 0.17<0.85 roi bad_color gy=0.00,,2,unripe,2,unripe,,,False,,,False,,0.722222,832.0,678.567749,0.615385,0.384615,1.0,0.0,265.765625,702.362305,43.070312,15.754883,False,,,,,,,,,,,,,,,
session_20260630_103628,images_ok_raw/ok_20260630_103805_000052.jpg,images_ok_raw,52,17,model,2,unripe,0.153547,noise,noise,weak/noise conf 0.15<0.85 bad_color gy=0.00,,2,unripe,2,unripe,,,False,,,False,,0.685714,3072.0,3924.081055,0.8125,0.1875,1.0,0.0,148.25,648.390625,71.46875,54.90625,False,,,,,,,,,,,,,,,
session_20260630_103628,images_ok_raw/ok_20260630_103809_000053.jpg,images_ok_raw,53,0,model,1,ripe,0.787931,weak,review,weak/noise conf 0.79<0.80,near_threshold_ripe_color_mask_support,1,ripe,1,ripe,,,False,,,True,near_threshold_ripe_color_mask_support,0.6875,9152.0,12280.543945,0.81203,0.150376,0.962406,0.0,633.5625,364.21875,101.78125,120.65625,False,,,,,,,,,,,,,,,
session_20260630_103628,images_ok_raw/ok_20260630_103809_000053.jpg,images_ok_raw,53,1,model,2,unripe,0.622459,weak,weak,weak/noise conf 0.62<0.85,,2,unripe,2,unripe,,,False,,,False,,0.675,3456.0,4062.341309,0.0,0.0,0.0,1.0,553.765625,292.25,56.0625,72.460938,False,,,,,,,,,,,,,,,
session_20260630_103628,images_ok_raw/ok_20260630_103809_000053.jpg,images_ok_raw,53,2,model,1,ripe,0.283781,noise,noise,weak/noise conf 0.28<0.80 roi,,1,ripe,1,ripe,,,False,,,False,,0.595238,4800.0,6322.929688,1.0,0.0,1.0,0.0,767.1875,0.515625,128.875,49.0625,False,,,,,,,,,,,,,,,
session_20260630_103628,images_ok_raw/ok_20260630_103810_000054.jpg,images_ok_raw,54,0,model,1,ripe,0.804406,strong,strong,,,1,ripe,1,ripe,,,False,,,False,,0.697778,10048.0,13433.648438,0.961783,0.0,0.961783,0.0,394.9375,40.1875,116.6875,115.125,False,,,,,,,,,,,,,,,
session_20260630_103628,images_ok_raw/ok_20260630_103810_000054.jpg,images_ok_raw,54,1,model,2,unripe,0.643328,weak,weak,weak/noise conf 0.64<0.85,,2,unripe,2,unripe,,,False,,,False,,0.740385,9856.0,12088.583984,0.0,0.682759,0.682759,0.441379,916.375,48.5625,119.375,101.265625,False,,,,,,,,,,,,,,,
session_20260630_103628,images_ok_raw/ok_20260630_103810_000054.jpg,images_ok_raw,54,2,model,1,ripe,0.235111,noise,noise,weak/noise conf 0.24<0.80,,1,ripe,1,ripe,,,False,,,False,,0.727273,6144.0,7273.707031,0.777778,0.0,0.777778,0.0,496.40625,52.875,83.1875,87.4375,False,,,,,,,,,,,,,,,
session_20260630_103628,images_ok_raw/ok_20260630_103810_000054.jpg,images_ok_raw,54,3,model,1,ripe,0.204342,noise,noise,weak/noise conf 0.20<0.80,,1,ripe,1,ripe,,,False,,,False,,0.7125,10944.0,13846.59668,0.982456,0.0,0.982456,0.0,464.015625,142.75,116.296875,119.0625,False,,,,,,,,,,,,,,,
session_20260630_103628,images_ok_raw/ok_20260630_103812_000055.jpg,images_ok_raw,55,0,model,1,ripe,0.818738,strong,strong,,,1,ripe,1,ripe,,,False,,,False,,0.637363,7424.0,9465.158203,0.991379,0.0,0.991379,0.0,501.46875,399.46875,96.0625,98.53125,False,,,,,,,,,,,,,,,
session_20260630_103628,images_ok_raw/ok_20260630_103812_000055.jpg,images_ok_raw,55,1,model,1,ripe,0.747616,weak,weak,weak/noise conf 0.75<0.80,,1,ripe,1,ripe,,,False,,,False,,0.669421,5184.0,7079.263672,1.0,0.0,1.0,0.0,400.84375,315.546875,86.546875,81.796875,False,,,,,,,,,,,,,,,
session_20260630_103628,images_ok_raw/ok_20260630_103812_000055.jpg,images_ok_raw,55,2,model,2,unripe,0.715424,weak,weak,weak/noise conf 0.72<0.85,,2,unripe,2,unripe,,,False,,,False,,0.641026,6400.0,7629.087891,0.0,0.773196,0.773196,0.474227,867.8125,543.625,93.96875,81.1875,False,,,,,,,,,,,,,,,
session_20260630_103628,images_ok_raw/ok_20260630_103812_000055.jpg,images_ok_raw,55,3,model,1,ripe,0.517571,weak,weak,weak/noise conf 0.52<0.80,,1,ripe,1,ripe,,,False,,,False,,0.661157,5120.0,5957.144531,0.940298,0.0,0.940298,0.0,532.75,213.96875,76.3125,78.0625,False,,,,,,,,,,,,,,,
session_20260630_103628,images_ok_raw/ok_20260630_103812_000055.jpg,images_ok_raw,55,4,model,1,ripe,0.388618,weak,weak,weak/noise conf 0.39<0.80,,1,ripe,1,ripe,,,False,,,False,,0.684524,7360.0,9449.103516,0.973684,0.0,0.973684,0.0,424.3125,527.53125,94.90625,99.5625,False,,,,,,,,,,,,,,,
session_20260630_103628,images_ok_raw/ok_20260630_103812_000055.jpg,images_ok_raw,55,5,model,2,unripe,0.383064,weak,weak,weak/noise conf 0.38<0.85 roi,,2,unripe,2,unripe,,,False,,,False,,0.75,2688.0,2874.784424,0.0,0.0,0.0,1.0,728.71875,668.28125,57.46875,50.023438,False,,,,,,,,,,,,,,,
session_20260630_103628,images_ok_raw/ok_20260630_103812_000055.jpg,images_ok_raw,55,6,model,1,ripe,0.315735,weak,weak,weak/noise conf 0.32<0.80,,1,ripe,1,ripe,,,False,,,False,,0.736364,5184.0,6214.084473,0.975,0.0,0.975,0.0,400.859375,413.09375,83.515625,74.40625,False,,,,,,,,,,,,,,,
session_20260630_103628,images_ok_raw/ok_20260630_103812_000055.jpg,images_ok_raw,55,7,model,3,unripe bunch,0.259074,noise,noise,weak/noise conf 0.26<0.70 tomatoes_inside 0<2,,3,unripe bunch,3,unripe bunch,,,False,,,False,,0.111989,5440.0,46911.65625,0.0,0.0,0.0,0.681818,760.125,542.09375,263.6875,177.90625,False,,,,,,,,,,,,,,,
session_20260630_103628,images_ok_raw/ok_20260630_103812_000055.jpg,images_ok_raw,55,8,model,2,unripe,0.227471,noise,noise,weak/noise conf 0.23<0.85,,2,unripe,2,unripe,,,False,,,False,,0.741758,8640.0,9545.314453,0.080645,0.548387,0.629032,0.540323,635.53125,502.34375,94.1875,101.34375,False,,,,,,,,,,,,,,,
session_20260630_103628,images_ok_raw/ok_20260630_103812_000055.jpg,images_ok_raw,55,9,model,1,ripe,0.198685,noise,noise,weak/noise conf 0.20<0.80,,1,ripe,1,ripe,,,False,,,False,,0.722222,4160.0,5071.905273,0.839286,0.035714,0.875,0.017857,670.53125,416.03125,71.671875,70.765625,False,,,,,,,,,,,,,,,
session_20260630_103628,images_ok_raw/ok_20260630_103812_000055.jpg,images_ok_raw,55,10,model,1,ripe,0.192539,noise,noise,weak/noise conf 0.19<0.80 roi,,1,ripe,1,ripe,,,False,,,False,,0.571429,768.0,825.849121,0.916667,0.083333,1.0,0.083333,726.84375,0.0,47.023438,17.5625,False,,,,,,,,,,,,,,,
session_20260630_103628,images_ok_raw/ok_20260630_103812_000055.jpg,images_ok_raw,55,11,model,1,ripe,0.180683,noise,noise,weak/noise conf 0.18<0.80,,1,ripe,1,ripe,,,False,,,False,,0.680473,7360.0,8992.074219,0.991228,0.0,0.991228,0.0,482.6875,620.46875,94.28125,95.375,False,,,,,,,,,,,,,,,
session_20260630_103628,images_ok_raw/ok_20260630_103812_000055.jpg,images_ok_raw,55,12,model,2,unripe,0.17385,noise,noise,weak/noise conf 0.17<0.85,,2,unripe,2,unripe,,,False,,,False,,0.738095,1984.0,1846.177002,0.0,0.0,0.0,1.0,1212.257812,469.15625,41.226562,44.78125,False,,,,,,,,,,,,,,,
session_20260630_103628,images_ok_raw/ok_20260630_103813_000056.jpg,images_ok_raw,56,0,model,2,unripe,0.848973,weak,review,weak/noise conf 0.85<0.85,near_threshold_unripe_color_mask_support,2,unripe,2,unripe,,,False,,,True,near_threshold_unripe_color_mask_support,0.6875,3520.0,4330.584961,0.0,0.654545,0.654545,0.763636,817.5,488.546875,74.046875,58.484375,False,,,,,,,,,,,,,,,
session_20260630_103628,images_ok_raw/ok_20260630_103813_000056.jpg,images_ok_raw,56,1,model,2,unripe,0.774583,weak,color_corrected,weak/noise conf 0.77<0.85 bad_color gy=0.00,unripe_to_ripe_by_mask_color,2,unripe,1,ripe,1,ripe,True,unripe_to_ripe_by_mask_color,1.0,False,,0.644444,3712.0,4665.150391,0.157895,0.842105,1.0,0.0,619.203125,418.59375,69.515625,67.109375,False,,,,,,,,,,,,,,,
session_20260630_103628,images_ok_raw/ok_20260630_103813_000056.jpg,images_ok_raw,56,2,model,2,unripe,0.73867,weak,weak,weak/noise conf 0.74<0.85,,2,unripe,2,unripe,,,False,,,False,,0.65625,2688.0,3043.496582,0.0,0.0,0.0,1.0,717.65625,573.265625,53.03125,57.390625,False,,,,,,,,,,,,,,,
session_20260630_103628,images_ok_raw/ok_20260630_103813_000056.jpg,images_ok_raw,56,3,model,2,unripe,0.732591,weak,weak,weak/noise conf 0.73<0.85,,2,unripe,2,unripe,,,False,,,False,,0.65,4160.0,4793.205566,0.046154,0.569231,0.615385,0.8,655.40625,462.3125,66.90625,71.640625,False,,,,,,,,,,,,,,,
session_20260630_103628,images_ok_raw/ok_20260630_103813_000056.jpg,images_ok_raw,56,4,model,1,ripe,0.684265,weak,weak,weak/noise conf 0.68<0.80,,1,ripe,1,ripe,,,False,,,False,,0.666667,3840.0,5019.07959,1.0,0.0,1.0,0.0,560.03125,387.8125,71.78125,69.921875,False,,,,,,,,,,,,,,,
session_20260630_103628,images_ok_raw/ok_20260630_103813_000056.jpg,images_ok_raw,56,5,model,2,unripe,0.615088,weak,weak,weak/noise conf 0.62<0.85,,2,unripe,2,unripe,,,False,,,False,,0.611111,1408.0,1311.176147,0.0,0.0,0.0,1.0,1134.789062,508.96875,35.632812,36.796875,False,,,,,,,,,,,,,,,
session_20260630_103628,images_ok_raw/ok_20260630_103813_000056.jpg,images_ok_raw,56,6,model,2,unripe,0.542863,weak,weak,weak/noise conf 0.54<0.85,,2,unripe,2,unripe,,,False,,,False,,0.583333,1344.0,1399.843262,0.0,0.0,0.0,1.0,1159.0,456.632812,34.8125,40.210938,False,,,,,,,,,,,,,,,
session_20260630_103628,images_ok_raw/ok_20260630_103813_000056.jpg,images_ok_raw,56,7,model,1,ripe,0.531209,weak,weak,weak/noise conf 0.53<0.80,,1,ripe,1,ripe,,,False,,,False,,0.6,3840.0,4702.983398,0.983333,0.0,0.983333,0.016667,503.09375,479.34375,66.09375,71.15625,False,,,,,,,,,,,,,,,
session_20260630_103628,images_ok_raw/ok_20260630_103813_000056.jpg,images_ok_raw,56,8,model,3,unripe bunch,0.446495,weak,weak,weak/noise conf 0.45<0.70 low_bunch_density tomatoes_inside 0<2,,3,unripe bunch,3,unripe bunch,,,False,,,False,,0.05876,6976.0,115816.5,0.191489,0.340426,0.531915,0.468085,483.125,392.5,419.625,276.0,False,,,,,,,,,,,,,,,
session_20260630_103628,images_ok_raw/ok_20260630_103813_000056.jpg,images_ok_raw,56,9,model,2,unripe,0.384912,weak,weak,weak/noise conf 0.38<0.85 bad_color gy=0.02,,2,unripe,2,unripe,,,False,,,False,,0.688889,3968.0,4810.625,0.919355,0.016129,0.935484,0.016129,543.765625,544.328125,69.046875,69.671875,False,,,,,,,,,,,,,,,
session_20260630_103628,images_ok_raw/ok_20260630_103813_000056.jpg,images_ok_raw,56,10,model,1,ripe,0.370224,weak,weak,weak/noise conf 0.37<0.80,,1,ripe,1,ripe,,,False,,,False,,0.753086,3904.0,4740.537109,0.934426,0.0,0.934426,0.0,544.296875,544.25,68.828125,68.875,False,,,,,,,,,,,,,,,
session_20260630_103628,images_ok_raw/ok_20260630_103813_000056.jpg,images_ok_raw,56,11,model,1,ripe,0.314892,weak,weak,weak/noise conf 0.31<0.80,,1,ripe,1,ripe,,,False,,,False,,0.652778,3008.0,3102.917969,0.87234,0.06383,0.93617,0.085106,487.0625,398.53125,58.945312,52.640625,False,,,,,,,,,,,,,,,
session_20260630_103628,images_ok_raw/ok_20260630_103813_000056.jpg,images_ok_raw,56,12,model,2,unripe,0.281406,noise,noise,weak/noise conf 0.28<0.85 bad_color gy=0.00,,2,unripe,2,unripe,,,False,,,False,,0.6,3840.0,4951.612793,1.0,0.0,1.0,0.0,561.0,388.007812,71.0625,69.679688,False,,,,,,,,,,,,,,,
session_20260630_103628,images_ok_raw/ok_20260630_103813_000056.jpg,images_ok_raw,56,13,model,2,unripe,0.279042,noise,noise,weak/noise conf 0.28<0.85,,2,unripe,2,unripe,,,False,,,False,,0.6,1152.0,1293.507812,0.0,0.0,0.0,1.0,1188.267578,507.390625,34.279297,37.734375,False,,,,,,,,,,,,,,,
session_20260630_103628,images_ok_raw/ok_20260630_103813_000056.jpg,images_ok_raw,56,14,model,1,ripe,0.210118,noise,noise,weak/noise conf 0.21<0.80,,1,ripe,1,ripe,,,False,,,False,,0.640625,2624.0,3371.022949,1.0,0.0,1.0,0.0,491.53125,328.375,59.335938,56.8125,False,,,,,,,,,,,,,,,
session_20260630_103628,images_ok_raw/ok_20260630_103813_000056.jpg,images_ok_raw,56,15,model,2,unripe,0.178956,noise,noise,weak/noise conf 0.18<0.85,,2,unripe,2,unripe,,,False,,,False,,0.738095,1984.0,1830.505371,0.0,0.0,0.0,1.0,1134.421875,140.560547,43.484375,42.095703,False,,,,,,,,,,,,,,,
session_20260630_103628,images_ok_raw/ok_20260630_103813_000056.jpg,images_ok_raw,56,16,model,2,unripe,0.15974,noise,noise,weak/noise conf 0.16<0.85,,2,unripe,2,unripe,,,False,,,False,,0.866667,1664.0,1388.312988,0.0,0.041667,0.041667,1.0,1205.65625,468.773438,34.0625,40.757812,False,,,,,,,,,,,,,,,
session_20260630_103628,images_ok_raw/ok_20260630_103814_000057.jpg,images_ok_raw,57,0,model,2,unripe,0.868828,strong,strong,,,2,unripe,2,unripe,,,False,,,False,,0.790123,4096.0,4935.791016,0.0,0.6875,0.6875,0.8125,873.921875,456.03125,68.671875,71.875,False,,,,,,,,,,,,,,,
session_20260630_103628,images_ok_raw/ok_20260630_103814_000057.jpg,images_ok_raw,57,1,model,2,unripe,0.757793,weak,color_corrected,weak/noise conf 0.76<0.85 bad_color gy=0.00,unripe_to_ripe_by_mask_color,2,unripe,1,ripe,1,ripe,True,unripe_to_ripe_by_mask_color,0.982759,False,,0.58,3712.0,4679.560547,0.103448,0.87931,0.982759,0.0,836.46875,414.5625,69.375,67.453125,False,,,,,,,,,,,,,,,
session_20260630_103628,images_ok_raw/ok_20260630_103814_000057.jpg,images_ok_raw,57,2,model,2,unripe,0.73412,weak,weak,weak/noise conf 0.73<0.85,,2,unripe,2,unripe,,,False,,,False,,0.653061,2048.0,2289.492188,0.0,0.0,0.0,1.0,942.5625,571.296875,43.609375,52.5,False,,,,,,,,,,,,,,,
session_20260630_103628,images_ok_raw/ok_20260630_103814_000057.jpg,images_ok_raw,57,3,model,3,unripe bunch,0.699254,weak,weak,weak/noise conf 0.70<0.70 tomatoes_inside 1<2,,3,unripe bunch,3,unripe bunch,,,False,,,False,,0.087203,10816.0,117836.25,0.044586,0.43949,0.484076,0.707006,691.25,383.75,402.0,293.125,False,,,,,,,,,,,,,,,
session_20260630_103628,images_ok_raw/ok_20260630_103814_000057.jpg,images_ok_raw,57,4,model,2,unripe,0.677474,weak,color_corrected,weak/noise conf 0.68<0.85 bad_color gy=0.00,unripe_to_ripe_by_mask_color,2,unripe,1,ripe,1,ripe,True,unripe_to_ripe_by_mask_color,1.0,False,,0.63,4032.0,5201.542969,0.968254,0.031746,1.0,0.0,775.5625,382.125,71.4375,72.8125,False,,,,,,,,,,,,,,,
session_20260630_103628,images_ok_raw/ok_20260630_103814_000057.jpg,images_ok_raw,57,5,model,2,unripe,0.635223,weak,weak,weak/noise conf 0.64<0.85,,2,unripe,2,unripe,,,False,,,False,,0.666667,3840.0,4610.420898,0.0,0.783333,0.783333,0.833333,1041.5,479.96875,73.65625,62.59375,False,,,,,,,,,,,,,,,
session_20260630_103628,images_ok_raw/ok_20260630_103814_000057.jpg,images_ok_raw,57,6,model,2,unripe,0.588889,weak,color_corrected,weak/noise conf 0.59<0.85 bad_color gy=0.00,unripe_to_ripe_by_mask_color,2,unripe,1,ripe,1,ripe,True,unripe_to_ripe_by_mask_color,0.969231,False,,0.65,4160.0,4953.718262,0.892308,0.076923,0.969231,0.0,764.296875,539.84375,70.234375,70.53125,False,,,,,,,,,,,,,,,
session_20260630_103628,images_ok_raw/ok_20260630_103814_000057.jpg,images_ok_raw,57,7,model,2,unripe,0.433981,weak,weak,weak/noise conf 0.43<0.85,,2,unripe,2,unripe,,,False,,,False,,0.740741,2560.0,3069.773438,0.0,0.05,0.05,1.0,976.140625,602.03125,45.5625,67.375,False,,,,,,,,,,,,,,,
session_20260630_103628,images_ok_raw/ok_20260630_103814_000057.jpg,images_ok_raw,57,8,model,1,ripe,0.399812,weak,weak,weak/noise conf 0.40<0.80,,1,ripe,1,ripe,,,False,,,False,,0.65,4160.0,5159.27832,0.938462,0.061538,1.0,0.015385,775.125,382.953125,71.796875,71.859375,False,,,,,,,,,,,,,,,
session_20260630_103628,images_ok_raw/ok_20260630_103814_000057.jpg,images_ok_raw,57,9,model,1,ripe,0.378459,weak,weak,weak/noise conf 0.38<0.80,,1,ripe,1,ripe,,,False,,,False,,0.583333,2688.0,3801.604004,0.952381,0.047619,1.0,0.0,703.34375,321.921875,64.382812,59.046875,False,,,,,,,,,,,,,,,
session_20260630_103628,images_ok_raw/ok_20260630_103814_000057.jpg,images_ok_raw,57,10,model,2,unripe,0.33112,weak,weak,weak/noise conf 0.33<0.85 bad_color gy=0.00,,2,unripe,2,unripe,,,False,,,False,,0.619048,2496.0,3317.882812,0.974359,0.025641,1.0,0.0,702.148438,393.4375,62.601562,53.0,False,,,,,,,,,,,,,,,
session_20260630_103628,images_ok_raw/ok_20260630_103814_000057.jpg,images_ok_raw,57,11,model,1,ripe,0.287767,noise,noise,weak/noise conf 0.29<0.80,,1,ripe,1,ripe,,,False,,,False,,0.555556,2560.0,3254.994141,0.95,0.05,1.0,0.0,702.96875,391.453125,59.65625,54.5625,False,,,,,,,,,,,,,,,
session_20260630_103628,images_ok_raw/ok_20260630_103814_000057.jpg,images_ok_raw,57,12,model,1,ripe,0.263598,noise,noise,weak/noise conf 0.26<0.80,,1,ripe,1,ripe,,,False,,,False,,0.677778,3904.0,4828.723145,0.934426,0.065574,1.0,0.0,722.9375,477.28125,68.828125,70.15625,False,,,,,,,,,,,,,,,
session_20260630_103628,images_ok_raw/ok_20260630_103814_000057.jpg,images_ok_raw,57,13,model,2,unripe,0.258325,noise,noise,weak/noise conf 0.26<0.85 roi bad_color gy=0.04,,2,unripe,2,unripe,,,False,,,False,,0.675,1728.0,1575.699463,0.538462,0.461538,1.0,0.038462,940.78125,695.890625,68.71875,22.929688,False,,,,,,,,,,,,,,,
session_20260630_103628,images_ok_raw/ok_20260630_103814_000057.jpg,images_ok_raw,57,14,model,2,unripe,0.168858,noise,noise,weak/noise conf 0.17<0.85 bad_color gy=0.05,,2,unripe,2,unripe,,,False,,,False,,0.625,2560.0,2938.395508,0.575,0.4,0.975,0.05,795.273438,251.09375,54.289062,54.125,False,,,,,,,,,,,,,,,
session_20260630_103628,images_ok_raw/ok_20260630_103835_000058.jpg,images_ok_raw,58,0,model,2,unripe,0.848973,weak,review,weak/noise conf 0.85<0.85,near_threshold_unripe_color_mask_support,2,unripe,2,unripe,,,False,,,True,near_threshold_unripe_color_mask_support,0.686869,4352.0,5337.441406,0.0,0.0,0.0,0.980769,453.734375,496.171875,61.515625,86.765625,False,,,,,,,,,,,,,,,
session_20260630_103628,images_ok_raw/ok_20260630_103835_000058.jpg,images_ok_raw,58,1,model,2,unripe,0.796925,weak,weak,weak/noise conf 0.80<0.85,,2,unripe,2,unripe,,,False,,,False,,0.761905,3072.0,3354.981934,0.0,0.0,0.0,1.0,524.09375,521.59375,62.609375,53.585938,False,,,,,,,,,,,,,,,
session_20260630_103628,images_ok_raw/ok_20260630_103835_000058.jpg,images_ok_raw,58,2,model,2,unripe,0.705785,weak,weak,weak/noise conf 0.71<0.85,,2,unripe,2,unripe,,,False,,,False,,0.611111,3520.0,4122.591309,0.0,0.0,0.0,0.944444,519.90625,585.25,57.507812,71.6875,False,,,,,,,,,,,,,,,
session_20260630_103628,images_ok_raw/ok_20260630_103835_000058.jpg,images_ok_raw,58,3,model,2,unripe,0.690977,weak,weak,weak/noise conf 0.69<0.85,,2,unripe,2,unripe,,,False,,,False,,0.584416,2880.0,3505.801514,0.0,0.0,0.0,0.96,573.789062,567.03125,46.492188,75.40625,False,,,,,,,,,,,,,,,
session_20260630_103628,images_ok_raw/ok_20260630_103835_000058.jpg,images_ok_raw,58,4,model,3,unripe bunch,0.578448,weak,weak,weak/noise conf 0.58<0.70 small_bunch_mask low_bunch_density tomatoes_inside 0<2,,3,unripe bunch,3,unripe bunch,,,False,,,False,,0.047521,1472.0,28329.65625,0.0,0.0,0.0,0.9,451.5,484.0625,165.1875,171.5,False,,,,,,,,,,,,,,,
session_20260630_103628,images_ok_raw/ok_20260630_103835_000058.jpg,images_ok_raw,58,5,model,2,unripe,0.537042,weak,weak,weak/noise conf 0.54<0.85 roi,,2,unripe,2,unripe,,,False,,,False,,0.659091,1856.0,2098.974609,0.0,0.0,0.0,0.833333,759.0625,689.875,75.46875,27.8125,False,,,,,,,,,,,,,,,
session_20260630_103628,images_ok_raw/ok_20260630_103835_000058.jpg,images_ok_raw,58,6,model,2,unripe,0.416797,weak,weak,weak/noise conf 0.42<0.85 roi,,2,unripe,2,unripe,,,False,,,False,,0.714286,2560.0,2900.368164,0.0,0.0,0.0,1.0,265.84375,0.203125,56.992188,50.890625,False,,,,,,,,,,,,,,,
session_20260630_103628,images_ok_raw/ok_20260630_103835_000058.jpg,images_ok_raw,58,7,model,2,unripe,0.416797,noise,noise,weak/noise conf 0.42<0.85 bad_color gy=0.00 tomato_sanity_failed warm=0.00 red=0.00 gy=0.00,,2,unripe,2,unripe,,,False,,,False,,0.633333,1216.0,1333.33374,0.0,0.0,0.0,0.0,461.304688,590.0625,42.539062,31.34375,False,,,,,,,,,,,,,,,
session_20260630_103628,images_ok_raw/ok_20260630_103835_000058.jpg,images_ok_raw,58,8,model,2,unripe,0.282988,noise,noise,weak/noise conf 0.28<0.85 roi,,2,unripe,2,unripe,,,False,,,False,,0.828571,1856.0,1540.030273,0.0,0.0,0.0,1.0,876.453125,686.3125,47.125,32.679688,False,,,,,,,,,,,,,,,
session_20260630_103628,images_ok_raw/ok_20260630_103835_000058.jpg,images_ok_raw,58,9,model,3,unripe bunch,0.186539,noise,noise,weak/noise conf 0.19<0.70 roi tomatoes_inside 0<2,,3,unripe bunch,3,unripe bunch,,,False,,,False,,0.25,2176.0,7583.96875,0.0,0.0,0.0,0.625,756.5625,659.75,125.875,60.25,False,,,,,,,,,,,,,,,
session_20260630_103628,images_ok_raw/ok_20260630_103836_000059.jpg,images_ok_raw,59,0,model,1,ripe,0.766291,weak,review,weak/noise conf 0.77<0.80,near_threshold_ripe_color_mask_support,1,ripe,1,ripe,,,False,,,True,near_threshold_ripe_color_mask_support,0.710744,5504.0,6543.140625,0.988095,0.0,0.988095,0.0,465.96875,342.75,85.53125,76.5,False,,,,,,,,,,,,,,,
session_20260630_103628,images_ok_raw/ok_20260630_103836_000059.jpg,images_ok_raw,59,1,model,2,unripe,0.72952,weak,weak,weak/noise conf 0.73<0.85 roi,,2,unripe,2,unripe,,,False,,,False,,0.757812,6208.0,7335.396484,0.702128,0.138298,0.840426,0.170213,297.25,657.9375,120.4375,60.90625,False,,,,,,,,,,,,,,,
session_20260630_103628,images_ok_raw/ok_20260630_103836_000059.jpg,images_ok_raw,59,2,model,2,unripe,0.665411,weak,color_corrected,weak/noise conf 0.67<0.85,unripe_to_ripe_by_mask_color,2,unripe,1,ripe,1,ripe,True,unripe_to_ripe_by_mask_color,0.818182,False,,0.643939,5440.0,6583.725586,0.792208,0.116883,0.909091,0.090909,567.625,550.25,77.171875,85.3125,False,,,,,,,,,,,,,,,
session_20260630_103628,images_ok_raw/ok_20260630_103836_000059.jpg,images_ok_raw,59,3,model,0,eripe bunch,0.657539,weak,weak,weak/noise conf 0.66<0.70 bad_color red=0.07 warm=0.28 tomatoes_inside 0<2,,0,eripe bunch,0,eripe bunch,,,False,,,False,,0.108696,18880.0,167348.4375,0.073826,0.201342,0.275168,0.449664,430.75,218.25,356.25,469.75,False,,,,,,,,,,,,,,,
session_20260630_103628,images_ok_raw/ok_20260630_103836_000059.jpg,images_ok_raw,59,4,model,2,unripe,0.581303,weak,weak,weak/noise conf 0.58<0.85,,2,unripe,2,unripe,,,False,,,False,,0.75,3456.0,3669.830322,0.0,0.0,0.0,1.0,1102.0,270.53125,56.054688,65.46875,False,,,,,,,,,,,,,,,
session_20260630_103628,images_ok_raw/ok_20260630_103836_000059.jpg,images_ok_raw,59,5,model,3,unripe bunch,0.487307,weak,weak,weak/noise conf 0.49<0.70 tomatoes_inside 0<2,,3,unripe bunch,3,unripe bunch,,,False,,,False,,0.099291,19712.0,188837.234375,0.072368,0.217105,0.289474,0.453947,418.75,191.0,365.875,516.125,False,,,,,,,,,,,,,,,
session_20260630_103628,images_ok_raw/ok_20260630_103836_000059.jpg,images_ok_raw,59,6,model,1,ripe,0.486332,weak,weak,weak/noise conf 0.49<0.80 roi,,1,ripe,1,ripe,,,False,,,False,,0.727941,6336.0,7377.324219,0.708333,0.135417,0.84375,0.166667,295.4375,657.0625,121.375,60.78125,False,,,,,,,,,,,,,,,
session_20260630_103628,images_ok_raw/ok_20260630_103836_000059.jpg,images_ok_raw,59,7,model,2,unripe,0.413004,weak,weak,weak/noise conf 0.41<0.85,,2,unripe,2,unripe,,,False,,,False,,0.569444,2624.0,3062.750977,0.0,0.0,0.0,1.0,1047.46875,254.25,49.953125,61.3125,False,,,,,,,,,,,,,,,
session_20260630_103628,images_ok_raw/ok_20260630_103836_000059.jpg,images_ok_raw,59,8,model,1,ripe,0.335459,weak,weak,weak/noise conf 0.34<0.80,,1,ripe,1,ripe,,,False,,,False,,0.444444,3072.0,5081.894531,1.0,0.0,1.0,0.0,567.03125,239.8125,63.03125,80.625,False,,,,,,,,,,,,,,,
session_20260630_103628,images_ok_raw/ok_20260630_103836_000059.jpg,images_ok_raw,59,9,model,1,ripe,0.204342,noise,noise,weak/noise conf 0.20<0.80,,1,ripe,1,ripe,,,False,,,False,,0.715385,5952.0,7104.202148,0.933333,0.033333,0.966667,0.0,439.375,205.84375,72.46875,98.03125,False,,,,,,,,,,,,,,,
session_20260630_103628,images_ok_raw/ok_20260630_103836_000059.jpg,images_ok_raw,59,10,model,1,ripe,0.187727,noise,noise,weak/noise conf 0.19<0.80,,1,ripe,1,ripe,,,False,,,False,,0.787879,4992.0,5830.980469,0.830986,0.084507,0.915493,0.084507,528.375,458.15625,68.625,84.96875,False,,,,,,,,,,,,,,,
session_20260630_103628,images_ok_raw/ok_20260630_103836_000059.jpg,images_ok_raw,59,11,model,2,unripe,0.181262,noise,noise,weak/noise conf 0.18<0.85,,2,unripe,2,unripe,,,False,,,False,,0.714286,2560.0,2755.792969,0.0,0.0,0.0,1.0,1021.765625,195.5,56.3125,48.9375,False,,,,,,,,,,,,,,,
session_20260630_103628,images_ok_raw/ok_20260630_103837_000060.jpg,images_ok_raw,60,0,model,2,unripe,0.888756,strong,strong,,,2,unripe,2,unripe,,,False,,,False,,0.606061,5120.0,6219.412109,0.0,0.0,0.0,1.0,845.375,607.21875,76.8125,80.96875,False,,,,,,,,,,,,,,,
session_20260630_103628,images_ok_raw/ok_20260630_103837_000060.jpg,images_ok_raw,60,1,model,2,unripe,0.886417,strong,color_corrected,,unripe_to_ripe_by_mask_color,2,unripe,1,ripe,1,ripe,True,unripe_to_ripe_by_mask_color,0.7881360000000001,False,,0.672222,7744.0,10152.091797,0.711864,0.186441,0.898305,0.110169,560.6875,446.3125,113.3125,89.59375,False,,,,,,,,,,,,,,,
session_20260630_103628,images_ok_raw/ok_20260630_103837_000060.jpg,images_ok_raw,60,2,model,2,unripe,0.864309,strong,strong,,,2,unripe,2,unripe,,,False,,,False,,0.702564,8768.0,11021.113281,0.0,0.076923,0.076923,0.976923,640.1875,495.5625,100.9375,109.1875,False,,,,,,,,,,,,,,,
session_20260630_103628,images_ok_raw/ok_20260630_103837_000060.jpg,images_ok_raw,60,3,model,2,unripe,0.854884,strong,color_corrected,,unripe_to_ripe_by_mask_color,2,unripe,1,ripe,1,ripe,True,unripe_to_ripe_by_mask_color,0.7023809999999999,False,,0.725,5568.0,6649.513184,0.690476,0.166667,0.857143,0.154762,832.015625,347.40625,76.734375,86.65625,False,,,,,,,,,,,,,,,
session_20260630_103628,images_ok_raw/ok_20260630_103837_000060.jpg,images_ok_raw,60,4,model,1,ripe,0.836555,strong,strong,,,1,ripe,1,ripe,,,False,,,False,,0.712121,6016.0,7692.227539,0.943182,0.045455,0.988636,0.011364,736.875,131.484375,92.3125,83.328125,False,,,,,,,,,,,,,,,
session_20260630_103628,images_ok_raw/ok_20260630_103837_000060.jpg,images_ok_raw,60,5,model,1,ripe,0.785308,weak,review,weak/noise conf 0.79<0.80,near_threshold_ripe_color_mask_support,1,ripe,1,ripe,,,False,,,True,near_threshold_ripe_color_mask_support,0.740741,5120.0,5900.354492,0.805556,0.166667,0.972222,0.027778,792.5625,254.953125,70.046875,84.234375,False,,,,,,,,,,,,,,,
session_20260630_103628,images_ok_raw/ok_20260630_103837_000060.jpg,images_ok_raw,60,6,model,2,unripe,0.713831,weak,weak,weak/noise conf 0.71<0.85,,2,unripe,2,unripe,,,False,,,False,,0.589286,2112.0,2318.286133,0.0,0.0,0.0,1.0,886.46875,497.296875,42.03125,55.15625,False,,,,,,,,,,,,,,,
session_20260630_103628,images_ok_raw/ok_20260630_103837_000060.jpg,images_ok_raw,60,7,model,2,unripe,0.695131,weak,weak,weak/noise conf 0.70<0.85,,2,unripe,2,unripe,,,False,,,False,,0.779167,11968.0,13165.107422,0.005882,0.758824,0.764706,0.358824,616.71875,326.0625,119.34375,110.3125,False,,,,,,,,,,,,,,,
session_20260630_103628,images_ok_raw/ok_20260630_103837_000060.jpg,images_ok_raw,60,8,model,3,unripe bunch,0.682574,weak,weak,weak/noise conf 0.68<0.70,,3,unripe bunch,3,unripe bunch,,,False,,,False,,0.065942,5824.0,81439.804688,0.0,0.195122,0.195122,0.841463,558.125,255.25,229.8125,354.375,False,,,,,,,,,,,,,,,
session_20260630_103628,images_ok_raw/ok_20260630_103837_000060.jpg,images_ok_raw,60,9,model,2,unripe,0.48438,weak,weak,weak/noise conf 0.48<0.85,,2,unripe,2,unripe,,,False,,,False,,0.649038,8640.0,11080.142578,0.492537,0.373134,0.865672,0.156716,567.25,263.3125,120.375,92.046875,False,,,,,,,,,,,,,,,
session_20260630_103628,images_ok_raw/ok_20260630_103837_000060.jpg,images_ok_raw,60,10,model,2,unripe,0.436862,weak,weak,weak/noise conf 0.44<0.85,,2,unripe,2,unripe,,,False,,,False,,0.666667,7168.0,9324.865234,0.0,0.018349,0.018349,0.990826,696.78125,397.5625,91.40625,102.015625,False,,,,,,,,,,,,,,,
session_20260630_103628,images_ok_raw/ok_20260630_103837_000060.jpg,images_ok_raw,60,11,model,1,ripe,0.416797,weak,weak,weak/noise conf 0.42<0.80,,1,ripe,1,ripe,,,False,,,False,,0.658654,8768.0,10943.423828,0.496296,0.37037,0.866667,0.155556,567.625,263.34375,118.1875,92.59375,False,,,,,,,,,,,,,,,
session_20260630_103628,images_ok_raw/ok_20260630_103837_000060.jpg,images_ok_raw,60,12,model,0,eripe bunch,0.372048,weak,weak,weak/noise conf 0.37<0.70 bad_color red=0.07 warm=0.35,,0,eripe bunch,0,eripe bunch,,,False,,,False,,0.142681,22208.0,149499.0,0.06599,0.279188,0.345178,0.477157,726.375,2.5,294.0,508.5,False,,,,,,,,,,,,,,,
session_20260630_103628,images_ok_raw/ok_20260630_103837_000060.jpg,images_ok_raw,60,13,model,3,unripe bunch,0.310694,weak,weak,weak/noise conf 0.31<0.70,,3,unripe bunch,3,unripe bunch,,,False,,,False,,0.135385,22528.0,161954.125,0.065,0.305,0.37,0.455,727.625,0.0,311.75,519.5,False,,,,,,,,,,,,,,,
session_20260630_103628,images_ok_raw/ok_20260630_103838_000061.jpg,images_ok_raw,61,0,model,2,unripe,0.913675,strong,strong,,,2,unripe,2,unripe,,,False,,,False,,0.65625,10752.0,14534.305664,0.0,0.044025,0.044025,1.0,640.867188,534.5625,120.820312,120.296875,False,,,,,,,,,,,,,,,
session_20260630_103628,images_ok_raw/ok_20260630_103838_000061.jpg,images_ok_raw,61,1,model,1,ripe,0.903294,strong,strong,,,1,ripe,1,ripe,,,False,,,False,,0.632653,7936.0,10051.617188,0.918699,0.065041,0.98374,0.00813,758.890625,86.5625,102.046875,98.5,False,,,,,,,,,,,,,,,
session_20260630_103628,images_ok_raw/ok_20260630_103838_000061.jpg,images_ok_raw,61,2,model,2,unripe,0.901923,strong,color_corrected,,unripe_to_ripe_by_mask_color,2,unripe,1,ripe,1,ripe,True,unripe_to_ripe_by_mask_color,0.748634,False,,0.685185,11840.0,14915.3125,0.601093,0.273224,0.874317,0.125683,546.1875,462.1875,135.59375,110.0,False,,,,,,,,,,,,,,,
session_20260630_103628,images_ok_raw/ok_20260630_103838_000061.jpg,images_ok_raw,61,3,model,2,unripe,0.887981,strong,color_corrected,,unripe_to_ripe_by_mask_color,2,unripe,1,ripe,1,ripe,True,unripe_to_ripe_by_mask_color,0.784483,False,,0.681319,7936.0,9660.46875,0.603448,0.284483,0.887931,0.103448,871.625,344.96875,92.5,104.4375,False,,,,,,,,,,,,,,,
session_20260630_103628,images_ok_raw/ok_20260630_103838_000061.jpg,images_ok_raw,61,4,model,1,ripe,0.877479,strong,strong,,,1,ripe,1,ripe,,,False,,,False,,0.797203,7296.0,8287.402344,0.813725,0.147059,0.960784,0.039216,825.203125,236.46875,84.109375,98.53125,False,,,,,,,,,,,,,,,
session_20260630_103628,images_ok_raw/ok_20260630_103838_000061.jpg,images_ok_raw,61,5,model,0,eripe bunch,0.758509,weak,weak,weak/noise bad_color red=0.07 warm=0.41,,0,eripe bunch,0,eripe bunch,,,False,,,False,,0.195238,28864.0,144568.625,0.070588,0.337255,0.407843,0.439216,746.0,0.0,275.5,524.75,False,,,,,,,,,,,,,,,
session_20260630_103628,images_ok_raw/ok_20260630_103838_000061.jpg,images_ok_raw,61,6,model,2,unripe,0.586049,weak,weak,weak/noise conf 0.59<0.85,,2,unripe,2,unripe,,,False,,,False,,0.630769,7872.0,10600.654297,0.0,0.008333,0.008333,1.0,707.179688,430.09375,109.320312,96.96875,False,,,,,,,,,,,,,,,
session_20260630_103628,images_ok_raw/ok_20260630_103838_000061.jpg,images_ok_raw,61,7,model,3,unripe bunch,0.511717,weak,weak,weak/noise conf 0.51<0.70,,3,unripe bunch,3,unripe bunch,,,False,,,False,,0.088235,11520.0,126313.171875,0.0,0.178344,0.178344,0.89172,548.0625,177.25,266.0625,474.75,False,,,,,,,,,,,,,,,
session_20260630_103628,images_ok_raw/ok_20260630_103838_000061.jpg,images_ok_raw,61,8,model,2,unripe,0.498047,weak,weak,weak/noise conf 0.50<0.85,,2,unripe,2,unripe,,,False,,,False,,0.70467,32832.0,42557.625,0.195426,0.546778,0.742204,0.357588,564.5,245.0,198.0,214.9375,False,,,,,,,,,,,,,,,
session_20260630_103628,images_ok_raw/ok_20260630_103838_000061.jpg,images_ok_raw,61,9,model,1,ripe,0.446495,weak,weak,weak/noise conf 0.45<0.80 roi,,1,ripe,1,ripe,,,False,,,False,,0.615385,3072.0,3853.217285,0.9375,0.041667,0.979167,0.0,733.65625,1.265625,94.59375,40.734375,False,,,,,,,,,,,,,,,
session_20260630_103628,images_ok_raw/ok_20260630_103838_000061.jpg,images_ok_raw,61,10,model,3,unripe bunch,0.409221,weak,weak,weak/noise conf 0.41<0.70,,3,unripe bunch,3,unripe bunch,,,False,,,False,,0.16649,30144.0,174128.5625,0.04461,0.33829,0.3829,0.468401,740.25,0.0,318.625,546.5,False,,,,,,,,,,,,,,,
session_20260630_103628,images_ok_raw/ok_20260630_103838_000061.jpg,images_ok_raw,61,11,model,1,ripe,0.286967,noise,noise,weak/noise conf 0.29<0.80,,1,ripe,1,ripe,,,False,,,False,,0.707386,15936.0,20100.617188,0.399142,0.412017,0.811159,0.236051,553.5625,244.125,168.25,119.46875,False,,,,,,,,,,,,,,,
session_20260630_103628,images_ok_raw/ok_20260630_103838_000061.jpg,images_ok_raw,61,12,model,1,ripe,0.184767,noise,noise,weak/noise conf 0.18<0.80 roi,,1,ripe,1,ripe,,,False,,,False,,0.567901,5888.0,8842.412109,0.872093,0.046512,0.918605,0.011628,734.5,1.5,204.375,43.265625,False,,,,,,,,,,,,,,,
session_20260630_103628,images_ok_raw/ok_20260630_103839_000062.jpg,images_ok_raw,62,0,model,1,ripe,0.936288,strong,strong,,,1,ripe,1,ripe,,,False,,,False,,0.788889,13632.0,15955.949219,0.818653,0.11399,0.932642,0.067358,891.96875,189.078125,115.53125,138.109375,False,,,,,,,,,,,,,,,
session_20260630_103628,images_ok_raw/ok_20260630_103839_000062.jpg,images_ok_raw,62,1,model,2,unripe,0.917305,strong,color_corrected,,unripe_to_ripe_by_mask_color,2,unripe,1,ripe,1,ripe,True,unripe_to_ripe_by_mask_color,0.792332,False,,0.729545,20544.0,25395.035156,0.648562,0.252396,0.900958,0.108626,509.6875,503.4375,169.9375,149.4375,False,,,,,,,,,,,,,,,
session_20260630_103628,images_ok_raw/ok_20260630_103839_000062.jpg,images_ok_raw,62,2,model,1,ripe,0.885629,strong,strong,,,1,ripe,1,ripe,,,False,,,False,,0.716667,13760.0,17135.8125,0.972093,0.023256,0.995349,0.004651,799.71875,1.375,145.21875,118.0,False,,,,,,,,,,,,,,,
session_20260630_103628,images_ok_raw/ok_20260630_103839_000062.jpg,images_ok_raw,62,3,model,2,unripe,0.743169,weak,color_corrected,weak/noise conf 0.74<0.85,unripe_to_ripe_by_mask_color,2,unripe,1,ripe,1,ripe,True,unripe_to_ripe_by_mask_color,0.48000000000000004,False,,0.683007,53504.0,72351.867188,0.2275,0.5625,0.79,0.31,518.75,201.0,274.125,263.9375,False,,,,,,,,,,,,,,,
session_20260630_103628,images_ok_raw/ok_20260630_103839_000062.jpg,images_ok_raw,62,4,model,2,unripe,0.732591,weak,weak,weak/noise conf 0.73<0.85,,2,unripe,2,unripe,,,False,,,False,,0.751337,17984.0,21542.603516,0.0,0.131387,0.131387,0.952555,638.8125,590.40625,167.6875,128.46875,False,,,,,,,,,,,,,,,
session_20260630_103628,images_ok_raw/ok_20260630_103839_000062.jpg,images_ok_raw,62,5,model,3,unripe bunch,0.656659,weak,weak,weak/noise conf 0.66<0.70,,3,unripe bunch,3,unripe bunch,,,False,,,False,,0.150345,44608.0,291580.3125,0.009009,0.372372,0.381381,0.513514,796.25,0.0,483.75,602.75,False,,,,,,,,,,,,,,,
session_20260630_103628,images_ok_raw/ok_20260630_103839_000062.jpg,images_ok_raw,62,6,model,2,unripe,0.574633,weak,weak,weak/noise conf 0.57<0.85,,2,unripe,2,unripe,,,False,,,False,,0.761905,12288.0,13463.953125,0.0,0.0,0.0,1.0,1175.09375,470.625,103.96875,129.5,False,,,,,,,,,,,,,,,
session_20260630_103628,images_ok_raw/ok_20260630_103839_000062.jpg,images_ok_raw,62,7,model,2,unripe,0.566978,weak,color_corrected,weak/noise conf 0.57<0.85,unripe_to_ripe_by_mask_color,2,unripe,1,ripe,1,ripe,True,unripe_to_ripe_by_mask_color,0.681416,False,,0.733746,15168.0,18701.453125,0.575221,0.261062,0.836283,0.154867,955.90625,339.75,128.78125,145.21875,False,,,,,,,,,,,,,,,
session_20260630_103628,images_ok_raw/ok_20260630_103839_000062.jpg,images_ok_raw,62,8,model,2,unripe,0.558327,weak,weak,weak/noise conf 0.56<0.85,,2,unripe,2,unripe,,,False,,,False,,0.678571,18240.0,24331.083984,0.0,0.003663,0.003663,1.0,723.375,444.46875,156.1875,155.78125,False,,,,,,,,,,,,,,,
session_20260630_103628,images_ok_raw/ok_20260630_103839_000062.jpg,images_ok_raw,62,9,model,1,ripe,0.437823,weak,weak,weak/noise conf 0.44<0.80,,1,ripe,1,ripe,,,False,,,False,,0.736842,15232.0,18450.695312,0.572687,0.264317,0.837004,0.154185,955.640625,340.4375,128.296875,143.8125,False,,,,,,,,,,,,,,,
session_20260630_103628,images_ok_raw/ok_20260630_103839_000062.jpg,images_ok_raw,62,10,model,0,eripe bunch,0.290175,noise,noise,weak/noise conf 0.29<0.70 bad_color red=0.01 warm=0.36,,0,eripe bunch,0,eripe bunch,,,False,,,False,,0.136745,43776.0,317055.125,0.009404,0.351097,0.360502,0.529781,796.5,0.0,483.5,655.75,False,,,,,,,,,,,,,,,
session_20260630_103628,images_ok_raw/ok_20260630_103839_000062.jpg,images_ok_raw,62,11,model,3,unripe bunch,0.201813,noise,noise,weak/noise conf 0.20<0.70,,3,unripe bunch,3,unripe bunch,,,False,,,False,,0.064664,36096.0,548079.1875,0.0,0.137168,0.137168,0.935841,112.75,14.5,783.25,699.75,False,,,,,,,,,,,,,,,
session_20260630_103628,images_ok_raw/ok_20260630_103840_000063.jpg,images_ok_raw,63,0,model,1,ripe,0.90731,strong,strong,,,1,ripe,1,ripe,,,False,,,False,,0.739766,16192.0,19579.054688,0.877049,0.057377,0.934426,0.069672,489.9375,2.1875,142.75,137.15625,False,,,,,,,,,,,,,,,
session_20260630_103628,images_ok_raw/ok_20260630_103840_000063.jpg,images_ok_raw,63,1,model,1,ripe,0.865223,strong,strong,,,1,ripe,1,ripe,,,False,,,False,,0.762963,13184.0,15138.922852,0.803109,0.145078,0.948187,0.067358,591.1875,210.125,112.609375,134.4375,False,,,,,,,,,,,,,,,
session_20260630_103628,images_ok_raw/ok_20260630_103840_000063.jpg,images_ok_raw,63,2,model,2,unripe,0.769078,weak,color_corrected,weak/noise conf 0.77<0.85,unripe_to_ripe_by_mask_color,2,unripe,1,ripe,1,ripe,True,unripe_to_ripe_by_mask_color,0.756923,False,,0.740909,20864.0,25842.320312,0.633846,0.252308,0.886154,0.129231,217.46875,531.96875,172.03125,150.21875,False,,,,,,,,,,,,,,,
session_20260630_103628,images_ok_raw/ok_20260630_103840_000063.jpg,images_ok_raw,63,3,model,2,unripe,0.769078,weak,weak,weak/noise conf 0.77<0.85,,2,unripe,2,unripe,,,False,,,False,,0.793651,12800.0,14789.329102,0.0,0.14,0.14,0.965,359.125,625.03125,156.65625,94.40625,False,,,,,,,,,,,,,,,
session_20260630_103628,images_ok_raw/ok_20260630_103840_000063.jpg,images_ok_raw,63,4,model,1,ripe,0.720171,weak,weak,weak/noise conf 0.72<0.80,,1,ripe,1,ripe,,,False,,,False,,0.697059,15168.0,19045.382812,0.598253,0.227074,0.825328,0.174672,657.5,349.5625,127.875,148.9375,False,,,,,,,,,,,,,,,
session_20260630_103628,images_ok_raw/ok_20260630_103840_000063.jpg,images_ok_raw,63,5,model,2,unripe,0.68342,weak,color_corrected,weak/noise conf 0.68<0.85,unripe_to_ripe_by_mask_color,2,unripe,1,ripe,1,ripe,True,unripe_to_ripe_by_mask_color,0.528895,False,,0.685714,52224.0,73006.992188,0.231156,0.580402,0.811558,0.282663,212.875,226.5,273.5625,266.875,False,,,,,,,,,,,,,,,
session_20260630_103628,images_ok_raw/ok_20260630_103840_000063.jpg,images_ok_raw,63,6,model,3,unripe bunch,0.564099,weak,weak,weak/noise conf 0.56<0.70,,3,unripe bunch,3,unripe bunch,,,False,,,False,,0.150064,45120.0,295402.5,0.002558,0.352941,0.355499,0.560102,476.25,0.0,427.5,691.0,False,,,,,,,,,,,,,,,
session_20260630_103628,images_ok_raw/ok_20260630_103840_000063.jpg,images_ok_raw,63,7,model,2,unripe,0.433981,weak,weak,weak/noise conf 0.43<0.85,,2,unripe,2,unripe,,,False,,,False,,0.702941,15296.0,18908.554688,0.595652,0.230435,0.826087,0.178261,658.0,350.25,127.25,148.59375,False,,,,,,,,,,,,,,,
session_20260630_103628,images_ok_raw/ok_20260630_103840_000063.jpg,images_ok_raw,63,8,model,3,unripe bunch,0.181842,noise,noise,weak/noise conf 0.18<0.70 tomatoes_inside 0<2,,3,unripe bunch,3,unripe bunch,,,False,,,False,,0.098027,31168.0,310083.25,0.002336,0.14486,0.147196,0.922897,21.0,166.125,569.875,544.125,False,,,,,,,,,,,,,,,
session_20260630_103628,images_ok_raw/ok_20260630_103840_000063.jpg,images_ok_raw,63,9,model,0,eripe bunch,0.17385,noise,noise,weak/noise conf 0.17<0.70 bad_color red=0.00 warm=0.34,,0,eripe bunch,0,eripe bunch,,,False,,,False,,0.089268,45248.0,501016.875,0.002577,0.332474,0.335052,0.585052,482.5,0.0,716.25,699.5,False,,,,,,,,,,,,,,,
session_20260630_103628,images_ok_raw/ok_20260630_103840_000063.jpg,images_ok_raw,63,10,model,2,unripe,0.168311,noise,noise,weak/noise conf 0.17<0.85,,2,unripe,2,unripe,,,False,,,False,,0.684807,19328.0,25077.855469,0.0,0.02069,0.02069,0.97931,431.75,447.3125,156.1875,160.5625,False,,,,,,,,,,,,,,,
session_20260630_103628,images_ok_raw/ok_20260630_103841_000064.jpg,images_ok_raw,64,0,model,1,ripe,0.907964,strong,strong,,,1,ripe,1,ripe,,,False,,,False,,0.718954,14080.0,18019.019531,0.958904,0.03653,0.995434,0.0,482.3125,300.5,138.375,130.21875,False,,,,,,,,,,,,,,,
session_20260630_103628,images_ok_raw/ok_20260630_103841_000064.jpg,images_ok_raw,64,1,model,1,ripe,0.890292,strong,strong,,,1,ripe,1,ripe,,,False,,,False,,0.762963,13184.0,15393.757812,0.778351,0.154639,0.93299,0.072165,581.007812,498.5625,113.554688,135.5625,False,,,,,,,,,,,,,,,
session_20260630_103628,images_ok_raw/ok_20260630_103841_000064.jpg,images_ok_raw,64,2,model,1,ripe,0.837621,strong,strong,,,1,ripe,1,ripe,,,False,,,False,,0.752381,15168.0,19436.625,0.889362,0.06383,0.953192,0.017021,434.875,72.6875,117.0,166.125,False,,,,,,,,,,,,,,,
session_20260630_103628,images_ok_raw/ok_20260630_103841_000064.jpg,images_ok_raw,64,3,model,0,eripe bunch,0.777976,strong,strong,,,0,eripe bunch,0,eripe bunch,,,False,,,False,,0.156894,56512.0,196186.1875,0.063098,0.365201,0.428298,0.443595,414.100006,27.772503,301.237518,651.267456,False,supported_by_ripe_singles,,,,,,,,,,,,,,
session_20260630_103628,images_ok_raw/ok_20260630_103841_000064.jpg,images_ok_raw,64,4,model,2,unripe,0.655778,weak,color_corrected,weak/noise conf 0.66<0.85,unripe_to_ripe_by_mask_color,2,unripe,1,ripe,1,ripe,True,unripe_to_ripe_by_mask_color,0.633334,False,,0.754121,35136.0,42862.734375,0.387037,0.453704,0.840741,0.207407,205.5,519.4375,215.59375,198.8125,False,,,,,,,,,,,,,,,
session_20260630_103628,images_ok_raw/ok_20260630_103841_000064.jpg,images_ok_raw,64,5,model,1,ripe,0.633411,weak,weak,weak/noise conf 0.63<0.80,,1,ripe,1,ripe,,,False,,,False,,0.631773,32832.0,49044.023438,0.547945,0.399217,0.947162,0.072407,1.625,500.5,223.5625,219.375,False,,,,,,,,,,,,,,,
session_20260630_103628,images_ok_raw/ok_20260630_103841_000064.jpg,images_ok_raw,64,6,model,1,ripe,0.611382,weak,weak,weak/noise conf 0.61<0.80,,1,ripe,1,ripe,,,False,,,False,,0.618056,5696.0,6706.126465,0.898876,0.078652,0.977528,0.033708,694.6875,311.46875,57.640625,116.34375,False,,,,,,,,,,,,,,,
session_20260630_103628,images_ok_raw/ok_20260630_103841_000064.jpg,images_ok_raw,64,7,model,1,ripe,0.540924,weak,weak,weak/noise conf 0.54<0.80,,1,ripe,1,ripe,,,False,,,False,,0.73489,34240.0,42370.109375,0.397338,0.442966,0.840304,0.207224,205.375,519.0625,213.25,198.6875,False,,,,,,,,,,,,,,,
session_20260630_103628,images_ok_raw/ok_20260630_103841_000064.jpg,images_ok_raw,64,8,model,2,unripe,0.532182,weak,color_corrected,weak/noise conf 0.53<0.85,unripe_to_ripe_by_mask_color,2,unripe,1,ripe,1,ripe,True,unripe_to_ripe_by_mask_color,0.38582600000000006,False,,0.748663,8960.0,10654.176758,0.393701,0.307087,0.700787,0.314961,650.71875,636.46875,128.21875,83.09375,False,,,,,,,,,,,,,,,
session_20260630_103628,images_ok_raw/ok_20260630_103841_000064.jpg,images_ok_raw,64,9,model,1,ripe,0.500977,weak,weak,weak/noise conf 0.50<0.80,,1,ripe,1,ripe,,,False,,,False,,0.6,12096.0,16573.464844,0.643617,0.085106,0.728723,0.292553,646.25,111.875,107.9375,153.546875,False,,,,,,,,,,,,,,,
session_20260630_103628,images_ok_raw/ok_20260630_103841_000064.jpg,images_ok_raw,64,10,model,1,ripe,0.282196,noise,noise,weak/noise conf 0.28<0.80,,1,ripe,1,ripe,,,False,,,False,,0.759358,9088.0,10406.628906,0.390625,0.304688,0.695312,0.320312,650.8125,638.21875,127.46875,81.640625,False,,,,,,,,,,,,,,,
session_20260630_103628,images_ok_raw/ok_20260630_103842_000065.jpg,images_ok_raw,65,0,model,1,ripe,0.913057,strong,strong,,,1,ripe,1,ripe,,,False,,,False,,0.738562,14464.0,18245.441406,0.964286,0.026786,0.991071,0.0,476.375,561.3125,136.75,133.421875,False,,,,,,,,,,,,,,,
session_20260630_103628,images_ok_raw/ok_20260630_103842_000065.jpg,images_ok_raw,65,1,model,1,ripe,0.849971,strong,strong,,,1,ripe,1,ripe,,,False,,,False,,0.703125,14400.0,17865.039062,0.90625,0.058036,0.964286,0.004464,431.875,346.6875,114.0625,156.625,False,,,,,,,,,,,,,,,
session_20260630_103628,images_ok_raw/ok_20260630_103842_000065.jpg,images_ok_raw,65,2,model,1,ripe,0.81048,strong,strong,,,1,ripe,1,ripe,,,False,,,False,,0.680556,12544.0,15951.310547,0.719101,0.106742,0.825843,0.129213,625.25,398.03125,122.4375,130.28125,False,,,,,,,,,,,,,,,
session_20260630_103628,images_ok_raw/ok_20260630_103842_000065.jpg,images_ok_raw,65,3,model,1,ripe,0.690977,weak,weak,weak/noise conf 0.69<0.80,,1,ripe,1,ripe,,,False,,,False,,0.804688,6592.0,7480.177734,0.833333,0.088235,0.921569,0.088235,689.375,571.5,62.140625,120.375,False,,,,,,,,,,,,,,,
session_20260630_103628,images_ok_raw/ok_20260630_103842_000065.jpg,images_ok_raw,65,4,model,0,eripe bunch,0.684265,weak,weak,weak/noise conf 0.68<0.70,,0,eripe bunch,0,eripe bunch,,,False,,,False,,0.169147,21824.0,124313.4375,0.09434,0.396226,0.490566,0.349057,434.0,335.75,332.5,373.875,False,,,,,,,,,,,,,,,
session_20260630_103628,images_ok_raw/ok_20260630_103843_000066.jpg,images_ok_raw,66,0,model,2,unripe,0.894052,strong,strong,,,2,unripe,2,unripe,,,False,,,False,,0.638655,9728.0,12704.499023,0.0,0.0,0.0,1.0,943.46875,160.25,121.03125,104.96875,False,,,,,,,,,,,,,,,
session_20260630_103628,images_ok_raw/ok_20260630_103843_000066.jpg,images_ok_raw,66,1,model,2,unripe,0.865223,strong,strong,,,2,unripe,2,unripe,,,False,,,False,,0.705882,9984.0,12345.957031,0.0,0.0,0.0,1.0,1035.28125,240.1875,95.9375,128.6875,False,,,,,,,,,,,,,,,
session_20260630_103628,images_ok_raw/ok_20260630_103843_000066.jpg,images_ok_raw,66,2,model,3,unripe bunch,0.864767,strong,strong,,,3,unripe bunch,3,unripe bunch,,,False,,,False,,0.069666,12288.0,52706.28125,0.0,0.039604,0.039604,1.0,928.44873,143.559998,217.790039,242.005005,False,supported_by_unripe_singles,,,,,,,,,,,,,,
session_20260630_103628,images_ok_raw/ok_20260630_103843_000066.jpg,images_ok_raw,66,3,model,2,unripe,0.894791,weak,color_corrected,weak/noise bad_color gy=0.04,unripe_to_ripe_by_mask_color,2,unripe,1,ripe,1,ripe,True,unripe_to_ripe_by_mask_color,0.95858,False,,0.722222,10816.0,13973.894531,0.39645,0.60355,1.0,0.04142,891.8125,32.03125,135.875,102.84375,False,,,,,,,,,,,,,,,
session_20260630_103628,images_ok_raw/ok_20260630_103843_000066.jpg,images_ok_raw,66,4,model,2,unripe,0.796925,weak,weak,weak/noise conf 0.80<0.85,,2,unripe,2,unripe,,,False,,,False,,0.705128,7040.0,8106.556641,0.0,0.0,0.0,1.0,1133.6875,323.125,84.90625,95.476562,False,,,,,,,,,,,,,,,
session_20260630_103628,images_ok_raw/ok_20260630_103843_000066.jpg,images_ok_raw,66,5,model,2,unripe,0.796925,weak,weak,weak/noise conf 0.80<0.85,,2,unripe,2,unripe,,,False,,,False,,0.575,4416.0,6125.15625,0.0,0.134328,0.134328,0.925373,880.65625,110.75,91.25,67.125,False,,,,,,,,,,,,,,,
session_20260630_103628,images_ok_raw/ok_20260630_103843_000066.jpg,images_ok_raw,66,6,model,1,ripe,0.656659,weak,weak,weak/noise conf 0.66<0.80 roi,,1,ripe,1,ripe,,,False,,,False,,0.666667,4480.0,5597.430176,1.0,0.0,1.0,0.0,821.75,1.640625,111.84375,50.046875,False,,,,,,,,,,,,,,,
session_20260630_103628,images_ok_raw/ok_20260630_103843_000066.jpg,images_ok_raw,66,7,model,2,unripe,0.339827,weak,weak,weak/noise conf 0.34<0.85,,2,unripe,2,unripe,,,False,,,False,,0.690476,7424.0,8850.822266,0.0,0.0,0.0,1.0,412.90625,446.171875,88.21875,100.328125,False,,,,,,,,,,,,,,,
session_20260630_103628,images_ok_raw/ok_20260630_103844_000067.jpg,images_ok_raw,67,0,model,2,unripe,0.897698,strong,strong,,,2,unripe,2,unripe,,,False,,,False,,0.65625,9408.0,12148.262695,0.0,0.0,0.0,1.0,851.375,161.5,116.6875,104.109375,False,,,,,,,,,,,,,,,
session_20260630_103628,images_ok_raw/ok_20260630_103844_000067.jpg,images_ok_raw,67,1,model,2,unripe,0.896254,weak,color_corrected,weak/noise bad_color gy=0.05,unripe_to_ripe_by_mask_color,2,unripe,1,ripe,1,ripe,True,unripe_to_ripe_by_mask_color,0.9411769999999999,False,,0.726496,10880.0,13741.523438,0.258824,0.735294,0.994118,0.052941,799.875,33.125,135.71875,101.25,False,,,,,,,,,,,,,,,
session_20260630_103628,images_ok_raw/ok_20260630_103844_000067.jpg,images_ok_raw,67,2,model,3,unripe bunch,0.885233,weak,weak,weak/noise tomatoes_inside 1<2,,3,unripe bunch,3,unripe bunch,,,False,,,False,,0.101816,18304.0,172213.609375,0.0,0.021622,0.021622,0.983784,733.375,0.75,411.625,418.375,False,,,,,,,,,,,,,,,
session_20260630_103628,images_ok_raw/ok_20260630_103844_000067.jpg,images_ok_raw,67,3,model,2,unripe,0.844924,weak,review,weak/noise conf 0.84<0.85,near_threshold_unripe_color_mask_support,2,unripe,2,unripe,,,False,,,True,near_threshold_unripe_color_mask_support,0.696833,9856.0,12062.695312,0.0,0.0,0.0,1.0,943.6875,240.375,91.90625,131.25,False,,,,,,,,,,,,,,,
session_20260630_103628,images_ok_raw/ok_20260630_103844_000067.jpg,images_ok_raw,67,4,model,2,unripe,0.812868,weak,review,weak/noise conf 0.81<0.85,near_threshold_unripe_color_mask_support,2,unripe,2,unripe,,,False,,,True,near_threshold_unripe_color_mask_support,0.638889,4416.0,6146.435547,0.0,0.115942,0.115942,0.913043,787.59375,112.398438,91.34375,67.289062,False,,,,,,,,,,,,,,,
session_20260630_103628,images_ok_raw/ok_20260630_103844_000067.jpg,images_ok_raw,67,5,model,2,unripe,0.794385,weak,weak,weak/noise conf 0.79<0.85,,2,unripe,2,unripe,,,False,,,False,,0.72028,6592.0,7751.481934,0.0,0.0,0.0,1.0,1042.4375,325.3125,84.0625,92.210938,False,,,,,,,,,,,,,,,
session_20260630_103628,images_ok_raw/ok_20260630_103844_000067.jpg,images_ok_raw,67,6,model,1,ripe,0.685108,weak,weak,weak/noise conf 0.69<0.80 roi,,1,ripe,1,ripe,,,False,,,False,,0.704762,4736.0,5667.002441,0.945946,0.054054,1.0,0.0,730.53125,1.78125,111.90625,50.640625,False,,,,,,,,,,,,,,,
session_20260630_103628,images_ok_raw/ok_20260630_103844_000067.jpg,images_ok_raw,67,7,model,2,unripe,0.637933,weak,weak,weak/noise conf 0.64<0.85,,2,unripe,2,unripe,,,False,,,False,,0.660714,7104.0,8969.15625,0.0,0.0,0.0,1.0,324.5,449.21875,87.0,103.09375,False,,,,,,,,,,,,,,,
session_20260630_103628,images_ok_raw/ok_20260630_103844_000067.jpg,images_ok_raw,67,8,model,2,unripe,0.223376,noise,noise,weak/noise conf 0.22<0.85 roi bad_color gy=0.00,,2,unripe,2,unripe,,,False,,,False,,0.704762,4736.0,5587.171875,0.945946,0.054054,1.0,0.0,731.125,0.875,111.1875,50.25,False,,,,,,,,,,,,,,,
session_20260630_103628,images_ok_raw/ok_20260630_103845_000068.jpg,images_ok_raw,68,0,model,2,unripe,0.932944,strong,strong,,,2,unripe,2,unripe,,,False,,,False,,0.664706,14464.0,18843.398438,0.0,0.0,0.0,1.0,599.4375,121.3125,146.25,128.84375,False,,,,,,,,,,,,,,,
session_20260630_103628,images_ok_raw/ok_20260630_103845_000068.jpg,images_ok_raw,68,1,model,2,unripe,0.90123,weak,color_corrected,weak/noise bad_color gy=0.02,unripe_to_ripe_by_mask_color,2,unripe,1,ripe,1,ripe,True,unripe_to_ripe_by_mask_color,0.9684219999999999,False,,0.719697,12160.0,14670.583984,0.284211,0.7,0.984211,0.015789,533.6875,1.8125,166.0625,88.34375,False,,,,,,,,,,,,,,,
session_20260630_103628,images_ok_raw/ok_20260630_103845_000068.jpg,images_ok_raw,68,2,model,3,unripe bunch,0.870599,weak,weak,weak/noise tomatoes_inside 1<2,,3,unripe bunch,3,unripe bunch,,,False,,,False,,0.127273,24192.0,184515.3125,0.0,0.033613,0.033613,0.991597,511.5,0.0,432.5,426.625,False,,,,,,,,,,,,,,,
session_20260630_103628,images_ok_raw/ok_20260630_103845_000068.jpg,images_ok_raw,68,3,model,2,unripe,0.834406,weak,review,weak/noise conf 0.83<0.85,near_threshold_unripe_color_mask_support,2,unripe,2,unripe,,,False,,,True,near_threshold_unripe_color_mask_support,0.711538,9472.0,11223.842773,0.0,0.0,0.0,1.0,834.375,319.8125,99.90625,112.34375,False,,,,,,,,,,,,,,,
session_20260630_103628,images_ok_raw/ok_20260630_103845_000068.jpg,images_ok_raw,68,4,model,2,unripe,0.763481,weak,weak,weak/noise conf 0.76<0.85,,2,unripe,2,unripe,,,False,,,False,,0.613333,5888.0,8803.998047,0.0,0.097826,0.097826,0.967391,518.1875,65.03125,111.53125,78.9375,False,,,,,,,,,,,,,,,
session_20260630_103628,images_ok_raw/ok_20260630_103845_000068.jpg,images_ok_raw,68,5,model,2,unripe,0.731057,weak,weak,weak/noise conf 0.73<0.85,,2,unripe,2,unripe,,,False,,,False,,0.735119,15808.0,18785.066406,0.0,0.0,0.0,1.0,710.4375,214.5,119.1875,157.609375,False,,,,,,,,,,,,,,,
session_20260630_103628,images_ok_raw/ok_20260630_103845_000068.jpg,images_ok_raw,68,6,model,3,unripe bunch,0.567937,weak,weak,weak/noise conf 0.57<0.70 tomatoes_inside 1<2,,3,unripe bunch,3,unripe bunch,,,False,,,False,,0.08751,28925.722656,326848.5,0.0,0.028461,0.028461,0.990944,530.200012,6.325,565.799988,577.674988,False,,,,,,,,,,,,,,,
session_20260630_103628,images_ok_raw/ok_20260630_103846_000069.jpg,images_ok_raw,69,0,model,2,unripe,0.933432,strong,strong,,,2,unripe,2,unripe,,,False,,,False,,0.671827,13888.0,18539.886719,0.0,0.0,0.0,1.0,595.5625,297.757812,145.5625,127.367188,False,,,,,,,,,,,,,,,
session_20260630_103628,images_ok_raw/ok_20260630_103846_000069.jpg,images_ok_raw,69,1,model,3,unripe bunch,0.918776,strong,strong,,,3,unripe bunch,3,unripe bunch,,,False,,,False,,0.123074,36800.0,76426.296875,0.0,0.036545,0.036545,0.976744,577.212524,277.948425,266.074951,287.235962,False,supported_by_unripe_singles,,,,,,,,,,,,,,
session_20260630_103628,images_ok_raw/ok_20260630_103846_000069.jpg,images_ok_raw,69,2,model,2,unripe,0.861536,strong,strong,,,2,unripe,2,unripe,,,False,,,False,,0.690625,14144.0,17330.009766,0.0,0.0,0.0,1.0,710.40625,394.0625,114.53125,151.3125,False,,,,,,,,,,,,,,,
session_20260630_103628,images_ok_raw/ok_20260630_103846_000069.jpg,images_ok_raw,69,3,model,1,ripe,0.849971,strong,strong,,,1,ripe,1,ripe,,,False,,,False,,0.652941,14208.0,19513.699219,0.941441,0.054054,0.995495,0.0,443.296875,42.8125,150.703125,129.484375,False,,,,,,,,,,,,,,,
session_20260630_103628,images_ok_raw/ok_20260630_103846_000069.jpg,images_ok_raw,69,4,model,2,unripe,0.912434,weak,color_corrected,weak/noise bad_color gy=0.04,unripe_to_ripe_by_mask_color,2,unripe,1,ripe,1,ripe,True,unripe_to_ripe_by_mask_color,0.955285,False,,0.691877,15808.0,20422.021484,0.300813,0.699187,1.0,0.044715,530.8125,143.6875,162.96875,125.3125,False,,,,,,,,,,,,,,,
session_20260630_103628,images_ok_raw/ok_20260630_103846_000069.jpg,images_ok_raw,69,5,model,2,unripe,0.831142,weak,review,weak/noise conf 0.83<0.85,near_threshold_unripe_color_mask_support,2,unripe,2,unripe,,,False,,,True,near_threshold_unripe_color_mask_support,0.521212,5504.0,8138.818848,0.0,0.104651,0.104651,0.953488,517.84375,243.921875,106.28125,76.578125,False,,,,,,,,,,,,,,,
session_20260630_103628,images_ok_raw/ok_20260630_103846_000069.jpg,images_ok_raw,69,6,model,2,unripe,0.827826,weak,review,weak/noise conf 0.83<0.85,near_threshold_unripe_color_mask_support,2,unripe,2,unripe,,,False,,,True,near_threshold_unripe_color_mask_support,0.804762,10816.0,12468.494141,0.0,0.0,0.0,1.0,825.5,490.90625,108.6875,114.71875,False,,,,,,,,,,,,,,,
session_20260630_103628,images_ok_raw/ok_20260630_103846_000069.jpg,images_ok_raw,69,7,model,1,ripe,0.486332,weak,weak,weak/noise conf 0.49<0.80 roi,,1,ripe,1,ripe,,,False,,,False,,0.6,1152.0,1284.631348,0.888889,0.111111,1.0,0.0,545.65625,1.132812,77.34375,16.609375,False,,,,,,,,,,,,,,,
session_20260630_103628,images_ok_raw/ok_20260630_103846_000069.jpg,images_ok_raw,69,8,model,2,unripe,0.449392,weak,weak,weak/noise conf 0.45<0.85 roi,,2,unripe,2,unripe,,,False,,,False,,0.71875,2944.0,3672.241699,0.0,0.0,0.0,1.0,0.0,656.617188,57.9375,63.382812,False,,,,,,,,,,,,,,,
session_20260630_103628,images_ok_raw/ok_20260630_103846_000069.jpg,images_ok_raw,69,9,model,1,ripe,0.196209,noise,noise,weak/noise conf 0.20<0.80,,1,ripe,1,ripe,,,False,,,False,,0.726471,47424.0,61505.9375,0.0,0.357022,0.357022,0.725888,0.0,158.125,271.25,226.75,False,,,,,,,,,,,,,,,
session_20260630_103628,images_ok_raw/ok_20260630_103847_000070.jpg,images_ok_raw,70,0,model,1,ripe,0.928923,strong,strong,,,1,ripe,1,ripe,,,False,,,False,,0.68254,16512.0,21264.361328,0.968992,0.031008,1.0,0.0,516.0,79.84375,163.140625,130.34375,False,,,,,,,,,,,,,,,
session_20260630_103628,images_ok_raw/ok_20260630_103847_000070.jpg,images_ok_raw,70,1,model,2,unripe,0.919646,strong,strong,,,2,unripe,2,unripe,,,False,,,False,,0.679739,13312.0,16876.462891,0.0,0.0,0.0,1.0,593.34375,486.890625,135.84375,124.234375,False,,,,,,,,,,,,,,,
session_20260630_103628,images_ok_raw/ok_20260630_103847_000070.jpg,images_ok_raw,70,2,model,1,ripe,0.918483,strong,strong,,,1,ripe,1,ripe,,,False,,,False,,0.681115,14080.0,18456.533203,0.9,0.090909,0.990909,0.0,441.5,229.84375,145.9375,126.46875,False,,,,,,,,,,,,,,,
session_20260630_103628,images_ok_raw/ok_20260630_103847_000070.jpg,images_ok_raw,70,3,model,3,unripe bunch,0.899478,strong,strong,,,3,unripe bunch,3,unripe bunch,,,False,,,False,,0.146307,32960.0,218770.453125,0.004292,0.11588,0.120172,0.927039,440.75,61.5,349.125,626.625,False,,,,,,,,,,,,,,,
session_20260630_103628,images_ok_raw/ok_20260630_103847_000070.jpg,images_ok_raw,70,4,model,2,unripe,0.920793,weak,color_corrected,weak/noise bad_color gy=0.04,unripe_to_ripe_by_mask_color,2,unripe,1,ripe,1,ripe,True,unripe_to_ripe_by_mask_color,0.958159,False,,0.746875,15296.0,19030.375,0.297071,0.698745,0.995816,0.037657,528.0625,335.007812,159.34375,119.429688,False,,,,,,,,,,,,,,,
session_20260630_103628,images_ok_raw/ok_20260630_103847_000070.jpg,images_ok_raw,70,5,model,2,unripe,0.849971,weak,review,weak/noise conf 0.85<0.85,near_threshold_unripe_color_mask_support,2,unripe,2,unripe,,,False,,,True,near_threshold_unripe_color_mask_support,0.55,6336.0,9614.746094,0.0,0.083333,0.083333,0.9375,511.6875,421.15625,109.375,87.90625,False,,,,,,,,,,,,,,,
session_20260630_103628,images_ok_raw/ok_20260630_103848_000071.jpg,images_ok_raw,71,0,model,1,ripe,0.928923,strong,strong,,,1,ripe,1,ripe,,,False,,,False,,0.674923,13952.0,18536.169922,0.931193,0.068807,1.0,0.0,441.125,229.96875,145.703125,127.21875,False,,,,,,,,,,,,,,,
session_20260630_103628,images_ok_raw/ok_20260630_103848_000071.jpg,images_ok_raw,71,1,model,1,ripe,0.92736,strong,strong,,,1,ripe,1,ripe,,,False,,,False,,0.708683,16192.0,21356.171875,0.98419,0.01581,1.0,0.0,515.25,80.21875,163.453125,130.65625,False,,,,,,,,,,,,,,,
session_20260630_103628,images_ok_raw/ok_20260630_103848_000071.jpg,images_ok_raw,71,2,model,2,unripe,0.917305,strong,strong,,,2,unripe,2,unripe,,,False,,,False,,0.711806,13120.0,16813.607422,0.0,0.0,0.0,1.0,593.71875,488.070312,136.84375,122.867188,False,,,,,,,,,,,,,,,
session_20260630_103628,images_ok_raw/ok_20260630_103848_000071.jpg,images_ok_raw,71,3,model,3,unripe bunch,0.896254,strong,strong,,,3,unripe bunch,3,unripe bunch,,,False,,,False,,0.150158,33472.0,213855.0,0.020661,0.14876,0.169421,0.876033,442.25,61.75,336.25,636.0,False,,,,,,,,,,,,,,,
session_20260630_103628,images_ok_raw/ok_20260630_103848_000071.jpg,images_ok_raw,71,4,model,2,unripe,0.929948,weak,color_corrected,weak/noise bad_color gy=0.06,unripe_to_ripe_by_mask_color,2,unripe,1,ripe,1,ripe,True,unripe_to_ripe_by_mask_color,0.9297529999999999,False,,0.72619,15616.0,19354.058594,0.330579,0.661157,0.991736,0.061983,527.375,334.882812,160.625,120.492188,False,,,,,,,,,,,,,,,
session_20260630_103628,images_ok_raw/ok_20260630_103848_000071.jpg,images_ok_raw,71,5,model,2,unripe,0.721743,weak,weak,weak/noise conf 0.72<0.85,,2,unripe,2,unripe,,,False,,,False,,0.564935,5568.0,8895.981445,0.0,0.081395,0.081395,0.965116,512.125,426.40625,108.28125,82.15625,False,,,,,,,,,,,,,,,
session_20260630_103628,images_ok_raw/ok_20260630_103848_000071.jpg,images_ok_raw,71,6,model,2,unripe,0.213377,noise,noise,weak/noise conf 0.21<0.85 roi,,2,unripe,2,unripe,,,False,,,False,,0.511364,5760.0,9949.984375,0.0,0.870588,0.870588,0.141176,0.0,529.8125,58.507812,170.0625,False,,,,,,,,,,,,,,,
session_20260630_103628,images_ok_raw/ok_20260630_103848_000071.jpg,images_ok_raw,71,7,model,2,unripe,0.191932,noise,noise,weak/noise conf 0.19<0.85,,2,unripe,2,unripe,,,False,,,False,,0.809028,14912.0,16508.371094,0.0,0.0,0.0,1.0,706.789062,577.6875,117.523438,140.46875,False,,,,,,,,,,,,,,,
session_20260630_103628,images_ok_raw/ok_20260630_103849_000072.jpg,images_ok_raw,72,0,model,1,ripe,0.92523,strong,strong,,,1,ripe,1,ripe,,,False,,,False,,0.71256,18880.0,24222.552734,0.966102,0.027119,0.99322,0.00339,379.625,366.28125,178.640625,135.59375,False,,,,,,,,,,,,,,,
session_20260630_103628,images_ok_raw/ok_20260630_103849_000072.jpg,images_ok_raw,72,1,model,2,unripe,0.871477,strong,color_corrected,,unripe_to_ripe_by_mask_color,2,unripe,1,ripe,1,ripe,True,unripe_to_ripe_by_mask_color,0.8851680000000001,False,,0.83004,13440.0,15284.077148,0.4689,0.516746,0.985646,0.100478,386.0625,634.671875,181.3125,84.296875,False,,,,,,,,,,,,,,,
session_20260630_103628,images_ok_raw/ok_20260630_103849_000072.jpg,images_ok_raw,72,2,model,3,unripe bunch,0.784649,strong,strong,,,3,unripe bunch,3,unripe bunch,,,False,,,False,,0.137872,15424.0,108721.78125,0.0,0.196429,0.196429,0.857143,293.125,353.625,296.75,366.375,False,,,,,,,,,,,,,,,
session_20260630_103628,images_ok_raw/ok_20260630_103849_000072.jpg,images_ok_raw,72,3,model,2,unripe,0.879973,weak,color_corrected,weak/noise bad_color gy=0.00,unripe_to_ripe_by_mask_color,2,unripe,1,ripe,1,ripe,True,unripe_to_ripe_by_mask_color,0.992337,False,,0.654135,16704.0,23175.171875,0.900383,0.091954,0.992337,0.0,297.125,518.34375,165.5,140.03125,False,,,,,,,,,,,,,,,
session_20260630_103628,images_ok_raw/ok_20260630_103852_000073.jpg,images_ok_raw,73,0,model,2,unripe,0.806853,weak,color_corrected,weak/noise conf 0.81<0.85 bad_color gy=0.04,unripe_to_ripe_by_mask_color,2,unripe,1,ripe,1,ripe,True,unripe_to_ripe_by_mask_color,0.9368420000000001,False,,0.659722,6080.0,7153.162598,0.705263,0.273684,0.978947,0.042105,663.40625,256.78125,81.15625,88.140625,False,,,,,,,,,,,,,,,
session_20260630_103628,images_ok_raw/ok_20260630_103852_000073.jpg,images_ok_raw,73,1,model,3,unripe bunch,0.802556,weak,weak,weak/noise tomatoes_inside 0<2,,3,unripe bunch,3,unripe bunch,,,False,,,False,,0.104472,16448.0,151147.734375,0.0,0.018433,0.018433,0.995392,487.75,242.75,318.625,474.375,False,,,,,,,,,,,,,,,
session_20260630_103628,images_ok_raw/ok_20260630_103852_000073.jpg,images_ok_raw,73,2,model,2,unripe,0.796925,weak,weak,weak/noise conf 0.80<0.85,,2,unripe,2,unripe,,,False,,,False,,0.722222,15808.0,18689.476562,0.0,0.0,0.0,1.0,334.875,281.125,138.3125,135.125,False,,,,,,,,,,,,,,,
session_20260630_103628,images_ok_raw/ok_20260630_103852_000073.jpg,images_ok_raw,73,3,model,2,unripe,0.740176,weak,weak,weak/noise conf 0.74<0.85,,2,unripe,2,unripe,,,False,,,False,,0.685897,6848.0,7968.154297,0.0,0.367925,0.367925,0.962264,646.375,347.828125,85.007812,93.734375,False,,,,,,,,,,,,,,,
session_20260630_103628,images_ok_raw/ok_20260630_103852_000073.jpg,images_ok_raw,73,4,model,2,unripe,0.720171,weak,weak,weak/noise conf 0.72<0.85,,2,unripe,2,unripe,,,False,,,False,,0.622222,3584.0,4178.160156,0.0,0.0,0.0,1.0,773.96875,615.234375,64.140625,65.140625,False,,,,,,,,,,,,,,,
session_20260630_103628,images_ok_raw/ok_20260630_103852_000073.jpg,images_ok_raw,73,5,model,2,unripe,0.620622,weak,weak,weak/noise conf 0.62<0.85,,2,unripe,2,unripe,,,False,,,False,,0.746032,3008.0,3267.974854,0.0,0.0,0.0,1.0,739.34375,574.1875,50.703125,64.453125,False,,,,,,,,,,,,,,,
session_20260630_103628,images_ok_raw/ok_20260630_103852_000073.jpg,images_ok_raw,73,6,model,2,unripe,0.588889,weak,weak,weak/noise conf 0.59<0.85,,2,unripe,2,unripe,,,False,,,False,,0.738462,9216.0,11042.587891,0.0,0.04,0.04,1.0,376.5,398.8125,118.578125,93.125,False,,,,,,,,,,,,,,,
session_20260630_103628,images_ok_raw/ok_20260630_103852_000073.jpg,images_ok_raw,73,7,model,2,unripe,0.527317,weak,weak,weak/noise conf 0.53<0.85,,2,unripe,2,unripe,,,False,,,False,,0.736111,6784.0,7747.675781,0.0,0.0,0.0,1.0,525.328125,494.15625,89.828125,86.25,False,,,,,,,,,,,,,,,
session_20260630_103628,images_ok_raw/ok_20260630_103852_000073.jpg,images_ok_raw,73,8,model,2,unripe,0.27591,noise,noise,weak/noise conf 0.28<0.85 roi,,2,unripe,2,unripe,,,False,,,False,,0.691358,3584.0,4126.411133,0.0,0.0,0.0,1.0,828.328125,654.3125,65.046875,63.4375,False,,,,,,,,,,,,,,,
session_20260630_103628,images_ok_raw/ok_20260630_103852_000073.jpg,images_ok_raw,73,9,model,3,unripe bunch,0.215351,noise,noise,weak/noise conf 0.22<0.70 low_bunch_density tomatoes_inside 0<2,,3,unripe bunch,3,unripe bunch,,,False,,,False,,0.043896,4096.0,86824.460938,0.0,0.0,0.0,1.0,490.875,509.875,422.375,205.5625,False,,,,,,,,,,,,,,,
session_20260630_103628,images_ok_raw/ok_20260630_103852_000073.jpg,images_ok_raw,73,10,model,2,unripe,0.180106,noise,noise,weak/noise conf 0.18<0.85 roi,,2,unripe,2,unripe,,,False,,,False,,0.703704,2432.0,2600.259521,0.0,0.0,0.0,1.0,617.96875,678.59375,65.53125,39.679688,False,,,,,,,,,,,,,,,
session_20260630_103628,images_ok_raw/ok_20260630_103853_000074.jpg,images_ok_raw,74,0,model,2,unripe,0.857766,strong,strong,,,2,unripe,2,unripe,,,False,,,False,,0.734072,16960.0,21002.625,0.0,0.0,0.0,1.0,326.25,192.375,142.875,147.0,False,,,,,,,,,,,,,,,
session_20260630_103628,images_ok_raw/ok_20260630_103853_000074.jpg,images_ok_raw,74,1,model,2,unripe,0.827826,weak,color_corrected,weak/noise conf 0.83<0.85 bad_color gy=0.05,unripe_to_ripe_by_mask_color,2,unripe,1,ripe,1,ripe,True,unripe_to_ripe_by_mask_color,0.945055,False,,0.69697,5888.0,6840.480469,0.802198,0.197802,1.0,0.054945,665.96875,180.0,79.65625,85.875,False,,,,,,,,,,,,,,,
session_20260630_103628,images_ok_raw/ok_20260630_103853_000074.jpg,images_ok_raw,74,2,model,2,unripe,0.771842,weak,weak,weak/noise conf 0.77<0.85,,2,unripe,2,unripe,,,False,,,False,,0.780303,6592.0,7673.009766,0.0,0.0,0.0,1.0,504.71875,331.34375,86.0625,89.15625,False,,,,,,,,,,,,,,,
session_20260630_103628,images_ok_raw/ok_20260630_103853_000074.jpg,images_ok_raw,74,3,model,2,unripe,0.660173,weak,weak,weak/noise conf 0.66<0.85,,2,unripe,2,unripe,,,False,,,False,,0.756944,6976.0,8202.664062,0.0,0.0,0.0,1.0,522.078125,414.875,93.046875,88.15625,False,,,,,,,,,,,,,,,
session_20260630_103628,images_ok_raw/ok_20260630_103853_000074.jpg,images_ok_raw,74,4,model,2,unripe,0.482429,weak,weak,weak/noise conf 0.48<0.85,,2,unripe,2,unripe,,,False,,,False,,0.818182,6912.0,7693.032715,0.0,0.361111,0.361111,0.972222,650.0,275.9375,84.859375,90.65625,False,,,,,,,,,,,,,,,
session_20260630_103628,images_ok_raw/ok_20260630_103853_000074.jpg,images_ok_raw,74,5,model,2,unripe,0.38122,weak,weak,weak/noise conf 0.38<0.85,,2,unripe,2,unripe,,,False,,,False,,0.71875,8832.0,9506.254883,0.0,0.0,0.0,1.0,383.5625,325.046875,112.5625,84.453125,False,,,,,,,,,,,,,,,
session_20260630_103628,images_ok_raw/ok_20260630_103853_000074.jpg,images_ok_raw,74,6,model,2,unripe,0.208179,noise,noise,weak/noise conf 0.21<0.85,,2,unripe,2,unripe,,,False,,,False,,0.716049,3712.0,4617.59375,0.0,0.0,0.0,1.0,825.25,577.15625,66.5,69.4375,False,,,,,,,,,,,,,,,
session_20260630_103628,images_ok_raw/ok_20260630_103853_000074.jpg,images_ok_raw,74,7,model,3,unripe bunch,0.150527,noise,noise,weak/noise conf 0.15<0.70 tomatoes_inside 0<2,,3,unripe bunch,3,unripe bunch,,,False,,,False,,0.104478,14336.0,131898.21875,0.0,0.023256,0.023256,0.988372,522.375,171.75,250.28125,527.0,False,,,,,,,,,,,,,,,
session_20260630_103628,images_ok_raw/ok_20260630_103856_000075.jpg,images_ok_raw,75,0,model,2,unripe,0.887981,weak,color_corrected,weak/noise bad_color gy=0.08,unripe_to_ripe_by_mask_color,2,unripe,1,ripe,1,ripe,True,unripe_to_ripe_by_mask_color,0.884956,False,,0.678571,7296.0,8341.21582,0.707965,0.256637,0.964602,0.079646,631.65625,271.5625,85.46875,97.59375,False,,,,,,,,,,,,,,,
session_20260630_103628,images_ok_raw/ok_20260630_103856_000075.jpg,images_ok_raw,75,1,model,3,unripe bunch,0.786623,weak,weak,weak/noise tomatoes_inside 0<2,,3,unripe bunch,3,unripe bunch,,,False,,,False,,0.112805,16576.0,142381.375,0.0,0.014286,0.014286,0.990476,446.625,272.375,318.4375,447.125,False,,,,,,,,,,,,,,,
session_20260630_103628,images_ok_raw/ok_20260630_103856_000075.jpg,images_ok_raw,75,2,model,2,unripe,0.785308,weak,weak,weak/noise conf 0.79<0.85,,2,unripe,2,unripe,,,False,,,False,,0.74359,7424.0,8632.099609,0.0,0.469565,0.469565,0.973913,611.4375,376.328125,93.875,91.953125,False,,,,,,,,,,,,,,,
session_20260630_103628,images_ok_raw/ok_20260630_103856_000075.jpg,images_ok_raw,75,3,model,2,unripe,0.670608,weak,weak,weak/noise conf 0.67<0.85,,2,unripe,2,unripe,,,False,,,False,,0.717949,7168.0,8397.240234,0.0,0.0,0.0,1.0,456.421875,430.875,88.015625,95.40625,False,,,,,,,,,,,,,,,
session_20260630_103628,images_ok_raw/ok_20260630_103856_000075.jpg,images_ok_raw,75,4,model,2,unripe,0.548674,weak,weak,weak/noise conf 0.55<0.85,,2,unripe,2,unripe,,,False,,,False,,0.692308,6912.0,8625.741211,0.0,0.0,0.0,1.0,480.6875,518.78125,92.71875,93.03125,False,,,,,,,,,,,,,,,
session_20260630_103628,images_ok_raw/ok_20260630_103856_000075.jpg,images_ok_raw,75,5,model,2,unripe,0.457137,weak,weak,weak/noise conf 0.46<0.85 roi,,2,unripe,2,unripe,,,False,,,False,,0.636364,1792.0,1966.936523,0.0,0.0,0.0,1.0,628.53125,693.578125,77.5625,25.359375,False,,,,,,,,,,,,,,,
session_20260630_103628,images_ok_raw/ok_20260630_103856_000075.jpg,images_ok_raw,75,6,model,2,unripe,0.284576,noise,noise,weak/noise conf 0.28<0.85 roi,,2,unripe,2,unripe,,,False,,,False,,0.761364,4288.0,4442.990234,0.0,0.0,0.0,1.0,550.8125,659.78125,74.59375,59.5625,False,,,,,,,,,,,,,,,
session_20260630_103628,images_ok_raw/ok_20260630_103856_000075.jpg,images_ok_raw,75,7,model,2,unripe,0.284576,noise,noise,weak/noise conf 0.28<0.85 roi,,2,unripe,2,unripe,,,False,,,False,,0.771429,1728.0,1861.538574,0.0,0.0,0.0,1.0,249.390625,683.53125,54.203125,34.34375,False,,,,,,,,,,,,,,,
session_20260630_103628,images_ok_raw/ok_20260630_103856_000075.jpg,images_ok_raw,75,8,model,2,unripe,0.280616,noise,noise,weak/noise conf 0.28<0.85,,2,unripe,2,unripe,,,False,,,False,,0.758242,8832.0,9253.089844,0.0,0.0,0.0,1.0,605.6875,477.34375,92.9375,99.5625,False,,,,,,,,,,,,,,,
session_20260630_103628,images_ok_raw/ok_20260630_103856_000075.jpg,images_ok_raw,75,9,model,2,unripe,0.201813,noise,noise,weak/noise conf 0.20<0.85 roi,,2,unripe,2,unripe,,,False,,,False,,0.725,3712.0,4184.511719,0.0,0.0,0.0,1.0,743.3125,657.3125,70.070312,59.71875,False,,,,,,,,,,,,,,,
session_20260630_103628,images_ok_raw/ok_20260630_103856_000075.jpg,images_ok_raw,75,10,model,2,unripe,0.19498,noise,noise,weak/noise conf 0.19<0.85,,2,unripe,2,unripe,,,False,,,False,,0.78125,3200.0,3343.491211,0.0,0.0,0.0,1.0,707.46875,612.25,56.609375,59.0625,False,,,,,,,,,,,,,,,
session_20260630_103628,images_ok_raw/ok_20260630_103901_000076.jpg,images_ok_raw,76,0,model,2,unripe,0.842865,weak,review,weak/noise conf 0.84<0.85,near_threshold_unripe_color_mask_support,2,unripe,2,unripe,,,False,,,True,near_threshold_unripe_color_mask_support,0.767857,11008.0,12960.34082,0.0,0.0,0.0,1.0,294.6875,305.53125,118.664062,109.21875,False,,,,,,,,,,,,,,,
session_20260630_103628,images_ok_raw/ok_20260630_103901_000076.jpg,images_ok_raw,76,1,model,2,unripe,0.721743,weak,weak,weak/noise conf 0.72<0.85,,2,unripe,2,unripe,,,False,,,False,,0.612245,1920.0,2084.072266,0.0,0.0,0.0,1.0,705.375,292.421875,47.03125,44.3125,False,,,,,,,,,,,,,,,
session_20260630_103628,images_ok_raw/ok_20260630_103901_000076.jpg,images_ok_raw,76,2,model,1,ripe,0.553505,weak,weak,weak/noise conf 0.55<0.80,,1,ripe,1,ripe,,,False,,,False,,0.780952,10496.0,11988.804688,0.78882,0.186335,0.975155,0.024845,515.421875,117.8125,105.890625,113.21875,False,,,,,,,,,,,,,,,
session_20260630_103628,images_ok_raw/ok_20260630_103901_000076.jpg,images_ok_raw,76,3,model,2,unripe,0.530236,weak,weak,weak/noise conf 0.53<0.85,,2,unripe,2,unripe,,,False,,,False,,0.745536,10688.0,12125.585938,0.0,0.478788,0.478788,0.957576,487.375,242.8125,113.125,107.1875,False,,,,,,,,,,,,,,,
session_20260630_103628,images_ok_raw/ok_20260630_103901_000076.jpg,images_ok_raw,76,4,model,2,unripe,0.408277,weak,weak,weak/noise conf 0.41<0.85 bad_color gy=0.02,,2,unripe,2,unripe,,,False,,,False,,0.780952,10496.0,11929.386719,0.78882,0.186335,0.975155,0.024845,515.09375,117.8125,105.5625,113.007812,False,,,,,,,,,,,,,,,
session_20260630_103628,images_ok_raw/ok_20260630_103901_000076.jpg,images_ok_raw,76,5,model,3,unripe bunch,0.397938,weak,weak,weak/noise conf 0.40<0.70 tomatoes_inside 0<2,,3,unripe bunch,3,unripe bunch,,,False,,,False,,0.066741,19264.0,280501.59375,0.0,0.011952,0.011952,0.984064,287.75,69.25,431.375,650.25,False,,,,,,,,,,,,,,,
session_20260630_103628,images_ok_raw/ok_20260630_103901_000076.jpg,images_ok_raw,76,6,model,2,unripe,0.359365,weak,weak,weak/noise conf 0.36<0.85,,2,unripe,2,unripe,,,False,,,False,,0.8,1536.0,1683.932739,0.0,0.0,0.0,1.0,688.1875,328.800781,39.09375,43.074219,False,,,,,,,,,,,,,,,
session_20260630_103628,images_ok_raw/ok_20260630_103901_000076.jpg,images_ok_raw,76,7,model,2,unripe,0.302392,weak,weak,weak/noise conf 0.30<0.85 roi,,2,unripe,2,unripe,,,False,,,False,,0.666667,896.0,842.861572,0.0,0.0,0.0,1.0,743.453125,700.480469,43.6875,19.292969,False,,,,,,,,,,,,,,,
session_20260630_103628,images_ok_raw/ok_20260630_103901_000076.jpg,images_ok_raw,76,8,model,2,unripe,0.187727,noise,noise,weak/noise conf 0.19<0.85,,2,unripe,2,unripe,,,False,,,False,,0.675,5184.0,6304.609375,0.0,0.0,0.0,1.0,740.125,612.0,74.171875,85.0,False,,,,,,,,,,,,,,,
session_20260630_103628,images_ok_raw/ok_20260630_103901_000076.jpg,images_ok_raw,76,9,model,2,unripe,0.174412,noise,noise,weak/noise conf 0.17<0.85,,2,unripe,2,unripe,,,False,,,False,,0.68718,8576.0,10284.183594,0.0,0.0,0.0,1.0,353.867188,407.3125,94.757812,108.53125,False,,,,,,,,,,,,,,,
session_20260630_103628,images_ok_raw/ok_20260630_103905_000077.jpg,images_ok_raw,77,0,model,2,unripe,0.865223,strong,strong,,,2,unripe,2,unripe,,,False,,,False,,0.704545,21824.0,26808.310547,0.0,0.0,0.0,1.0,423.40625,310.4375,164.53125,162.9375,False,,,,,,,,,,,,,,,
session_20260630_103628,images_ok_raw/ok_20260630_103907_000078.jpg,images_ok_raw,78,0,model,2,unripe,0.867036,strong,strong,,,2,unripe,2,unripe,,,False,,,False,,0.679167,10432.0,13033.849609,0.0,0.428571,0.428571,0.975155,223.578125,313.5625,108.984375,119.59375,False,,,,,,,,,,,,,,,
session_20260630_103628,images_ok_raw/ok_20260630_103907_000078.jpg,images_ok_raw,78,1,model,2,unripe,0.723309,weak,weak,weak/noise conf 0.72<0.85,,2,unripe,2,unripe,,,False,,,False,,0.714286,1920.0,1889.53125,0.0,0.0,0.0,1.0,445.65625,372.125,43.5,43.4375,False,,,,,,,,,,,,,,,
session_20260630_103628,images_ok_raw/ok_20260630_103907_000078.jpg,images_ok_raw,78,2,model,1,ripe,0.706595,weak,weak,weak/noise conf 0.71<0.80,,1,ripe,1,ripe,,,False,,,False,,0.715556,10304.0,12230.478516,0.735849,0.238994,0.974843,0.025157,245.3125,196.8125,107.34375,113.9375,False,,,,,,,,,,,,,,,
session_20260630_103628,images_ok_raw/ok_20260630_103907_000078.jpg,images_ok_raw,78,3,model,2,unripe,0.670608,weak,weak,weak/noise conf 0.67<0.85,,2,unripe,2,unripe,,,False,,,False,,0.628099,4864.0,5789.068359,0.0,0.0,0.0,1.0,412.765625,638.03125,76.046875,76.125,False,,,,,,,,,,,,,,,
session_20260630_103628,images_ok_raw/ok_20260630_103907_000078.jpg,images_ok_raw,78,4,model,3,unripe bunch,0.631595,weak,weak,weak/noise conf 0.63<0.70 tomatoes_inside 1<2,,3,unripe bunch,3,unripe bunch,,,False,,,False,,0.175134,33536.0,183397.5,0.0,0.011792,0.011792,0.995283,23.75,180.0,339.625,540.0,False,,,,,,,,,,,,,,,
session_20260630_103628,images_ok_raw/ok_20260630_103907_000078.jpg,images_ok_raw,78,5,model,2,unripe,0.414899,weak,weak,weak/noise conf 0.41<0.85 roi,,2,unripe,2,unripe,,,False,,,False,,0.769231,2560.0,2601.946289,0.0,0.0,0.0,1.0,254.8125,690.445312,94.5625,27.515625,False,,,,,,,,,,,,,,,
session_20260630_103628,images_ok_raw/ok_20260630_103907_000078.jpg,images_ok_raw,78,6,model,2,unripe,0.373875,weak,weak,weak/noise conf 0.37<0.85 roi,,2,unripe,2,unripe,,,False,,,False,,0.78,2496.0,2123.6521,0.0,0.0,0.0,1.0,476.90625,687.46875,70.84375,29.976562,False,,,,,,,,,,,,,,,
session_20260630_103628,images_ok_raw/ok_20260630_103907_000078.jpg,images_ok_raw,78,7,model,2,unripe,0.327669,weak,weak,weak/noise conf 0.33<0.85 roi,,2,unripe,2,unripe,,,False,,,False,,0.777778,5824.0,6077.10498,0.0,0.0,0.0,1.0,157.96875,651.375,90.09375,67.453125,False,,,,,,,,,,,,,,,
session_20260630_103628,images_ok_raw/ok_20260630_103907_000078.jpg,images_ok_raw,78,8,model,2,unripe,0.289371,noise,noise,weak/noise conf 0.29<0.85 bad_color gy=0.03,,2,unripe,2,unripe,,,False,,,False,,0.766667,10304.0,11805.9375,0.735849,0.238994,0.974843,0.025157,246.78125,197.09375,105.0,112.4375,False,,,,,,,,,,,,,,,
session_20260630_103628,images_ok_raw/ok_20260630_103907_000078.jpg,images_ok_raw,78,9,model,2,unripe,0.27048,noise,noise,weak/noise conf 0.27<0.85 roi,,2,unripe,2,unripe,,,False,,,False,,0.722222,2496.0,2954.894287,0.0,0.037037,0.037037,0.555556,352.8125,675.117188,66.789062,44.242188,False,,,,,,,,,,,,,,,
session_20260630_103628,images_ok_raw/ok_20260630_103907_000078.jpg,images_ok_raw,78,10,model,2,unripe,0.212069,noise,noise,weak/noise conf 0.21<0.85,,2,unripe,2,unripe,,,False,,,False,,0.773333,11136.0,12981.982422,0.0,0.0,0.0,1.0,217.34375,442.265625,111.03125,116.921875,False,,,,,,,,,,,,,,,
session_20260630_103628,images_ok_raw/ok_20260630_103907_000078.jpg,images_ok_raw,78,11,model,2,unripe,0.16398,noise,noise,weak/noise conf 0.16<0.85,,2,unripe,2,unripe,,,False,,,False,,0.725,11136.0,13874.321289,0.0,0.0,0.0,1.0,24.0625,381.96875,123.15625,112.65625,False,,,,,,,,,,,,,,,
session_20260630_103628,images_ok_raw/ok_20260630_103907_000078.jpg,images_ok_raw,78,12,model,2,unripe,0.153547,noise,noise,weak/noise conf 0.15<0.85,,2,unripe,2,unripe,,,False,,,False,,0.642857,1728.0,1787.758911,0.0,0.0,0.0,1.0,419.03125,409.816406,45.335938,39.433594,False,,,,,,,,,,,,,,,
session_20260630_103628,images_ok_raw/ok_20260630_103908_000079.jpg,images_ok_raw,79,0,model,2,unripe,0.823327,weak,review,weak/noise conf 0.82<0.85,near_threshold_unripe_color_mask_support,2,unripe,2,unripe,,,False,,,True,near_threshold_unripe_color_mask_support,0.785714,10560.0,11891.496094,0.0,0.503106,0.503106,0.906832,623.0,610.328125,110.25,107.859375,False,,,,,,,,,,,,,,,
session_20260630_103628,images_ok_raw/ok_20260630_103908_000079.jpg,images_ok_raw,79,1,model,1,ripe,0.786623,weak,review,weak/noise conf 0.79<0.80,near_threshold_ripe_color_mask_support,1,ripe,1,ripe,,,False,,,True,near_threshold_ripe_color_mask_support,0.742857,9984.0,11765.43457,0.831169,0.155844,0.987013,0.012987,648.15625,492.375,104.84375,112.21875,False,,,,,,,,,,,,,,,
session_20260630_103628,images_ok_raw/ok_20260630_103908_000079.jpg,images_ok_raw,79,2,model,2,unripe,0.737159,weak,weak,weak/noise conf 0.74<0.85,,2,unripe,2,unripe,,,False,,,False,,0.77551,2432.0,2500.305908,0.0,0.0,0.0,1.0,833.8125,655.40625,51.585938,48.46875,False,,,,,,,,,,,,,,,
session_20260630_103628,images_ok_raw/ok_20260630_103908_000079.jpg,images_ok_raw,79,3,model,2,unripe,0.533155,weak,weak,weak/noise conf 0.53<0.85 roi,,2,unripe,2,unripe,,,False,,,False,,0.6875,4224.0,5230.738281,0.0,0.0,0.0,1.0,430.1875,675.984375,119.859375,43.640625,False,,,,,,,,,,,,,,,
session_20260630_103628,images_ok_raw/ok_20260630_103908_000079.jpg,images_ok_raw,79,4,model,2,unripe,0.445529,weak,weak,weak/noise conf 0.45<0.85,,2,unripe,2,unripe,,,False,,,False,,0.825397,3328.0,3527.821289,0.0,0.0,0.0,1.0,788.5,593.90625,65.453125,53.898438,False,,,,,,,,,,,,,,,
session_20260630_103628,images_ok_raw/ok_20260630_103908_000079.jpg,images_ok_raw,79,5,model,2,unripe,0.314892,weak,weak,weak/noise conf 0.31<0.85 roi,,2,unripe,2,unripe,,,False,,,False,,0.678571,1216.0,1083.627686,0.0,0.0,0.0,1.0,866.125,695.234375,46.84375,23.132812,False,,,,,,,,,,,,,,,
session_20260630_103628,images_ok_raw/ok_20260630_103908_000079.jpg,images_ok_raw,79,6,model,2,unripe,0.166134,noise,noise,weak/noise conf 0.17<0.85 roi,,2,unripe,2,unripe,,,False,,,False,,0.829545,4672.0,5208.242188,0.0,0.0,0.0,1.0,0.0,658.296875,85.25,61.09375,False,,,,,,,,,,,,,,,
session_20260630_103628,images_ok_raw/ok_20260630_103909_000080.jpg,images_ok_raw,80,0,model,1,ripe,0.928406,strong,strong,,,1,ripe,1,ripe,,,False,,,False,,0.784211,19072.0,22622.734375,0.822148,0.174497,0.996644,0.010067,667.5625,12.25,145.953125,155.0,False,,,,,,,,,,,,,,,
session_20260630_103628,images_ok_raw/ok_20260630_103909_000080.jpg,images_ok_raw,80,1,model,3,unripe bunch,0.634317,weak,weak,weak/noise conf 0.63<0.70 low_bunch_density tomatoes_inside 1<2,,3,unripe bunch,3,unripe bunch,,,False,,,False,,0.034243,12288.0,357565.40625,0.0,0.05,0.05,0.983333,337.0,8.25,502.375,711.75,False,,,,,,,,,,,,,,,
session_20260630_103628,images_ok_raw/ok_20260630_103909_000080.jpg,images_ok_raw,80,2,model,2,unripe,0.419648,weak,weak,weak/noise conf 0.42<0.85,,2,unripe,2,unripe,,,False,,,False,,0.688312,20352.0,25060.957031,0.0,0.0,0.0,1.0,367.9375,263.015625,162.75,153.984375,False,,,,,,,,,,,,,,,
session_20260630_103628,images_ok_raw/ok_20260630_103909_000080.jpg,images_ok_raw,80,3,model,2,unripe,0.418697,weak,weak,weak/noise conf 0.42<0.85 roi,,2,unripe,2,unripe,,,False,,,False,,0.769231,2560.0,2562.660156,0.0,0.0,0.0,1.0,709.875,689.78125,94.015625,27.257812,False,,,,,,,,,,,,,,,
session_20260630_103628,images_ok_raw/ok_20260630_103909_000080.jpg,images_ok_raw,80,4,model,2,unripe,0.266644,noise,noise,weak/noise conf 0.27<0.85,,2,unripe,2,unripe,,,False,,,False,,0.722222,13312.0,16517.830078,0.0,0.0,0.0,1.0,203.8125,126.84375,136.6875,120.84375,False,,,,,,,,,,,,,,,
session_20260630_103628,images_ok_raw/ok_20260630_103909_000080.jpg,images_ok_raw,80,5,model,2,unripe,0.240777,noise,noise,weak/noise conf 0.24<0.85,,2,unripe,2,unripe,,,False,,,False,,0.730952,19648.0,23803.462891,0.0,0.506536,0.506536,0.905229,636.03125,181.9375,152.28125,156.3125,False,,,,,,,,,,,,,,,
session_20260630_103628,images_ok_raw/ok_20260630_103909_000080.jpg,images_ok_raw,80,6,model,2,unripe,0.157653,noise,noise,weak/noise conf 0.16<0.85,,2,unripe,2,unripe,,,False,,,False,,0.663399,12992.0,16929.808594,0.0,0.0,0.0,1.0,662.0625,564.3125,124.3125,136.1875,False,,,,,,,,,,,,,,,
session_20260630_103628,images_ok_raw/ok_20260630_103910_000081.jpg,images_ok_raw,81,0,model,1,ripe,0.92136,strong,strong,,,1,ripe,1,ripe,,,False,,,False,,0.7289,18240.0,22400.0,0.736842,0.263158,1.0,0.003509,675.0,0.125,175.0,128.0,False,,,,,,,,,,,,,,,
session_20260630_103628,images_ok_raw/ok_20260630_103910_000081.jpg,images_ok_raw,81,1,model,2,unripe,0.834406,weak,review,weak/noise conf 0.83<0.85,near_threshold_unripe_color_mask_support,2,unripe,2,unripe,,,False,,,True,near_threshold_unripe_color_mask_support,0.775362,27392.0,33059.445312,0.0,0.521226,0.521226,0.966981,635.5625,141.125,180.40625,183.25,False,,,,,,,,,,,,,,,
session_20260630_103628,images_ok_raw/ok_20260630_103910_000081.jpg,images_ok_raw,81,2,model,2,unripe,0.773215,weak,weak,weak/noise conf 0.77<0.85,,2,unripe,2,unripe,,,False,,,False,,0.809917,25088.0,30031.794922,0.0,0.0,0.0,1.0,338.4375,242.25,173.40625,173.1875,False,,,,,,,,,,,,,,,
session_20260630_103628,images_ok_raw/ok_20260630_103910_000081.jpg,images_ok_raw,81,3,model,2,unripe,0.558327,weak,weak,weak/noise conf 0.56<0.85,,2,unripe,2,unripe,,,False,,,False,,0.735294,16000.0,18993.488281,0.0,0.0,0.0,1.0,330.15625,87.0625,150.40625,126.28125,False,,,,,,,,,,,,,,,
session_20260630_103628,images_ok_raw/ok_20260630_103910_000081.jpg,images_ok_raw,81,4,model,2,unripe,0.508788,weak,weak,weak/noise conf 0.51<0.85,,2,unripe,2,unripe,,,False,,,False,,0.687371,21248.0,26997.427734,0.0,0.0,0.0,1.0,411.9375,414.828125,156.125,172.921875,False,,,,,,,,,,,,,,,
session_20260630_103628,images_ok_raw/ok_20260630_103910_000081.jpg,images_ok_raw,81,5,model,2,unripe,0.453262,weak,weak,weak/noise conf 0.45<0.85,,2,unripe,2,unripe,,,False,,,False,,0.759399,19392.0,23529.060547,0.0,0.0,0.0,1.0,129.59375,76.125,161.78125,145.4375,False,,,,,,,,,,,,,,,
session_20260630_103628,images_ok_raw/ok_20260630_103910_000081.jpg,images_ok_raw,81,6,model,2,unripe,0.150029,noise,noise,weak/noise conf 0.15<0.85,,2,unripe,2,unripe,,,False,,,False,,0.777778,17920.0,20728.175781,0.0,0.0,0.0,1.0,658.75,582.125,150.921875,137.34375,False,,,,,,,,,,,,,,,
session_20260630_103628,images_ok_raw/ok_20260630_103912_000082.jpg,images_ok_raw,82,0,model,2,unripe,0.822188,weak,review,weak/noise conf 0.82<0.85,near_threshold_unripe_color_mask_support,2,unripe,2,unripe,,,False,,,True,near_threshold_unripe_color_mask_support,0.715415,23168.0,29182.21875,0.0,0.0,0.0,1.0,887.34375,264.625,170.65625,171.0,False,,,,,,,,,,,,,,,
session_20260630_103628,images_ok_raw/ok_20260630_103912_000082.jpg,images_ok_raw,82,1,model,2,unripe,0.619701,weak,weak,weak/noise conf 0.62<0.85,,2,unripe,2,unripe,,,False,,,False,,0.738782,29504.0,36120.742188,0.0,0.0,0.0,1.0,679.75,279.90625,182.6875,197.71875,False,,,,,,,,,,,,,,,
session_20260630_103628,images_ok_raw/ok_20260630_103912_000082.jpg,images_ok_raw,82,2,model,2,unripe,0.587943,weak,weak,weak/noise conf 0.59<0.85,,2,unripe,2,unripe,,,False,,,False,,0.709402,10624.0,14383.84375,0.0,0.0,0.0,1.0,282.125,0.84375,202.65625,70.976562,False,,,,,,,,,,,,,,,
session_20260630_103628,images_ok_raw/ok_20260630_103912_000082.jpg,images_ok_raw,82,3,model,2,unripe,0.538013,weak,weak,weak/noise conf 0.54<0.85,,2,unripe,2,unripe,,,False,,,False,,0.705104,23872.0,31410.871094,0.0,0.0,0.0,1.0,503.84375,385.875,172.46875,182.125,False,,,,,,,,,,,,,,,
session_20260630_103628,images_ok_raw/ok_20260630_103912_000082.jpg,images_ok_raw,82,4,model,2,unripe,0.485356,weak,weak,weak/noise conf 0.49<0.85,,2,unripe,2,unripe,,,False,,,False,,0.80057,35968.0,43744.703125,0.0,0.0,0.0,1.0,632.875,1.78125,213.8125,204.59375,False,,,,,,,,,,,,,,,
session_20260630_103628,images_ok_raw/ok_20260630_103912_000082.jpg,images_ok_raw,82,5,model,2,unripe,0.193147,noise,noise,weak/noise conf 0.19<0.85,,2,unripe,2,unripe,,,False,,,False,,0.685,17536.0,24070.833984,0.0,0.0,0.0,1.0,809.65625,0.0,157.90625,152.4375,False,,,,,,,,,,,,,,,
session_20260630_103628,images_ok_raw/ok_20260630_103913_000083.jpg,images_ok_raw,83,0,model,1,ripe,0.94854,strong,strong,,,1,ripe,1,ripe,,,False,,,False,,0.781609,39168.0,48200.625,0.815359,0.176471,0.99183,0.009804,642.25,21.875,213.75,225.5,False,,,,,,,,,,,,,,,
session_20260630_103628,images_ok_raw/ok_20260630_103913_000083.jpg,images_ok_raw,83,1,model,2,unripe,0.909904,strong,strong,,,2,unripe,2,unripe,,,False,,,False,,0.779055,39040.0,47904.0625,0.0,0.505785,0.505785,0.895868,595.375,274.125,224.375,213.5,False,,,,,,,,,,,,,,,
session_20260630_103628,images_ok_raw/ok_20260630_103913_000083.jpg,images_ok_raw,83,2,model,2,unripe,0.843897,weak,review,weak/noise conf 0.84<0.85,near_threshold_unripe_color_mask_support,2,unripe,2,unripe,,,False,,,True,near_threshold_unripe_color_mask_support,0.764103,19072.0,22928.851562,0.0,0.0,0.0,1.0,323.0,601.96875,198.25,115.65625,False,,,,,,,,,,,,,,,
session_20260630_103628,images_ok_raw/ok_20260630_103913_000083.jpg,images_ok_raw,83,3,model,2,unripe,0.594551,weak,weak,weak/noise conf 0.59<0.85,,2,unripe,2,unripe,,,False,,,False,,0.736175,40896.0,51069.820312,0.0,0.001577,0.001577,1.0,215.6875,388.625,233.0625,219.125,False,,,,,,,,,,,,,,,
session_20260630_103628,images_ok_raw/ok_20260630_103913_000083.jpg,images_ok_raw,83,4,model,2,unripe,0.400749,weak,weak,weak/noise conf 0.40<0.85,,2,unripe,2,unripe,,,False,,,False,,0.73499,22720.0,29190.0,0.0,0.0,0.0,1.0,0.0,197.8125,168.0,173.75,False,,,,,,,,,,,,,,,
session_20260630_103628,images_ok_raw/ok_20260630_103913_000083.jpg,images_ok_raw,83,5,model,2,unripe,0.215351,noise,noise,weak/noise conf 0.22<0.85,,2,unripe,2,unripe,,,False,,,False,,0.768116,23744.0,29092.675781,0.0,0.0,0.0,1.0,225.25,188.328125,177.75,163.671875,False,,,,,,,,,,,,,,,
session_20260630_103628,images_ok_raw/ok_20260630_103914_000084.jpg,images_ok_raw,84,0,model,1,ripe,0.933432,strong,strong,,,1,ripe,1,ripe,,,False,,,False,,0.758987,59456.0,74214.84375,0.796555,0.198062,0.994618,0.001076,639.125,137.375,263.875,281.25,False,,,,,,,,,,,,,,,
session_20260630_103628,images_ok_raw/ok_20260630_103914_000084.jpg,images_ok_raw,84,1,model,2,unripe,0.789233,weak,weak,weak/noise conf 0.79<0.85,,2,unripe,2,unripe,,,False,,,False,,0.781145,59392.0,72808.59375,0.0,0.554713,0.554713,0.939328,582.125,457.125,281.25,258.875,False,,,,,,,,,,,,,,,
session_20260630_103628,images_ok_raw/ok_20260630_103914_000084.jpg,images_ok_raw,84,2,model,2,unripe,0.656659,weak,weak,weak/noise conf 0.66<0.85,,2,unripe,2,unripe,,,False,,,False,,0.775132,37504.0,45235.523438,0.0,0.0,0.0,1.0,116.625,346.65625,217.25,208.21875,False,,,,,,,,,,,,,,,
session_20260630_103628,images_ok_raw/ok_20260630_103914_000084.jpg,images_ok_raw,84,3,model,2,unripe,0.231617,noise,noise,weak/noise conf 0.23<0.85,,2,unripe,2,unripe,,,False,,,False,,0.730083,39296.0,50413.765625,0.0,0.0,0.0,1.0,76.9375,24.0,223.8125,225.25,False,,,,,,,,,,,,,,,
session_20260630_103628,images_ok_raw/ok_20260630_103916_000085.jpg,images_ok_raw,85,0,model,1,ripe,0.931959,strong,strong,,,1,ripe,1,ripe,,,False,,,False,,0.75,58752.0,73694.53125,0.866013,0.131808,0.997821,0.001089,976.25,135.375,264.375,278.75,False,,,,,,,,,,,,,,,
session_20260630_103628,images_ok_raw/ok_20260630_103916_000085.jpg,images_ok_raw,85,1,model,2,unripe,0.796925,weak,weak,weak/noise conf 0.80<0.85,,2,unripe,2,unripe,,,False,,,False,,0.791667,26752.0,31532.455078,0.0,0.0,0.0,1.0,482.625,596.3125,256.6875,122.84375,False,,,,,,,,,,,,,,,
session_20260630_103628,images_ok_raw/ok_20260630_103916_000085.jpg,images_ok_raw,85,2,model,2,unripe,0.622459,weak,weak,weak/noise conf 0.62<0.85,,2,unripe,2,unripe,,,False,,,False,,0.84076,73664.0,83139.375,0.0,0.532169,0.532169,0.918199,918.1875,413.25,286.6875,290.0,False,,,,,,,,,,,,,,,
session_20260630_103628,images_ok_raw/ok_20260630_103916_000085.jpg,images_ok_raw,85,3,model,2,unripe,0.47658,weak,weak,weak/noise conf 0.48<0.85,,2,unripe,2,unripe,,,False,,,False,,0.587826,21632.0,35102.832031,0.0,0.010169,0.010169,1.0,1103.0,521.0625,176.5625,198.8125,False,,,,,,,,,,,,,,,
session_20260630_103628,images_ok_raw/ok_20260630_103916_000085.jpg,images_ok_raw,85,4,model,2,unripe,0.272025,noise,noise,weak/noise conf 0.27<0.85,,2,unripe,2,unripe,,,False,,,False,,0.716092,39872.0,51906.984375,0.0,0.0,0.0,1.0,403.0,22.25,230.25,225.4375,False,,,,,,,,,,,,,,,
session_20260630_103628,images_ok_raw/ok_20260630_103916_000085.jpg,images_ok_raw,85,5,model,2,unripe,0.223376,noise,noise,weak/noise conf 0.22<0.85,,2,unripe,2,unripe,,,False,,,False,,0.806878,39040.0,44341.992188,0.0,0.0,0.0,1.0,455.5,341.6875,213.375,207.8125,False,,,,,,,,,,,,,,,
session_20260630_103628,images_ok_raw/ok_20260630_103916_000085.jpg,images_ok_raw,85,6,model,2,unripe,0.198064,noise,noise,weak/noise conf 0.20<0.85 roi,,2,unripe,2,unripe,,,False,,,False,,0.803571,5760.0,6470.953125,0.0,0.0,0.0,1.0,0.328125,400.875,52.609375,123.0,False,,,,,,,,,,,,,,,
session_20260630_103628,images_ok_raw/ok_20260630_103917_000086.jpg,images_ok_raw,86,0,model,1,ripe,0.925768,strong,strong,,,1,ripe,1,ripe,,,False,,,False,,0.744038,59904.0,74778.0,0.834402,0.16453,0.998932,0.002137,962.375,135.75,264.0,283.25,False,,,,,,,,,,,,,,,
session_20260630_103628,images_ok_raw/ok_20260630_103917_000086.jpg,images_ok_raw,86,1,model,2,unripe,0.749087,weak,weak,weak/noise conf 0.75<0.85,,2,unripe,2,unripe,,,False,,,False,,0.798039,26048.0,29766.972656,0.0,0.0,0.0,1.0,495.625,586.9375,225.1875,132.1875,False,,,,,,,,,,,,,,,
session_20260630_103628,images_ok_raw/ok_20260630_103917_000086.jpg,images_ok_raw,86,2,model,2,unripe,0.705785,weak,weak,weak/noise conf 0.71<0.85,,2,unripe,2,unripe,,,False,,,False,,0.728571,39168.0,50344.796875,0.0,0.0,0.0,1.0,401.625,20.25,220.75,228.0625,False,,,,,,,,,,,,,,,
session_20260630_103628,images_ok_raw/ok_20260630_103917_000086.jpg,images_ok_raw,86,3,model,2,unripe,0.650468,weak,weak,weak/noise conf 0.65<0.85,,2,unripe,2,unripe,,,False,,,False,,0.838196,40448.0,44617.148438,0.0,0.0,0.0,1.0,443.375,347.625,221.5625,201.375,False,,,,,,,,,,,,,,,
session_20260630_103628,images_ok_raw/ok_20260630_103917_000086.jpg,images_ok_raw,86,4,model,2,unripe,0.33372,weak,weak,weak/noise conf 0.33<0.85,,2,unripe,2,unripe,,,False,,,False,,0.792867,36992.0,44230.582031,0.0,0.0,0.0,1.0,230.5,146.875,209.4375,211.1875,False,,,,,,,,,,,,,,,
session_20260630_103628,images_ok_raw/ok_20260630_103918_000087.jpg,images_ok_raw,87,0,model,1,ripe,0.935821,strong,strong,,,1,ripe,1,ripe,,,False,,,False,,0.720721,66560.0,86115.640625,0.816346,0.175962,0.992308,0.005769,589.375,58.875,283.625,303.625,False,,,,,,,,,,,,,,,
session_20260630_103628,images_ok_raw/ok_20260630_103919_000088.jpg,images_ok_raw,88,0,model,1,ripe,0.887981,strong,strong,,,1,ripe,1,ripe,,,False,,,False,,0.7375,11328.0,13684.760742,0.806818,0.181818,0.988636,0.028409,613.28125,230.40625,112.71875,121.40625,False,,,,,,,,,,,,,,,
session_20260630_103628,images_ok_raw/ok_20260630_103919_000088.jpg,images_ok_raw,88,1,model,2,unripe,0.787931,weak,weak,weak/noise conf 0.79<0.85,,2,unripe,2,unripe,,,False,,,False,,0.720833,11072.0,13199.855469,0.0,0.488235,0.488235,0.941176,591.125,362.96875,114.875,114.90625,False,,,,,,,,,,,,,,,
session_20260630_103628,images_ok_raw/ok_20260630_103919_000088.jpg,images_ok_raw,88,2,model,2,unripe,0.786623,weak,weak,weak/noise conf 0.79<0.85,,2,unripe,2,unripe,,,False,,,False,,0.673469,2112.0,1893.807373,0.0,0.0,0.0,1.0,862.515625,405.796875,44.609375,42.453125,False,,,,,,,,,,,,,,,
session_20260630_103628,images_ok_raw/ok_20260630_103919_000088.jpg,images_ok_raw,88,3,model,2,unripe,0.638835,weak,weak,weak/noise conf 0.64<0.85,,2,unripe,2,unripe,,,False,,,False,,0.693878,2176.0,2293.482422,0.0,0.0,0.0,1.0,833.765625,439.328125,48.0625,47.71875,False,,,,,,,,,,,,,,,
session_20260630_103628,images_ok_raw/ok_20260630_103919_000088.jpg,images_ok_raw,88,4,model,3,unripe bunch,0.55929,weak,weak,weak/noise conf 0.56<0.70 tomatoes_inside 1<2,,3,unripe bunch,3,unripe bunch,,,False,,,False,,0.206349,36608.0,174568.96875,0.0,0.015119,0.015119,0.991361,410.25,193.0,332.75,524.625,False,,,,,,,,,,,,,,,
session_20260630_103628,images_ok_raw/ok_20260630_103919_000088.jpg,images_ok_raw,88,5,model,2,unripe,0.312369,weak,weak,weak/noise conf 0.31<0.85,,2,unripe,2,unripe,,,False,,,False,,0.733333,11264.0,13779.541016,0.0,0.0,0.0,1.0,400.875,424.0625,114.53125,120.3125,False,,,,,,,,,,,,,,,
session_20260630_103628,images_ok_raw/ok_20260630_103919_000088.jpg,images_ok_raw,88,6,model,3,unripe bunch,0.240063,noise,noise,weak/noise conf 0.24<0.70 small_bunch_mask bunch_not_larger tomatoes_inside 0<2,,3,unripe bunch,3,unripe bunch,,,False,,,False,,0.124402,1664.0,12735.111328,0.0,0.0,0.0,1.0,832.46875,354.375,85.8125,148.40625,False,,,,,,,,,,,,,,,
session_20260630_103628,images_ok_raw/ok_20260630_103920_000089.jpg,images_ok_raw,89,0,model,2,unripe,0.871477,strong,strong,,,2,unripe,2,unripe,,,False,,,False,,0.674242,5696.0,7128.495117,0.0,0.0,0.0,1.0,438.25,401.84375,85.53125,83.34375,False,,,,,,,,,,,,,,,
session_20260630_103628,images_ok_raw/ok_20260630_103920_000089.jpg,images_ok_raw,89,1,model,3,unripe bunch,0.830593,weak,weak,weak/noise tomatoes_inside 1<2,,3,unripe bunch,3,unripe bunch,,,False,,,False,,0.060753,7232.0,112100.84375,0.0,0.0,0.0,1.0,445.5,245.75,237.125,472.75,False,,,,,,,,,,,,,,,
session_20260630_103628,images_ok_raw/ok_20260630_103920_000089.jpg,images_ok_raw,89,2,model,2,unripe,0.814053,weak,review,weak/noise conf 0.81<0.85,near_threshold_unripe_color_mask_support,2,unripe,2,unripe,,,False,,,True,near_threshold_unripe_color_mask_support,0.768595,5952.0,6956.171875,0.0,0.430108,0.430108,0.913979,577.75,353.375,82.75,84.0625,False,,,,,,,,,,,,,,,
session_20260630_103628,images_ok_raw/ok_20260630_103920_000089.jpg,images_ok_raw,89,3,model,2,unripe,0.804406,weak,review,weak/noise conf 0.80<0.85,near_threshold_unripe_color_mask_support,2,unripe,2,unripe,,,False,,,True,near_threshold_unripe_color_mask_support,0.763636,5376.0,5973.26709,0.0,0.0,0.0,1.0,477.0,477.53125,73.84375,80.890625,False,,,,,,,,,,,,,,,
session_20260630_103628,images_ok_raw/ok_20260630_103920_000089.jpg,images_ok_raw,89,4,model,2,unripe,0.782663,weak,color_corrected,weak/noise conf 0.78<0.85 bad_color gy=0.07,unripe_to_ripe_by_mask_color,2,unripe,1,ripe,1,ripe,True,unripe_to_ripe_by_mask_color,0.885416,False,,0.727273,6144.0,6778.25293,0.78125,0.177083,0.958333,0.072917,594.21875,261.8125,79.4375,85.328125,False,,,,,,,,,,,,,,,
session_20260630_103628,images_ok_raw/ok_20260630_103920_000089.jpg,images_ok_raw,89,5,model,3,unripe bunch,0.775945,weak,weak,weak/noise tomatoes_inside 1<2,,3,unripe bunch,3,unripe bunch,,,False,,,False,,0.073722,13974.1875,188592.4375,0.0,0.026882,0.026882,0.989247,308.684387,219.059372,380.920288,495.096863,False,,,,,,,,,,,,,,,
session_20260630_103628,images_ok_raw/ok_20260630_103920_000089.jpg,images_ok_raw,89,6,model,2,unripe,0.757793,weak,weak,weak/noise conf 0.76<0.85,,2,unripe,2,unripe,,,False,,,False,,0.555556,3200.0,4042.481201,0.0,0.021277,0.021277,1.0,774.6875,628.679688,59.46875,67.976562,False,,,,,,,,,,,,,,,
session_20260630_103628,images_ok_raw/ok_20260630_103920_000089.jpg,images_ok_raw,89,7,model,2,unripe,0.687631,weak,weak,weak/noise conf 0.69<0.85,,2,unripe,2,unripe,,,False,,,False,,0.680556,3136.0,3715.741699,0.0,0.0,0.0,1.0,728.96875,588.828125,59.585938,62.359375,False,,,,,,,,,,,,,,,
session_20260630_103628,images_ok_raw/ok_20260630_103920_000089.jpg,images_ok_raw,89,8,model,2,unripe,0.607663,weak,weak,weak/noise conf 0.61<0.85,,2,unripe,2,unripe,,,False,,,False,,0.652778,6016.0,7395.859375,0.0,0.0,0.0,1.0,575.5,450.625,85.625,86.375,False,,,,,,,,,,,,,,,
session_20260630_103628,images_ok_raw/ok_20260630_103920_000089.jpg,images_ok_raw,89,9,model,2,unripe,0.538983,weak,weak,weak/noise conf 0.54<0.85,,2,unripe,2,unripe,,,False,,,False,,0.84,1344.0,1296.137451,0.0,0.0,0.0,1.0,779.078125,377.09375,36.058594,35.945312,False,,,,,,,,,,,,,,,
session_20260630_103628,images_ok_raw/ok_20260630_103920_000089.jpg,images_ok_raw,89,10,model,2,unripe,0.51562,weak,weak,weak/noise conf 0.52<0.85,,2,unripe,2,unripe,,,False,,,False,,0.7,1344.0,1239.697266,0.0,0.0,0.0,1.0,761.75,407.03125,36.328125,34.125,False,,,,,,,,,,,,,,,
session_20260630_103628,images_ok_raw/ok_20260630_103920_000089.jpg,images_ok_raw,89,11,model,2,unripe,0.505859,weak,weak,weak/noise conf 0.51<0.85,,2,unripe,2,unripe,,,False,,,False,,0.802469,4160.0,4436.779297,0.0,0.0,0.0,1.0,530.0,602.21875,66.78125,66.4375,False,,,,,,,,,,,,,,,
session_20260630_103628,images_ok_raw/ok_20260630_103920_000089.jpg,images_ok_raw,89,12,model,2,unripe,0.384912,weak,weak,weak/noise conf 0.38<0.85,,2,unripe,2,unripe,,,False,,,False,,0.716049,3712.0,4080.454102,0.0,0.0,0.0,1.0,686.75,551.085938,64.125,63.632812,False,,,,,,,,,,,,,,,
session_20260630_103628,images_ok_raw/ok_20260630_103920_000089.jpg,images_ok_raw,89,13,model,2,unripe,0.341582,weak,weak,weak/noise conf 0.34<0.85 roi,,2,unripe,2,unripe,,,False,,,False,,0.761905,1024.0,905.896912,0.0,0.0,0.0,1.0,773.53125,697.550781,42.890625,21.121094,False,,,,,,,,,,,,,,,
session_20260630_103628,images_ok_raw/ok_20260630_103920_000089.jpg,images_ok_raw,89,14,model,2,unripe,0.161849,noise,noise,weak/noise conf 0.16<0.85,,2,unripe,2,unripe,,,False,,,False,,0.657143,1472.0,1503.25708,0.0,0.0,0.0,1.0,846.601562,664.984375,42.085938,35.71875,False,,,,,,,,,,,,,,,
session_20260630_103628,images_ok_raw/ok_20260630_103920_000089.jpg,images_ok_raw,89,15,model,2,unripe,0.154565,noise,noise,weak/noise conf 0.15<0.85 roi,,2,unripe,2,unripe,,,False,,,False,,0.6875,2112.0,2463.589111,0.0,0.0,0.0,1.0,527.59375,665.695312,53.96875,45.648438,False,,,,,,,,,,,,,,,
session_20260630_103628,images_ok_raw/ok_20260630_103921_000090.jpg,images_ok_raw,90,0,model,2,unripe,0.922483,strong,strong,,,2,unripe,2,unripe,,,False,,,False,,0.67033,7808.0,9326.232422,0.0,0.0,0.0,1.0,295.25,422.5625,93.9375,99.28125,False,,,,,,,,,,,,,,,
session_20260630_103628,images_ok_raw/ok_20260630_103921_000090.jpg,images_ok_raw,90,1,model,3,unripe bunch,0.876637,weak,weak,weak/noise tomatoes_inside 1<2,,3,unripe bunch,3,unripe bunch,,,False,,,False,,0.154187,22272.0,138582.15625,0.0,0.0,0.0,1.0,289.625,237.75,288.1875,480.875,False,,,,,,,,,,,,,,,
session_20260630_103628,images_ok_raw/ok_20260630_103921_000090.jpg,images_ok_raw,90,2,model,2,unripe,0.834406,weak,review,weak/noise conf 0.83<0.85,near_threshold_unripe_color_mask_support,2,unripe,2,unripe,,,False,,,True,near_threshold_unripe_color_mask_support,0.745562,8064.0,9824.734375,0.0,0.0,0.0,1.0,448.75,480.09375,96.765625,101.53125,False,,,,,,,,,,,,,,,
session_20260630_103628,images_ok_raw/ok_20260630_103921_000090.jpg,images_ok_raw,90,3,model,2,unripe,0.825588,weak,review,weak/noise conf 0.83<0.85,near_threshold_unripe_color_mask_support,2,unripe,2,unripe,,,False,,,True,near_threshold_unripe_color_mask_support,0.816327,10240.0,11223.104492,0.0,0.436709,0.436709,0.905063,435.8125,367.09375,108.109375,103.8125,False,,,,,,,,,,,,,,,
session_20260630_103628,images_ok_raw/ok_20260630_103921_000090.jpg,images_ok_raw,90,4,model,2,unripe,0.799442,weak,weak,weak/noise conf 0.80<0.85 roi,,2,unripe,2,unripe,,,False,,,False,,0.777778,5376.0,6090.582031,0.0,0.0,0.0,1.0,402.46875,650.09375,87.125,69.90625,False,,,,,,,,,,,,,,,
session_20260630_103628,images_ok_raw/ok_20260630_103921_000090.jpg,images_ok_raw,90,5,model,2,unripe,0.775945,weak,weak,weak/noise conf 0.78<0.85 roi,,2,unripe,2,unripe,,,False,,,False,,0.75,2880.0,3186.729492,0.0,0.0,0.0,1.0,715.25,673.273438,68.890625,46.257812,False,,,,,,,,,,,,,,,
session_20260630_103628,images_ok_raw/ok_20260630_103921_000090.jpg,images_ok_raw,90,6,model,2,unripe,0.749087,weak,weak,weak/noise conf 0.75<0.85,,2,unripe,2,unripe,,,False,,,False,,0.701389,6464.0,7648.82666,0.0,0.010753,0.010753,1.0,342.53125,512.375,85.03125,89.953125,False,,,,,,,,,,,,,,,
session_20260630_103628,images_ok_raw/ok_20260630_103921_000090.jpg,images_ok_raw,90,7,model,2,unripe,0.718594,weak,weak,weak/noise conf 0.72<0.85,,2,unripe,2,unripe,,,False,,,False,,0.65,4160.0,4861.791992,0.0,0.0,0.0,1.0,666.5,630.421875,69.6875,69.765625,False,,,,,,,,,,,,,,,
session_20260630_103628,images_ok_raw/ok_20260630_103921_000090.jpg,images_ok_raw,90,8,model,2,unripe,0.575588,weak,weak,weak/noise conf 0.58<0.85,,2,unripe,2,unripe,,,False,,,False,,0.766667,1472.0,1193.880981,0.0,0.0,0.0,1.0,807.140625,380.328125,35.203125,33.914062,False,,,,,,,,,,,,,,,
session_20260630_103628,images_ok_raw/ok_20260630_103921_000090.jpg,images_ok_raw,90,9,model,1,ripe,0.57081,weak,weak,weak/noise conf 0.57<0.80,,1,ripe,1,ripe,,,False,,,False,,0.741758,8640.0,10111.814453,0.785185,0.2,0.985185,0.02963,460.03125,259.046875,97.625,103.578125,False,,,,,,,,,,,,,,,
session_20260630_103628,images_ok_raw/ok_20260630_103921_000090.jpg,images_ok_raw,90,10,model,2,unripe,0.566019,weak,weak,weak/noise conf 0.57<0.85,,2,unripe,2,unripe,,,False,,,False,,0.75,1728.0,1862.603271,0.0,0.0,0.0,1.0,776.8125,402.289062,45.179688,41.226562,False,,,,,,,,,,,,,,,
session_20260630_103628,images_ok_raw/ok_20260630_103921_000090.jpg,images_ok_raw,90,11,model,2,unripe,0.563138,weak,weak,weak/noise conf 0.56<0.85,,2,unripe,2,unripe,,,False,,,False,,0.756944,6976.0,7621.291992,0.0,0.0,0.0,1.0,476.09375,604.265625,85.4375,89.203125,False,,,,,,,,,,,,,,,
session_20260630_103628,images_ok_raw/ok_20260630_103921_000090.jpg,images_ok_raw,90,12,model,2,unripe,0.4436,weak,weak,weak/noise conf 0.44<0.85 bad_color gy=0.03,,2,unripe,2,unripe,,,False,,,False,,0.741758,8640.0,10089.950195,0.785185,0.2,0.985185,0.02963,460.4375,258.75,97.0625,103.953125,False,,,,,,,,,,,,,,,
session_20260630_103628,images_ok_raw/ok_20260630_103921_000090.jpg,images_ok_raw,90,13,model,2,unripe,0.392337,weak,weak,weak/noise conf 0.39<0.85,,2,unripe,2,unripe,,,False,,,False,,0.642857,1728.0,1942.676025,0.0,0.0,0.0,1.0,763.65625,327.203125,47.976562,40.492188,False,,,,,,,,,,,,,,,
session_20260630_103628,images_ok_raw/ok_20260630_103921_000090.jpg,images_ok_raw,90,14,model,2,unripe,0.286169,noise,noise,weak/noise conf 0.29<0.85 roi,,2,unripe,2,unripe,,,False,,,False,,0.646154,2688.0,3345.078125,0.0,0.0,0.0,1.0,491.65625,683.09375,94.0,35.585938,False,,,,,,,,,,,,,,,
session_20260630_103628,images_ok_raw/ok_20260630_103921_000090.jpg,images_ok_raw,90,15,model,2,unripe,0.242925,noise,noise,weak/noise conf 0.24<0.85,,2,unripe,2,unripe,,,False,,,False,,0.8,1792.0,1833.527954,0.0,0.0,0.0,1.0,1020.234375,184.820312,47.984375,38.210938,False,,,,,,,,,,,,,,,
session_20260630_103628,images_ok_raw/ok_20260630_103921_000090.jpg,images_ok_raw,90,16,model,2,unripe,0.239352,noise,noise,weak/noise conf 0.24<0.85,,2,unripe,2,unripe,,,False,,,False,,0.75,1152.0,890.791992,0.0,0.833333,0.833333,0.166667,967.53125,455.367188,38.46875,23.15625,False,,,,,,,,,,,,,,,
session_20260630_103628,images_ok_raw/ok_20260630_103921_000090.jpg,images_ok_raw,90,17,model,2,unripe,0.159216,noise,noise,weak/noise conf 0.16<0.85,,2,unripe,2,unripe,,,False,,,False,,0.645455,4544.0,5337.183594,0.0,0.0,0.0,1.0,619.4375,581.1875,71.28125,74.875,False,,,,,,,,,,,,,,,
session_20260630_103628,images_ok_raw/ok_20260630_103924_000091.jpg,images_ok_raw,91,0,model,2,unripe,0.86339,strong,strong,,,2,unripe,2,unripe,,,False,,,False,,0.774074,13376.0,15534.299805,0.0,0.923445,0.923445,0.526316,35.984375,439.4375,115.765625,134.1875,False,,,,,,,,,,,,,,,
session_20260630_103628,images_ok_raw/ok_20260630_103924_000091.jpg,images_ok_raw,91,1,model,2,unripe,0.743169,weak,color_corrected,weak/noise conf 0.74<0.85 bad_color gy=0.02,unripe_to_ripe_by_mask_color,2,unripe,1,ripe,1,ripe,True,unripe_to_ripe_by_mask_color,0.97561,False,,0.722222,15808.0,19005.087891,0.849594,0.150407,1.0,0.02439,23.4375,293.6875,139.375,136.359375,False,,,,,,,,,,,,,,,
session_20260630_103628,images_ok_raw/ok_20260630_103924_000091.jpg,images_ok_raw,91,2,model,2,unripe,0.710629,weak,weak,weak/noise conf 0.71<0.85,,2,unripe,2,unripe,,,False,,,False,,0.75,1728.0,1606.969482,0.0,0.0,0.0,1.0,820.859375,398.0625,39.359375,40.828125,False,,,,,,,,,,,,,,,
session_20260630_103628,images_ok_raw/ok_20260630_103924_000091.jpg,images_ok_raw,91,3,model,2,unripe,0.690977,weak,weak,weak/noise conf 0.69<0.85,,2,unripe,2,unripe,,,False,,,False,,0.761905,2048.0,2041.793945,0.0,0.0,0.0,1.0,771.28125,341.765625,42.746094,47.765625,False,,,,,,,,,,,,,,,
session_20260630_103628,images_ok_raw/ok_20260630_103924_000091.jpg,images_ok_raw,91,4,model,2,unripe,0.680879,weak,weak,weak/noise conf 0.68<0.85,,2,unripe,2,unripe,,,False,,,False,,0.761905,2048.0,1614.737793,0.0,0.0,0.0,1.0,799.632812,431.640625,39.085938,41.3125,False,,,,,,,,,,,,,,,
session_20260630_103628,images_ok_raw/ok_20260630_103924_000091.jpg,images_ok_raw,91,5,model,2,unripe,0.677474,weak,weak,weak/noise conf 0.68<0.85,,2,unripe,2,unripe,,,False,,,False,,0.690476,1856.0,2018.096924,0.0,0.0,0.0,1.0,1084.265625,180.9375,49.203125,41.015625,False,,,,,,,,,,,,,,,
session_20260630_103628,images_ok_raw/ok_20260630_103924_000091.jpg,images_ok_raw,91,6,model,2,unripe,0.644224,weak,weak,weak/noise conf 0.64<0.85,,2,unripe,2,unripe,,,False,,,False,,0.633333,1216.0,1246.611328,0.0,0.0,0.0,1.0,1090.390625,225.015625,39.109375,31.875,False,,,,,,,,,,,,,,,
session_20260630_103628,images_ok_raw/ok_20260630_103924_000091.jpg,images_ok_raw,91,7,model,3,unripe bunch,0.591723,weak,weak,weak/noise conf 0.59<0.70 tomatoes_inside 1<2,,3,unripe bunch,3,unripe bunch,,,False,,,False,,0.114796,8640.0,69149.9375,0.0,0.031496,0.031496,0.992126,13.5625,278.5,156.625,441.5,False,,,,,,,,,,,,,,,
session_20260630_103628,images_ok_raw/ok_20260630_103924_000091.jpg,images_ok_raw,91,8,model,2,unripe,0.397938,weak,weak,weak/noise conf 0.40<0.85,,2,unripe,2,unripe,,,False,,,False,,0.805556,1856.0,1644.448486,0.0,0.0,0.0,1.0,727.3125,405.046875,40.277344,40.828125,False,,,,,,,,,,,,,,,
session_20260630_103628,images_ok_raw/ok_20260630_103924_000091.jpg,images_ok_raw,91,9,model,2,unripe,0.306527,weak,weak,weak/noise conf 0.31<0.85 roi,,2,unripe,2,unripe,,,False,,,False,,0.672727,2368.0,3053.449707,0.0,0.0,0.0,1.0,0.0,635.21875,36.015625,84.78125,False,,,,,,,,,,,,,,,
session_20260630_103628,images_ok_raw/ok_20260630_103924_000091.jpg,images_ok_raw,91,10,model,2,unripe,0.29747,noise,noise,weak/noise conf 0.30<0.85,,2,unripe,2,unripe,,,False,,,False,,0.764706,13312.0,15428.638672,0.0,0.0,0.0,1.0,43.6875,591.695312,120.25,128.304688,False,,,,,,,,,,,,,,,
session_20260630_103628,images_ok_raw/ok_20260630_103924_000091.jpg,images_ok_raw,91,11,model,3,unripe bunch,0.288569,noise,noise,weak/noise conf 0.29<0.70 small_bunch_mask bunch_not_larger tomatoes_inside 0<2,,3,unripe bunch,3,unripe bunch,,,False,,,False,,0.066667,1408.0,18823.166016,0.0,0.0,0.0,1.0,1081.5625,156.09375,172.9375,108.84375,False,,,,,,,,,,,,,,,
session_20260630_103628,images_ok_raw/ok_20260630_103924_000091.jpg,images_ok_raw,91,12,model,2,unripe,0.199932,noise,noise,weak/noise conf 0.20<0.85,,2,unripe,2,unripe,,,False,,,False,,0.5,960.0,1171.471558,0.0,0.857143,0.857143,0.285714,1078.296875,132.632812,32.890625,35.617188,False,,,,,,,,,,,,,,,
session_20260630_103628,images_ok_raw/ok_20260630_103924_000091.jpg,images_ok_raw,91,13,model,1,ripe,0.19498,noise,noise,weak/noise conf 0.19<0.80,,1,ripe,1,ripe,,,False,,,False,,0.725146,15872.0,19130.328125,0.846154,0.153846,1.0,0.02834,22.9375,293.84375,139.796875,136.84375,False,,,,,,,,,,,,,,,
session_20260630_103628,images_ok_raw/ok_20260630_103924_000091.jpg,images_ok_raw,91,14,model,2,unripe,0.174412,noise,noise,weak/noise conf 0.17<0.85,,2,unripe,2,unripe,,,False,,,False,,0.571429,1280.0,1164.19043,0.0,0.785714,0.785714,0.142857,1007.953125,483.859375,41.1875,28.265625,False,,,,,,,,,,,,,,,
session_20260630_103628,images_ok_raw/ok_20260630_103925_000092.jpg,images_ok_raw,92,0,model,2,unripe,0.918483,strong,strong,,,2,unripe,2,unripe,,,False,,,False,,0.719723,13312.0,16127.498047,0.0,0.004831,0.004831,1.0,287.109375,509.125,125.140625,128.875,False,,,,,,,,,,,,,,,
session_20260630_103628,images_ok_raw/ok_20260630_103925_000092.jpg,images_ok_raw,92,1,model,2,unripe,0.918483,strong,strong,,,2,unripe,2,unripe,,,False,,,False,,0.733333,12672.0,14935.484375,0.0,0.954545,0.954545,0.373737,491.5,436.3125,112.296875,133.0,False,,,,,,,,,,,,,,,
session_20260630_103628,images_ok_raw/ok_20260630_103925_000092.jpg,images_ok_raw,92,2,model,1,ripe,0.90599,strong,strong,,,1,ripe,1,ripe,,,False,,,False,,0.734568,15232.0,18406.623047,0.898734,0.097046,0.995781,0.004219,479.375,290.5625,135.1875,136.15625,False,,,,,,,,,,,,,,,
session_20260630_103628,images_ok_raw/ok_20260630_103925_000092.jpg,images_ok_raw,92,3,model,2,unripe,0.887201,strong,strong,,,2,unripe,2,unripe,,,False,,,False,,0.803922,13120.0,15170.78125,0.0,0.0,0.0,1.0,496.96875,586.203125,116.65625,130.046875,False,,,,,,,,,,,,,,,
session_20260630_103628,images_ok_raw/ok_20260630_103925_000092.jpg,images_ok_raw,92,4,model,2,unripe,0.867036,strong,strong,,,2,unripe,2,unripe,,,False,,,False,,0.769231,9600.0,10964.443359,0.0,0.0,0.0,1.0,371.5,622.8125,113.4375,96.65625,False,,,,,,,,,,,,,,,
session_20260630_103628,images_ok_raw/ok_20260630_103925_000092.jpg,images_ok_raw,92,5,model,3,unripe bunch,0.86385,strong,strong,,,3,unripe bunch,3,unripe bunch,,,False,,,False,,0.196617,29760.0,116028.773438,0.0,0.023316,0.023316,0.997409,260.988129,413.660004,378.758148,306.339996,False,supported_by_unripe_singles,,,,,,,,,,,,,,
session_20260630_103628,images_ok_raw/ok_20260630_103925_000092.jpg,images_ok_raw,92,6,model,2,unripe,0.806853,weak,review,weak/noise conf 0.81<0.85,near_threshold_unripe_color_mask_support,2,unripe,2,unripe,,,False,,,True,near_threshold_unripe_color_mask_support,0.657143,8832.0,10823.359375,0.0,0.0,0.0,1.0,310.875,371.4375,105.59375,102.5,False,,,,,,,,,,,,,,,
session_20260630_103628,images_ok_raw/ok_20260630_103925_000092.jpg,images_ok_raw,92,7,model,2,unripe,0.337203,weak,weak,weak/noise conf 0.34<0.85 roi,,2,unripe,2,unripe,,,False,,,False,,0.714286,2880.0,3537.381104,0.0,0.0,0.0,1.0,0.0,653.21875,53.609375,65.984375,False,,,,,,,,,,,,,,,
session_20260630_103628,images_ok_raw/ok_20260630_103925_000092.jpg,images_ok_raw,92,8,model,2,unripe,0.169407,noise,noise,weak/noise conf 0.17<0.85 roi,,2,unripe,2,unripe,,,False,,,False,,0.75,2112.0,2493.687744,0.0,0.0,0.0,1.0,832.125,690.125,85.78125,29.070312,False,,,,,,,,,,,,,,,
session_20260630_103628,images_ok_raw/ok_20260630_103926_000093.jpg,images_ok_raw,93,0,model,1,ripe,0.920221,strong,strong,,,1,ripe,1,ripe,,,False,,,False,,0.748366,14656.0,17914.638672,0.951965,0.043668,0.995633,0.004367,473.0625,432.25,135.78125,131.9375,False,,,,,,,,,,,,,,,
session_20260630_103628,images_ok_raw/ok_20260630_103926_000093.jpg,images_ok_raw,93,1,model,2,unripe,0.90731,strong,color_corrected,,unripe_to_ripe_by_mask_color,2,unripe,1,ripe,1,ripe,True,unripe_to_ripe_by_mask_color,0.6464639999999999,False,,0.737037,12736.0,15059.380859,0.0,0.924242,0.924242,0.277778,484.375,569.71875,111.0625,135.59375,False,,,,,,,,,,,,,,,
session_20260630_103628,images_ok_raw/ok_20260630_103926_000093.jpg,images_ok_raw,93,2,model,2,unripe,0.879147,strong,strong,,,2,unripe,2,unripe,,,False,,,False,,0.747059,8128.0,9663.513672,0.0,0.086614,0.086614,1.0,278.609375,643.59375,126.890625,76.15625,False,,,,,,,,,,,,,,,
session_20260630_103628,images_ok_raw/ok_20260630_103926_000093.jpg,images_ok_raw,93,3,model,3,unripe bunch,0.747616,strong,strong,,,3,unripe bunch,3,unripe bunch,,,False,,,False,,0.137542,13248.0,91626.28125,0.0,0.039326,0.039326,0.988764,277.625,441.375,334.25,274.125,False,,,,,,,,,,,,,,,
session_20260630_103628,images_ok_raw/ok_20260630_103926_000093.jpg,images_ok_raw,93,4,model,2,unripe,0.305697,weak,weak,weak/noise conf 0.31<0.85,,2,unripe,2,unripe,,,False,,,False,,0.714286,1920.0,1611.894165,0.0,0.0,0.0,1.0,1165.6875,535.96875,36.882812,43.703125,False,,,,,,,,,,,,,,,
session_20260630_103628,images_ok_raw/ok_20260630_103927_000094.jpg,images_ok_raw,94,0,model,1,ripe,0.845944,strong,strong,,,1,ripe,1,ripe,,,False,,,False,,0.725,11136.0,13484.951172,0.487179,0.333333,0.820513,0.128205,251.75,305.9375,118.0625,114.21875,False,,,,,,,,,,,,,,,
session_20260630_103628,images_ok_raw/ok_20260630_103927_000094.jpg,images_ok_raw,94,1,model,2,unripe,0.828937,weak,review,weak/noise conf 0.83<0.85,near_threshold_unripe_color_mask_support,2,unripe,2,unripe,,,False,,,True,near_threshold_unripe_color_mask_support,0.768889,11072.0,13289.180664,0.021978,0.0,0.021978,0.967033,442.734375,536.140625,114.515625,116.046875,False,,,,,,,,,,,,,,,
session_20260630_103628,images_ok_raw/ok_20260630_103927_000094.jpg,images_ok_raw,94,2,model,2,unripe,0.419648,weak,weak,weak/noise conf 0.42<0.85,,2,unripe,2,unripe,,,False,,,False,,0.739394,15616.0,19347.59375,0.0,0.0,0.0,1.0,817.375,604.375,167.875,115.25,False,,,,,,,,,,,,,,,
session_20260630_103628,images_ok_raw/ok_20260630_103931_000095.jpg,images_ok_raw,95,0,model,1,ripe,0.838681,strong,strong,,,1,ripe,1,ripe,,,False,,,False,,0.606061,5120.0,6977.285156,0.95,0.0375,0.9875,0.025,336.3125,28.21875,81.875,85.21875,False,,,,,,,,,,,,,,,
session_20260630_103628,images_ok_raw/ok_20260630_103931_000095.jpg,images_ok_raw,95,1,model,1,ripe,0.735642,weak,weak,weak/noise conf 0.74<0.80 roi,,1,ripe,1,ripe,,,False,,,False,,0.597403,2944.0,3974.519531,1.0,0.0,1.0,0.0,296.5625,0.0,80.90625,49.125,False,,,,,,,,,,,,,,,
session_20260630_103628,images_ok_raw/ok_20260630_103931_000095.jpg,images_ok_raw,95,2,model,2,unripe,0.699254,weak,color_corrected,weak/noise conf 0.70<0.85,unripe_to_ripe_by_mask_color,2,unripe,1,ripe,1,ripe,True,unripe_to_ripe_by_mask_color,0.555556,False,,0.680556,3136.0,3708.417969,0.444444,0.222222,0.666667,0.111111,760.15625,370.0625,65.78125,56.375,False,,,,,,,,,,,,,,,
session_20260630_103628,images_ok_raw/ok_20260630_103931_000095.jpg,images_ok_raw,95,3,model,2,unripe,0.503906,weak,weak,weak/noise conf 0.50<0.85 roi bad_color gy=0.00,,2,unripe,2,unripe,,,False,,,False,,0.7,2240.0,2637.662354,0.057143,0.942857,1.0,0.0,394.421875,1.046875,74.703125,35.308594,False,,,,,,,,,,,,,,,
session_20260630_103628,images_ok_raw/ok_20260630_103932_000096.jpg,images_ok_raw,96,0,model,1,ripe,0.840784,strong,strong,,,1,ripe,1,ripe,,,False,,,False,,0.598485,5056.0,7296.052246,0.961538,0.038462,1.0,0.0,336.96875,32.75,82.71875,88.203125,False,,,,,,,,,,,,,,,
session_20260630_103628,images_ok_raw/ok_20260630_103932_000096.jpg,images_ok_raw,96,1,model,1,ripe,0.781331,weak,weak,weak/noise conf 0.78<0.80 roi,,1,ripe,1,ripe,,,False,,,False,,0.662338,3264.0,4410.242188,0.980392,0.019608,1.0,0.0,297.640625,0.0,80.921875,54.5,False,,,,,,,,,,,,,,,
session_20260630_103628,images_ok_raw/ok_20260630_103932_000096.jpg,images_ok_raw,96,2,model,2,unripe,0.615088,weak,weak,weak/noise conf 0.62<0.85 roi bad_color gy=0.05,,2,unripe,2,unripe,,,False,,,False,,0.716667,2752.0,3142.733398,0.046512,0.906977,0.953488,0.046512,393.96875,0.0,75.21875,41.78125,False,,,,,,,,,,,,,,,
session_20260630_103628,images_ok_raw/ok_20260630_103932_000096.jpg,images_ok_raw,96,3,model,2,unripe,0.426322,weak,weak,weak/noise conf 0.43<0.85,,2,unripe,2,unripe,,,False,,,False,,0.666667,3840.0,4284.099609,0.0,0.0,0.0,1.0,870.90625,490.15625,65.34375,65.5625,False,,,,,,,,,,,,,,,
session_20260630_103628,images_ok_raw/ok_20260630_103932_000096.jpg,images_ok_raw,96,4,model,2,unripe,0.384912,weak,weak,weak/noise conf 0.38<0.85 bad_color gy=0.00,,2,unripe,2,unripe,,,False,,,False,,0.617284,3200.0,3737.027344,0.62963,0.111111,0.740741,0.0,760.71875,375.65625,65.0625,57.4375,False,,,,,,,,,,,,,,,
session_20260630_103628,images_ok_raw/ok_20260630_103932_000096.jpg,images_ok_raw,96,5,model,2,unripe,0.151027,noise,noise,weak/noise conf 0.15<0.85 roi,,2,unripe,2,unripe,,,False,,,False,,0.85,1088.0,868.681641,0.0,0.0,0.0,1.0,1065.65625,695.046875,37.3125,23.28125,False,,,,,,,,,,,,,,,
session_20260630_103628,images_ok_raw/ok_20260630_103934_000097.jpg,images_ok_raw,97,0,model,1,ripe,0.859661,strong,strong,,,1,ripe,1,ripe,,,False,,,False,,0.555556,5120.0,7312.556152,0.987013,0.012987,1.0,0.0,342.1875,23.21875,84.21875,86.828125,False,,,,,,,,,,,,,,,
session_20260630_103628,images_ok_raw/ok_20260630_103934_000097.jpg,images_ok_raw,97,1,model,2,unripe,0.684265,weak,weak,weak/noise conf 0.68<0.85 roi bad_color gy=0.00,,2,unripe,2,unripe,,,False,,,False,,0.64,2048.0,2416.743896,0.096774,0.903226,1.0,0.0,402.921875,0.0,75.046875,32.203125,False,,,,,,,,,,,,,,,
session_20260630_103628,images_ok_raw/ok_20260630_103934_000097.jpg,images_ok_raw,97,2,model,1,ripe,0.672331,weak,weak,weak/noise conf 0.67<0.80 roi,,1,ripe,1,ripe,,,False,,,False,,0.606061,2560.0,3535.771729,1.0,0.0,1.0,0.0,304.546875,0.578125,82.078125,43.078125,False,,,,,,,,,,,,,,,
session_20260630_103628,images_ok_raw/ok_20260630_103934_000097.jpg,images_ok_raw,97,3,model,2,unripe,0.654895,weak,color_corrected,weak/noise conf 0.65<0.85 bad_color gy=0.03,unripe_to_ripe_by_mask_color,2,unripe,1,ripe,1,ripe,True,unripe_to_ripe_by_mask_color,0.6896549999999999,False,,0.708333,3264.0,3656.237793,0.517241,0.206897,0.724138,0.034483,770.0,366.90625,64.109375,57.03125,False,,,,,,,,,,,,,,,
session_20260630_103628,images_ok_raw/ok_20260630_103934_000097.jpg,images_ok_raw,97,4,model,1,ripe,0.262084,noise,noise,weak/noise conf 0.26<0.80 roi,,1,ripe,1,ripe,,,False,,,False,,0.775,1984.0,2355.826172,0.033333,0.933333,0.966667,0.033333,401.953125,0.0,74.171875,31.761719,False,,,,,,,,,,,,,,,
session_20260630_103628,images_ok_raw/ok_20260630_103935_000098.jpg,images_ok_raw,98,0,model,1,ripe,0.822188,strong,strong,,,1,ripe,1,ripe,,,False,,,False,,0.598485,5056.0,7011.251953,0.962025,0.025316,0.987342,0.012658,352.8125,25.875,80.53125,87.0625,False,,,,,,,,,,,,,,,
session_20260630_103628,images_ok_raw/ok_20260630_103935_000098.jpg,images_ok_raw,98,1,model,1,ripe,0.726425,weak,weak,weak/noise conf 0.73<0.80 roi,,1,ripe,1,ripe,,,False,,,False,,0.666667,2816.0,3844.750488,1.0,0.0,1.0,0.0,312.5625,0.0,80.96875,47.484375,False,,,,,,,,,,,,,,,
session_20260630_103628,images_ok_raw/ok_20260630_103935_000098.jpg,images_ok_raw,98,2,model,2,unripe,0.690977,weak,weak,weak/noise conf 0.69<0.85,,2,unripe,2,unripe,,,False,,,False,,0.716049,3712.0,4024.323242,0.0,0.0,0.0,1.0,885.75,484.59375,64.4375,62.453125,False,,,,,,,,,,,,,,,
session_20260630_103628,images_ok_raw/ok_20260630_103935_000098.jpg,images_ok_raw,98,3,model,2,unripe,0.647798,weak,weak,weak/noise conf 0.65<0.85 roi bad_color gy=0.00,,2,unripe,2,unripe,,,False,,,False,,0.64,2048.0,2493.225342,0.03125,0.9375,0.96875,0.0,409.734375,0.84375,72.828125,34.234375,False,,,,,,,,,,,,,,,
session_20260630_103628,images_ok_raw/ok_20260630_103935_000098.jpg,images_ok_raw,98,4,model,2,unripe,0.640635,weak,color_corrected,weak/noise conf 0.64<0.85 bad_color gy=0.04,unripe_to_ripe_by_mask_color,2,unripe,1,ripe,1,ripe,True,unripe_to_ripe_by_mask_color,0.75,False,,0.694444,3200.0,3666.265625,0.666667,0.125,0.791667,0.041667,777.84375,368.640625,64.25,57.0625,False,,,,,,,,,,,,,,,
session_20260630_103628,images_ok_raw/ok_20260630_103935_000098.jpg,images_ok_raw,98,5,model,1,ripe,0.319121,weak,weak,weak/noise conf 0.32<0.80 roi,,1,ripe,1,ripe,,,False,,,False,,0.66,2112.0,2631.510986,0.030303,0.939394,0.969697,0.0,409.046875,0.90625,74.421875,35.359375,False,,,,,,,,,,,,,,,
session_20260630_103628,images_ok_raw/ok_20260630_103937_000099.jpg,images_ok_raw,99,0,model,1,ripe,0.819894,strong,strong,,,1,ripe,1,ripe,,,False,,,False,,0.590909,4992.0,7168.183594,0.961039,0.012987,0.974026,0.0,339.25,85.96875,83.109375,86.25,False,,,,,,,,,,,,,,,
session_20260630_103628,images_ok_raw/ok_20260630_103937_000099.jpg,images_ok_raw,99,1,model,2,unripe,0.886417,weak,color_corrected,weak/noise bad_color gy=0.03,unripe_to_ripe_by_mask_color,2,unripe,1,ripe,1,ripe,True,unripe_to_ripe_by_mask_color,0.890625,False,,0.690909,4864.0,5497.883789,0.015625,0.90625,0.921875,0.03125,397.28125,21.21875,73.03125,75.28125,False,,,,,,,,,,,,,,,
session_20260630_103628,images_ok_raw/ok_20260630_103937_000099.jpg,images_ok_raw,99,2,model,1,ripe,0.720171,weak,weak,weak/noise conf 0.72<0.80,,1,ripe,1,ripe,,,False,,,False,,0.575758,3648.0,4993.959961,0.964912,0.017544,0.982456,0.017544,301.15625,47.09375,80.8125,61.796875,False,,,,,,,,,,,,,,,
session_20260630_103628,images_ok_raw/ok_20260630_103937_000099.jpg,images_ok_raw,99,3,model,2,unripe,0.633411,weak,color_corrected,weak/noise conf 0.63<0.85 bad_color gy=0.04,unripe_to_ripe_by_mask_color,2,unripe,1,ripe,1,ripe,True,unripe_to_ripe_by_mask_color,0.666667,False,,0.694444,3200.0,3850.125488,0.518519,0.185185,0.703704,0.037037,760.75,424.28125,66.203125,58.15625,False,,,,,,,,,,,,,,,
session_20260630_103628,images_ok_raw/ok_20260630_103937_000099.jpg,images_ok_raw,99,4,model,2,unripe,0.560253,weak,weak,weak/noise conf 0.56<0.85,,2,unripe,2,unripe,,,False,,,False,,0.691358,3584.0,4086.46875,0.0,0.0,0.0,1.0,873.664062,538.09375,64.117188,63.734375,False,,,,,,,,,,,,,,,
session_20260630_103628,images_ok_raw/ok_20260630_103937_000099.jpg,images_ok_raw,99,5,model,3,unripe bunch,0.160791,noise,noise,weak/noise conf 0.16<0.70 low_bunch_density tomatoes_inside 1<2,,3,unripe bunch,3,unripe bunch,,,False,,,False,,0.059524,1920.0,30342.101562,0.0,0.0,0.0,1.0,297.21875,4.375,190.53125,159.25,False,,,,,,,,,,,,,,,
session_20260630_103628,images_ok_raw/ok_20260630_103938_000100.jpg,images_ok_raw,100,0,model,1,ripe,0.881617,strong,strong,,,1,ripe,1,ripe,,,False,,,False,,0.628099,4864.0,6791.425781,0.972603,0.0,0.972603,0.0,337.625,456.53125,80.3125,84.5625,False,,,,,,,,,,,,,,,
session_20260630_103628,images_ok_raw/ok_20260630_103938_000100.jpg,images_ok_raw,100,1,model,1,ripe,0.827826,strong,strong,,,1,ripe,1,ripe,,,False,,,False,,0.636364,4928.0,5919.804688,0.959459,0.013514,0.972973,0.0,418.625,277.25,79.0625,74.875,False,,,,,,,,,,,,,,,
session_20260630_103628,images_ok_raw/ok_20260630_103938_000100.jpg,images_ok_raw,100,2,model,2,unripe,0.884835,weak,color_corrected,weak/noise bad_color gy=0.00,unripe_to_ripe_by_mask_color,2,unripe,1,ripe,1,ripe,True,unripe_to_ripe_by_mask_color,0.9,False,,0.69,4416.0,5292.117188,0.033333,0.866667,0.9,0.0,395.03125,393.421875,71.5,74.015625,False,,,,,,,,,,,,,,,
session_20260630_103628,images_ok_raw/ok_20260630_103938_000100.jpg,images_ok_raw,100,3,model,1,ripe,0.770463,weak,review,weak/noise conf 0.77<0.80,near_threshold_ripe_color_mask_support,1,ripe,1,ripe,,,False,,,True,near_threshold_ripe_color_mask_support,0.613636,3456.0,4843.410156,0.962264,0.0,0.962264,0.0,301.296875,418.5625,79.953125,60.578125,False,,,,,,,,,,,,,,,
session_20260630_103628,images_ok_raw/ok_20260630_103938_000100.jpg,images_ok_raw,100,4,model,1,ripe,0.566019,weak,weak,weak/noise conf 0.57<0.80,,1,ripe,1,ripe,,,False,,,False,,0.6875,2816.0,2996.671875,0.951219,0.0,0.951219,0.0,398.5625,199.46875,54.554688,54.929688,False,,,,,,,,,,,,,,,
session_20260630_103628,images_ok_raw/ok_20260630_103938_000100.jpg,images_ok_raw,100,5,model,0,eripe bunch,0.172174,noise,noise,weak/noise conf 0.17<0.70,,0,eripe bunch,0,eripe bunch,,,False,,,False,,0.075652,5568.0,68948.34375,0.083333,0.0,0.083333,0.75,303.25,182.625,191.125,360.75,False,,,,,,,,,,,,,,,
session_20260630_103628,images_ok_raw/ok_20260630_103939_000101.jpg,images_ok_raw,101,0,model,2,unripe,0.886417,strong,strong,,,2,unripe,2,unripe,,,False,,,False,,0.68,4352.0,5242.382812,0.0,0.985294,0.985294,0.588235,456.96875,589.8125,72.9375,71.875,False,,,,,,,,,,,,,,,
session_20260630_103628,images_ok_raw/ok_20260630_103939_000101.jpg,images_ok_raw,101,1,model,1,ripe,0.804406,strong,strong,,,1,ripe,1,ripe,,,False,,,False,,0.628099,4864.0,5902.791992,0.789474,0.171053,0.960526,0.092105,478.875,471.390625,78.6875,75.015625,False,,,,,,,,,,,,,,,
session_20260630_103628,images_ok_raw/ok_20260630_103939_000101.jpg,images_ok_raw,101,2,model,3,unripe bunch,0.799442,strong,strong,,,3,unripe bunch,3,unripe bunch,,,False,,,False,,0.082509,5653.650879,66848.859375,0.0,0.105335,0.105335,0.968536,360.322266,383.719147,199.093353,335.766388,False,,,,,,,,,,,,,,,
session_20260630_103628,images_ok_raw/ok_20260630_103939_000101.jpg,images_ok_raw,101,3,model,1,ripe,0.697608,weak,weak,weak/noise conf 0.70<0.80,,1,ripe,1,ripe,,,False,,,False,,0.565657,3584.0,5041.07666,0.839286,0.107143,0.946429,0.035714,362.3125,614.609375,80.15625,62.890625,False,,,,,,,,,,,,,,,
session_20260630_103628,images_ok_raw/ok_20260630_103939_000101.jpg,images_ok_raw,101,4,model,1,ripe,0.558327,weak,weak,weak/noise conf 0.56<0.80 roi,,1,ripe,1,ripe,,,False,,,False,,0.656566,4160.0,5022.092285,0.861538,0.138462,1.0,0.0,399.8125,655.3125,79.3125,63.320312,False,,,,,,,,,,,,,,,
session_20260630_103628,images_ok_raw/ok_20260630_103939_000101.jpg,images_ok_raw,101,5,model,2,unripe,0.554471,weak,weak,weak/noise conf 0.55<0.85 roi bad_color gy=0.00,,2,unripe,2,unripe,,,False,,,False,,0.656566,4160.0,5246.577148,0.861538,0.138462,1.0,0.0,400.5625,654.03125,79.53125,65.96875,False,,,,,,,,,,,,,,,
session_20260630_103628,images_ok_raw/ok_20260630_103939_000101.jpg,images_ok_raw,101,6,model,3,unripe bunch,0.392337,weak,weak,weak/noise conf 0.39<0.70,,3,unripe bunch,3,unripe bunch,,,False,,,False,,0.060345,2688.0,42985.6875,0.0,0.054054,0.054054,0.972973,361.9375,489.125,189.0,227.4375,False,,,,,,,,,,,,,,,
session_20260630_103628,images_ok_raw/ok_20260630_103939_000101.jpg,images_ok_raw,101,7,model,1,ripe,0.250913,noise,noise,weak/noise conf 0.25<0.80,,1,ripe,1,ripe,,,False,,,False,,0.640625,2624.0,2897.4375,0.853659,0.097561,0.951219,0.04878,460.0625,395.4375,54.0,53.65625,False,,,,,,,,,,,,,,,
session_20260630_103628,images_ok_raw/ok_20260630_103939_000101.jpg,images_ok_raw,101,8,model,2,unripe,0.187727,noise,noise,weak/noise conf 0.19<0.85,,2,unripe,2,unripe,,,False,,,False,,0.6375,3264.0,3925.434814,0.0,0.58,0.58,0.56,493.21875,635.671875,53.578125,73.265625,False,,,,,,,,,,,,,,,
session_20260630_103628,images_ok_raw/ok_20260630_103940_000102.jpg,images_ok_raw,102,0,model,1,ripe,0.894791,strong,strong,,,1,ripe,1,ripe,,,False,,,False,,0.71978,8384.0,10269.790039,0.824427,0.145038,0.969466,0.045802,425.78125,509.65625,102.21875,100.46875,False,,,,,,,,,,,,,,,
session_20260630_103628,images_ok_raw/ok_20260630_103940_000102.jpg,images_ok_raw,102,1,model,1,ripe,0.862465,strong,strong,,,1,ripe,1,ripe,,,False,,,False,,0.757576,4800.0,5165.136719,0.893333,0.026667,0.92,0.08,400.75,407.375,70.9375,72.8125,False,,,,,,,,,,,,,,,
session_20260630_103628,images_ok_raw/ok_20260630_103940_000102.jpg,images_ok_raw,102,2,model,2,unripe,0.803174,weak,weak,weak/noise conf 0.80<0.85 roi,,2,unripe,2,unripe,,,False,,,False,,0.769231,4480.0,5283.507324,0.0,0.985714,0.985714,0.957143,394.0,666.546875,98.84375,53.453125,False,,,,,,,,,,,,,,,
session_20260630_103628,images_ok_raw/ok_20260630_103940_000102.jpg,images_ok_raw,102,3,model,3,unripe bunch,0.579401,weak,weak,weak/noise conf 0.58<0.70 tomatoes_inside 1<2,,3,unripe bunch,3,unripe bunch,,,False,,,False,,0.108519,6848.0,58392.367188,0.0,0.113208,0.113208,0.981132,290.125,454.625,223.03125,261.8125,False,,,,,,,,,,,,,,,
session_20260630_103628,images_ok_raw/ok_20260630_103940_000102.jpg,images_ok_raw,102,4,model,1,ripe,0.511717,weak,weak,weak/noise conf 0.51<0.80 roi,,1,ripe,1,ripe,,,False,,,False,,0.666667,1280.0,1216.280029,0.75,0.25,1.0,0.05,291.625,702.951172,74.875,16.244141,False,,,,,,,,,,,,,,,
session_20260630_103628,images_ok_raw/ok_20260630_103940_000102.jpg,images_ok_raw,102,5,model,3,unripe bunch,0.421552,weak,weak,weak/noise conf 0.42<0.70 roi bunch_not_larger tomatoes_inside 0<2,,3,unripe bunch,3,unripe bunch,,,False,,,False,,0.193416,3008.0,13696.611328,0.0,0.065217,0.065217,1.0,289.5,654.09375,213.125,64.265625,False,,,,,,,,,,,,,,,
session_20260630_103628,images_ok_raw/ok_20260630_103941_000103.jpg,images_ok_raw,103,0,model,1,ripe,0.89181,strong,strong,,,1,ripe,1,ripe,,,False,,,False,,0.708791,8256.0,10139.513672,0.821705,0.162791,0.984496,0.023256,645.03125,507.171875,100.875,100.515625,False,,,,,,,,,,,,,,,
session_20260630_103628,images_ok_raw/ok_20260630_103941_000103.jpg,images_ok_raw,103,1,model,1,ripe,0.867934,strong,strong,,,1,ripe,1,ripe,,,False,,,False,,0.71,4544.0,5096.443359,0.859155,0.140845,1.0,0.028169,613.53125,408.625,70.96875,71.8125,False,,,,,,,,,,,,,,,
session_20260630_103628,images_ok_raw/ok_20260630_103941_000103.jpg,images_ok_raw,103,2,model,2,unripe,0.834406,weak,weak,weak/noise conf 0.83<0.85 roi,,2,unripe,2,unripe,,,False,,,False,,0.769231,4480.0,5219.667969,0.0,0.971429,0.971429,0.957143,623.90625,664.0625,93.3125,55.9375,False,,,,,,,,,,,,,,,
session_20260630_103628,images_ok_raw/ok_20260630_103941_000103.jpg,images_ok_raw,103,3,model,3,unripe bunch,0.728748,weak,weak,weak/noise low_bunch_density,,3,unripe bunch,3,unripe bunch,,,False,,,False,,0.055715,2699.637695,47229.679688,0.0,0.072046,0.072046,0.994236,597.995117,399.125,147.906006,319.322266,False,,,,,,,,,,,,,,,
session_20260630_103628,images_ok_raw/ok_20260630_103941_000103.jpg,images_ok_raw,103,4,model,3,unripe bunch,0.605799,weak,weak,weak/noise conf 0.61<0.70 tomatoes_inside 0<2,,3,unripe bunch,3,unripe bunch,,,False,,,False,,0.154882,2944.0,18685.265625,0.0,0.0,0.0,1.0,521.25,632.25,212.9375,87.75,False,,,,,,,,,,,,,,,
session_20260630_103628,images_ok_raw/ok_20260630_103941_000103.jpg,images_ok_raw,103,5,model,3,unripe bunch,0.486332,weak,weak,weak/noise conf 0.49<0.70,,3,unripe bunch,3,unripe bunch,,,False,,,False,,0.083333,5568.0,61271.285156,0.0,0.045977,0.045977,0.988506,519.5,436.75,216.9375,282.4375,False,,,,,,,,,,,,,,,
session_20260630_103628,images_ok_raw/ok_20260630_103941_000103.jpg,images_ok_raw,103,6,model,1,ripe,0.19498,noise,noise,weak/noise conf 0.19<0.80 roi,,1,ripe,1,ripe,,,False,,,False,,0.833333,960.0,988.125,0.733333,0.266667,1.0,0.066667,526.9375,704.5,63.75,15.5,False,,,,,,,,,,,,,,,
session_20260630_103628,images_ok_raw/ok_20260630_103941_000103.jpg,images_ok_raw,103,7,model,2,unripe,0.190121,noise,noise,weak/noise conf 0.19<0.85 roi,,2,unripe,2,unripe,,,False,,,False,,0.625,960.0,950.72937,0.733333,0.2,0.933333,0.133333,533.25,702.569336,58.390625,16.282227,False,,,,,,,,,,,,,,,
session_20260630_103628,images_ok_raw/ok_20260630_103942_000104.jpg,images_ok_raw,104,0,model,1,ripe,0.922483,strong,strong,,,1,ripe,1,ripe,,,False,,,False,,0.693878,8704.0,10330.482422,0.933824,0.066176,1.0,0.007353,647.9375,268.34375,101.0625,102.21875,False,,,,,,,,,,,,,,,
session_20260630_103628,images_ok_raw/ok_20260630_103942_000104.jpg,images_ok_raw,104,1,model,1,ripe,0.91671,strong,strong,,,1,ripe,1,ripe,,,False,,,False,,0.72807,15936.0,20035.595703,0.84739,0.124498,0.971888,0.056225,693.546875,410.375,143.015625,140.09375,False,,,,,,,,,,,,,,,
session_20260630_103628,images_ok_raw/ok_20260630_103942_000104.jpg,images_ok_raw,104,2,model,2,unripe,0.884835,strong,strong,,,2,unripe,2,unripe,,,False,,,False,,0.75463,10432.0,12188.146484,0.0,0.969136,0.969136,0.950617,662.40625,628.9375,133.84375,91.0625,False,,,,,,,,,,,,,,,
session_20260630_103628,images_ok_raw/ok_20260630_103942_000104.jpg,images_ok_raw,104,3,model,1,ripe,0.781331,weak,weak,weak/noise conf 0.78<0.80 roi,,1,ripe,1,ripe,,,False,,,False,,0.635294,3456.0,4425.520508,0.833333,0.148148,0.981481,0.018519,508.8125,682.71875,124.9375,35.421875,False,,,,,,,,,,,,,,,
session_20260630_103628,images_ok_raw/ok_20260630_103942_000104.jpg,images_ok_raw,104,4,model,3,unripe bunch,0.455199,weak,weak,weak/noise conf 0.46<0.70,,3,unripe bunch,3,unripe bunch,,,False,,,False,,0.080509,10888.154297,131417.875,0.0,0.036145,0.036145,0.996988,542.870117,261.927734,289.053223,454.649414,False,,,,,,,,,,,,,,,
session_20260630_103628,images_ok_raw/ok_20260630_103942_000104.jpg,images_ok_raw,104,5,model,2,unripe,0.222024,noise,noise,weak/noise conf 0.22<0.85 roi,,2,unripe,2,unripe,,,False,,,False,,0.527778,2432.0,3688.845703,0.0,0.0,0.0,1.0,0.0,34.75,59.125,62.390625,False,,,,,,,,,,,,,,,
session_20260630_103628,images_ok_raw/ok_20260630_103943_000105.jpg,images_ok_raw,105,0,model,1,ripe,0.918483,strong,strong,,,1,ripe,1,ripe,,,False,,,False,,0.700831,16192.0,20139.707031,0.931452,0.032258,0.96371,0.016129,695.625,182.125,143.375,140.46875,False,,,,,,,,,,,,,,,
session_20260630_103628,images_ok_raw/ok_20260630_103943_000105.jpg,images_ok_raw,105,1,model,1,ripe,0.910542,strong,strong,,,1,ripe,1,ripe,,,False,,,False,,0.763736,8896.0,10583.754883,0.985611,0.0,0.985611,0.0,651.09375,38.625,100.46875,105.34375,False,,,,,,,,,,,,,,,
session_20260630_103628,images_ok_raw/ok_20260630_103943_000105.jpg,images_ok_raw,105,2,model,1,ripe,0.908615,strong,strong,,,1,ripe,1,ripe,,,False,,,False,,0.595,15232.0,22321.693359,0.97479,0.021008,0.995798,0.004202,567.6875,526.0,147.140625,151.703125,False,,,,,,,,,,,,,,,
session_20260630_103628,images_ok_raw/ok_20260630_103943_000105.jpg,images_ok_raw,105,3,model,1,ripe,0.904653,strong,strong,,,1,ripe,1,ripe,,,False,,,False,,0.586667,11264.0,17075.257812,0.971591,0.011364,0.982955,0.0,495.75,458.0625,148.078125,115.3125,False,,,,,,,,,,,,,,,
session_20260630_103628,images_ok_raw/ok_20260630_103943_000105.jpg,images_ok_raw,105,4,model,0,eripe bunch,0.755636,strong,strong,,,0,eripe bunch,0,eripe bunch,,,False,,,False,,0.112963,27328.0,286682.40625,0.017778,0.053333,0.071111,0.951111,468.290009,0.0,398.170013,720.0,False,class_corrected_unripe_bunch_to_eripe_bunch_supported_by_ripe_singles,,,,,,,,,,,,,,
session_20260630_103628,images_ok_raw/ok_20260630_103943_000105.jpg,images_ok_raw,105,5,model,2,unripe,0.923591,weak,color_corrected,weak/noise bad_color gy=0.06,unripe_to_ripe_by_mask_color,2,unripe,1,ripe,1,ripe,True,unripe_to_ripe_by_mask_color,0.8990830000000001,False,,0.748366,14656.0,17703.90625,0.0,0.963303,0.963303,0.06422,664.5,401.8125,131.75,134.375,False,,,,,,,,,,,,,,,
session_20260630_103628,images_ok_raw/ok_20260630_103943_000105.jpg,images_ok_raw,105,6,model,1,ripe,0.713831,weak,weak,weak/noise conf 0.71<0.80,,1,ripe,1,ripe,,,False,,,False,,0.617647,12096.0,17743.103516,0.392,0.216,0.608,0.296,710.25,490.03125,127.734375,138.90625,False,,,,,,,,,,,,,,,
session_20260630_103628,images_ok_raw/ok_20260630_103945_000106.jpg,images_ok_raw,106,0,model,1,ripe,0.930456,strong,strong,,,1,ripe,1,ripe,,,False,,,False,,0.683794,22144.0,28370.800781,0.960961,0.015015,0.975976,0.003003,703.0,147.25,169.0625,167.8125,False,,,,,,,,,,,,,,,
session_20260630_103628,images_ok_raw/ok_20260630_103945_000106.jpg,images_ok_raw,106,1,model,1,ripe,0.926302,strong,strong,,,1,ripe,1,ripe,,,False,,,False,,0.567506,15872.0,25158.28125,0.967742,0.0,0.967742,0.0,468.5,473.625,175.625,143.25,False,,,,,,,,,,,,,,,
session_20260630_103628,images_ok_raw/ok_20260630_103945_000106.jpg,images_ok_raw,106,2,model,1,ripe,0.920221,strong,strong,,,1,ripe,1,ripe,,,False,,,False,,0.679654,20096.0,28023.662109,0.99361,0.0,0.99361,0.0,555.0,556.125,171.5625,163.34375,False,,,,,,,,,,,,,,,
session_20260630_103628,images_ok_raw/ok_20260630_103945_000106.jpg,images_ok_raw,106,3,model,1,ripe,0.896978,strong,strong,,,1,ripe,1,ripe,,,False,,,False,,0.798077,10624.0,12117.267578,1.0,0.0,1.0,0.0,652.875,0.0,116.828125,103.71875,False,,,,,,,,,,,,,,,
session_20260630_103628,images_ok_raw/ok_20260630_103945_000106.jpg,images_ok_raw,106,4,model,1,ripe,0.854884,strong,strong,,,1,ripe,1,ripe,,,False,,,False,,0.569565,16768.0,26558.082031,0.367925,0.037736,0.40566,0.028302,718.375,503.25,152.6875,173.9375,False,,,,,,,,,,,,,,,
session_20260630_103628,images_ok_raw/ok_20260630_103945_000106.jpg,images_ok_raw,106,5,model,2,unripe,0.939916,weak,color_corrected,weak/noise bad_color gy=0.00,unripe_to_ripe_by_mask_color,2,unripe,1,ripe,1,ripe,True,unripe_to_ripe_by_mask_color,0.946429,False,,0.7825,20032.0,24566.080078,0.021429,0.928571,0.95,0.003571,666.9375,408.234375,154.125,159.390625,False,,,,,,,,,,,,,,,
session_20260630_103628,images_ok_raw/ok_20260630_103945_000106.jpg,images_ok_raw,106,6,model,3,unripe bunch,0.639736,weak,weak,weak/noise conf 0.64<0.70,,3,unripe bunch,3,unripe bunch,,,False,,,False,,0.112163,34112.0,292142.375,0.052083,0.052083,0.104167,0.802083,460.75,21.25,420.5,694.75,False,,,,,,,,,,,,,,,
session_20260630_103628,images_ok_raw/ok_20260630_103946_000107.jpg,images_ok_raw,107,0,model,1,ripe,0.945398,strong,strong,,,1,ripe,1,ripe,,,False,,,False,,0.695473,32448.0,41710.0,0.981211,0.008351,0.989562,0.002088,716.875,102.9375,205.53125,202.9375,False,,,,,,,,,,,,,,,
session_20260630_103628,images_ok_raw/ok_20260630_103946_000107.jpg,images_ok_raw,107,1,model,1,ripe,0.943761,strong,strong,,,1,ripe,1,ripe,,,False,,,False,,0.691964,19840.0,26246.472656,0.993548,0.003226,0.996774,0.0,533.3125,596.5625,213.875,122.71875,False,,,,,,,,,,,,,,,
session_20260630_103628,images_ok_raw/ok_20260630_103946_000107.jpg,images_ok_raw,107,2,model,1,ripe,0.937671,strong,strong,,,1,ripe,1,ripe,,,False,,,False,,0.574675,22656.0,35668.933594,0.977273,0.002841,0.980114,0.005682,431.0625,498.8125,213.1875,167.3125,False,,,,,,,,,,,,,,,
session_20260630_103628,images_ok_raw/ok_20260630_103946_000107.jpg,images_ok_raw,107,3,model,2,unripe,0.929948,weak,color_corrected,weak/noise bad_color gy=0.01,unripe_to_ripe_by_mask_color,2,unripe,1,ripe,1,ripe,True,unripe_to_ripe_by_mask_color,0.9273610000000001,False,,0.755,28992.0,36082.03125,0.024213,0.912833,0.937046,0.009685,673.1875,418.5625,187.5,192.4375,False,,,,,,,,,,,,,,,
session_20260630_103628,images_ok_raw/ok_20260630_103946_000107.jpg,images_ok_raw,107,4,model,1,ripe,0.823327,weak,weak,weak/noise roi,,1,ripe,1,ripe,,,False,,,False,,0.634921,5120.0,6213.683594,0.975,0.0,0.975,0.0,660.0,1.34375,132.25,46.984375,False,,,,,,,,,,,,,,,
session_20260630_103628,images_ok_raw/ok_20260630_103946_000107.jpg,images_ok_raw,107,5,model,1,ripe,0.759223,weak,review,weak/noise conf 0.76<0.80,near_threshold_ripe_color_mask_support,1,ripe,1,ripe,,,False,,,True,near_threshold_ripe_color_mask_support,0.622609,22912.0,35124.609375,0.337838,0.040541,0.378378,0.094595,728.625,537.625,193.125,181.875,False,,,,,,,,,,,,,,,
session_20260630_103628,images_ok_raw/ok_20260630_103946_000107.jpg,images_ok_raw,107,6,model,3,unripe bunch,0.19498,noise,noise,weak/noise conf 0.19<0.70,,3,unripe bunch,3,unripe bunch,,,False,,,False,,0.09488,20160.0,210905.90625,0.098592,0.140845,0.239437,0.605634,600.625,59.5,319.3125,660.5,False,,,,,,,,,,,,,,,
session_20260630_103628,images_ok_raw/ok_20260630_103947_000108.jpg,images_ok_raw,108,0,model,1,ripe,0.937671,strong,strong,,,1,ripe,1,ripe,,,False,,,False,,0.623016,30144.0,44996.542969,1.0,0.0,1.0,0.0,877.125,273.75,212.8125,211.4375,False,,,,,,,,,,,,,,,
session_20260630_103628,images_ok_raw/ok_20260630_103947_000108.jpg,images_ok_raw,108,1,model,1,ripe,0.917305,strong,strong,,,1,ripe,1,ripe,,,False,,,False,,0.636071,25280.0,37895.554688,0.890052,0.002618,0.89267,0.081152,770.625,176.3125,209.875,180.5625,False,,,,,,,,,,,,,,,
session_20260630_103628,images_ok_raw/ok_20260630_103947_000108.jpg,images_ok_raw,108,2,model,2,unripe,0.954645,weak,color_corrected,weak/noise bad_color gy=0.00,unripe_to_ripe_by_mask_color,2,unripe,1,ripe,1,ripe,True,unripe_to_ripe_by_mask_color,0.954217,False,,0.707692,29440.0,36533.65625,0.014458,0.942169,0.956627,0.00241,1013.75,87.875,188.5,193.8125,False,,,,,,,,,,,,,,,
session_20260630_103628,images_ok_raw/ok_20260630_103947_000108.jpg,images_ok_raw,108,3,model,0,eripe bunch,0.766291,weak,weak,weak/noise bad_color red=0.06 warm=0.24,,0,eripe bunch,0,eripe bunch,,,False,,,False,,0.064809,14144.0,210880.75,0.058824,0.176471,0.235294,0.529412,769.25,61.5,493.0,427.75,False,,,,,,,,,,,,,,,
session_20260630_103628,images_ok_raw/ok_20260630_103947_000108.jpg,images_ok_raw,108,4,model,1,ripe,0.717012,weak,weak,weak/noise conf 0.72<0.80,,1,ripe,1,ripe,,,False,,,False,,0.596667,22912.0,34736.929688,0.312102,0.019108,0.33121,0.019108,1083.3125,214.4375,183.1875,189.625,False,,,,,,,,,,,,,,,
session_20260630_103628,images_ok_raw/ok_20260630_103948_000109.jpg,images_ok_raw,109,0,model,1,ripe,0.937671,strong,strong,,,1,ripe,1,ripe,,,False,,,False,,0.667989,32320.0,45448.519531,0.965092,0.002053,0.967146,0.024641,875.875,273.875,213.8125,212.5625,False,,,,,,,,,,,,,,,
session_20260630_103628,images_ok_raw/ok_20260630_103948_000109.jpg,images_ok_raw,109,1,model,1,ripe,0.91671,strong,strong,,,1,ripe,1,ripe,,,False,,,False,,0.617284,25600.0,38735.296875,0.859838,0.0,0.859838,0.048518,770.5,176.1875,210.375,184.125,False,,,,,,,,,,,,,,,
session_20260630_103628,images_ok_raw/ok_20260630_103948_000109.jpg,images_ok_raw,109,2,model,2,unripe,0.950414,weak,color_corrected,weak/noise bad_color gy=0.00,unripe_to_ripe_by_mask_color,2,unripe,1,ripe,1,ripe,True,unripe_to_ripe_by_mask_color,0.950617,False,,0.712308,29632.0,36654.492188,0.037037,0.91358,0.950617,0.0,1013.5625,87.75,189.0625,193.875,False,,,,,,,,,,,,,,,
session_20260630_103628,images_ok_raw/ok_20260630_103948_000109.jpg,images_ok_raw,109,3,model,0,eripe bunch,0.787278,weak,weak,weak/noise low_bunch_density bad_color red=0.06 warm=0.23,,0,eripe bunch,0,eripe bunch,,,False,,,False,,0.058101,12416.0,206760.9375,0.06383,0.170213,0.234043,0.553191,767.625,64.25,489.375,422.5,False,,,,,,,,,,,,,,,
session_20260630_103628,images_ok_raw/ok_20260630_103948_000109.jpg,images_ok_raw,109,4,model,1,ripe,0.72952,weak,weak,weak/noise conf 0.73<0.80,,1,ripe,1,ripe,,,False,,,False,,0.591667,22720.0,35701.4375,0.227941,0.0,0.227941,0.044118,1083.375,212.625,183.96875,194.0625,False,,,,,,,,,,,,,,,
session_20260630_103628,images_ok_raw/ok_20260630_103949_000110.jpg,images_ok_raw,110,0,model,1,ripe,0.919067,strong,strong,,,1,ripe,1,ripe,,,False,,,False,,0.6675,17088.0,22553.792969,0.931174,0.008097,0.939271,0.036437,805.6875,298.875,150.5625,149.796875,False,,,,,,,,,,,,,,,
session_20260630_103628,images_ok_raw/ok_20260630_103949_000110.jpg,images_ok_raw,110,1,model,1,ripe,0.905323,strong,strong,,,1,ripe,1,ripe,,,False,,,False,,0.582237,11328.0,17216.394531,0.965517,0.0,0.965517,0.0,732.6875,231.46875,147.109375,117.03125,False,,,,,,,,,,,,,,,
session_20260630_103628,images_ok_raw/ok_20260630_103949_000110.jpg,images_ok_raw,110,2,model,1,ripe,0.894791,strong,strong,,,1,ripe,1,ripe,,,False,,,False,,0.731818,10304.0,12569.761719,0.993289,0.006711,1.0,0.0,927.046875,0.0,145.578125,86.34375,False,,,,,,,,,,,,,,,
session_20260630_103628,images_ok_raw/ok_20260630_103949_000110.jpg,images_ok_raw,110,3,model,0,eripe bunch,0.847465,strong,strong,,,0,eripe bunch,0,eripe bunch,,,False,,,False,,0.037405,8089.865234,191077.53125,0.03125,0.15625,0.1875,0.75,705.492493,0.0,394.327454,484.565613,False,class_corrected_unripe_bunch_to_eripe_bunch_supported_by_ripe_singles,,,,,,,,,,,,,,
session_20260630_103628,images_ok_raw/ok_20260630_103949_000110.jpg,images_ok_raw,110,4,model,2,unripe,0.925768,weak,color_corrected,weak/noise bad_color gy=0.00,unripe_to_ripe_by_mask_color,2,unripe,1,ripe,1,ripe,True,unripe_to_ripe_by_mask_color,0.950739,False,,0.712963,14784.0,18105.65625,0.039409,0.916256,0.955665,0.004926,901.3125,170.3125,133.375,135.75,False,,,,,,,,,,,,,,,
session_20260630_103628,images_ok_raw/ok_20260630_103949_000110.jpg,images_ok_raw,110,5,model,1,ripe,0.314892,weak,weak,weak/noise conf 0.31<0.80,,1,ripe,1,ripe,,,False,,,False,,0.635417,11712.0,17716.222656,0.294872,0.0,0.294872,0.051282,953.8125,257.375,124.625,142.15625,False,,,,,,,,,,,,,,,
session_20260630_103628,images_ok_raw/ok_20260630_103950_000111.jpg,images_ok_raw,111,0,model,1,ripe,0.911807,strong,strong,,,1,ripe,1,ripe,,,False,,,False,,0.551111,7936.0,11862.179688,0.99187,0.0,0.99187,0.0,980.9375,301.09375,108.609375,109.21875,False,,,,,,,,,,,,,,,
session_20260630_103628,images_ok_raw/ok_20260630_103950_000111.jpg,images_ok_raw,111,1,model,1,ripe,0.902611,strong,strong,,,1,ripe,1,ripe,,,False,,,False,,0.729592,9152.0,11151.147461,0.970803,0.0,0.970803,0.0,1058.53125,42.375,107.96875,103.28125,False,,,,,,,,,,,,,,,
session_20260630_103628,images_ok_raw/ok_20260630_103950_000111.jpg,images_ok_raw,111,2,model,1,ripe,0.86339,strong,strong,,,1,ripe,1,ripe,,,False,,,False,,0.565476,6080.0,8796.487305,0.968085,0.0,0.968085,0.0,924.875,255.625,103.8125,84.734375,False,,,,,,,,,,,,,,,
session_20260630_103628,images_ok_raw/ok_20260630_103950_000111.jpg,images_ok_raw,111,3,model,2,unripe,0.895525,weak,color_corrected,weak/noise bad_color gy=0.01,unripe_to_ripe_by_mask_color,2,unripe,1,ripe,1,ripe,True,unripe_to_ripe_by_mask_color,0.928571,False,,0.637755,8000.0,9794.80957,0.017857,0.919643,0.9375,0.008929,1046.21875,206.0,98.90625,99.03125,False,,,,,,,,,,,,,,,
session_20260630_103628,images_ok_raw/ok_20260630_103950_000111.jpg,images_ok_raw,111,4,model,3,unripe bunch,0.746879,weak,weak,weak/noise low_bunch_density,,3,unripe bunch,3,unripe bunch,,,False,,,False,,0.052909,7550.200195,138396.359375,0.090909,0.191919,0.282828,0.535354,921.057617,2.828516,254.838379,543.075012,False,,,,,,,,,,,,,,,
session_20260630_103628,images_ok_raw/ok_20260630_103950_000111.jpg,images_ok_raw,111,5,model,0,eripe bunch,0.638835,weak,weak,weak/noise conf 0.64<0.70,,0,eripe bunch,0,eripe bunch,,,False,,,False,,0.081585,8960.0,104840.328125,0.125,0.125,0.25,0.625,922.625,0.0,254.3125,412.25,False,,,,,,,,,,,,,,,
session_20260630_103628,images_ok_raw/ok_20260630_103950_000111.jpg,images_ok_raw,111,6,model,1,ripe,0.492188,weak,weak,weak/noise conf 0.49<0.80 roi,,1,ripe,1,ripe,,,False,,,False,,0.518519,896.0,1191.716187,1.0,0.0,1.0,0.0,1024.9375,0.0,64.4375,18.494141,False,,,,,,,,,,,,,,,
session_20260630_103628,images_ok_raw/ok_20260630_103950_000111.jpg,images_ok_raw,111,7,model,2,unripe,0.227471,noise,noise,weak/noise conf 0.23<0.85 bad_color gy=0.00,,2,unripe,2,unripe,,,False,,,False,,0.49359,4928.0,8212.876953,0.375,0.0,0.375,0.0,1090.09375,268.125,86.9375,94.46875,False,,,,,,,,,,,,,,,
session_20260630_103628,images_ok_raw/ok_20260630_103951_000112.jpg,images_ok_raw,112,0,model,1,ripe,0.897698,strong,strong,,,1,ripe,1,ripe,,,False,,,False,,0.683673,8576.0,10490.075195,0.930233,0.007752,0.937984,0.007752,478.25,70.296875,102.828125,102.015625,False,,,,,,,,,,,,,,,
session_20260630_103628,images_ok_raw/ok_20260630_103951_000112.jpg,images_ok_raw,112,1,model,1,ripe,0.891053,strong,strong,,,1,ripe,1,ripe,,,False,,,False,,0.632653,7936.0,11518.426758,0.96748,0.00813,0.97561,0.0,377.96875,313.9375,105.28125,109.40625,False,,,,,,,,,,,,,,,
session_20260630_103628,images_ok_raw/ok_20260630_103951_000112.jpg,images_ok_raw,112,2,model,1,ripe,0.866132,strong,strong,,,1,ripe,1,ripe,,,False,,,False,,0.547619,5888.0,8787.216797,0.978022,0.0,0.978022,0.0,328.03125,262.375,104.84375,83.8125,False,,,,,,,,,,,,,,,
session_20260630_103628,images_ok_raw/ok_20260630_103951_000112.jpg,images_ok_raw,112,3,model,2,unripe,0.920793,weak,color_corrected,weak/noise bad_color gy=0.01,unripe_to_ripe_by_mask_color,2,unripe,1,ripe,1,ripe,True,unripe_to_ripe_by_mask_color,0.9056599999999999,False,,0.715976,7744.0,9280.335938,0.04717,0.867925,0.915094,0.009434,452.03125,225.53125,92.6875,100.125,False,,,,,,,,,,,,,,,
session_20260630_103628,images_ok_raw/ok_20260630_103951_000112.jpg,images_ok_raw,112,4,model,1,ripe,0.7773,weak,weak,weak/noise conf 0.78<0.80 roi,,1,ripe,1,ripe,,,False,,,False,,0.74,2368.0,2869.076172,0.972973,0.0,0.972973,0.0,451.625,0.0,72.84375,39.386719,False,,,,,,,,,,,,,,,
session_20260630_103628,images_ok_raw/ok_20260630_103951_000112.jpg,images_ok_raw,112,5,model,3,unripe bunch,0.510741,weak,weak,weak/noise conf 0.51<0.70 low_bunch_density,,3,unripe bunch,3,unripe bunch,,,False,,,False,,0.057367,8409.651367,143391.296875,0.039604,0.09901,0.138614,0.564356,323.580475,3.351562,261.086731,549.209412,False,,,,,,,,,,,,,,,
session_20260630_103628,images_ok_raw/ok_20260630_103951_000112.jpg,images_ok_raw,112,6,model,3,unripe bunch,0.49707,weak,weak,weak/noise conf 0.50<0.70,,3,unripe bunch,3,unripe bunch,,,False,,,False,,0.086335,9664.0,107307.265625,0.043478,0.043478,0.086957,0.73913,325.0,3.125,256.5625,418.25,False,,,,,,,,,,,,,,,
session_20260630_103628,images_ok_raw/ok_20260630_103951_000112.jpg,images_ok_raw,112,7,model,0,eripe bunch,0.206894,noise,noise,weak/noise conf 0.21<0.70 bad_color red=0.04 warm=0.08,,0,eripe bunch,0,eripe bunch,,,False,,,False,,0.079599,8640.0,105603.75,0.041667,0.041667,0.083333,0.708333,331.25,0.0,251.4375,420.0,False,,,,,,,,,,,,,,,
session_20260630_103628,images_ok_raw/ok_20260630_103952_000113.jpg,images_ok_raw,113,0,model,2,unripe,0.818738,weak,review,weak/noise conf 0.82<0.85,near_threshold_unripe_color_mask_support,2,unripe,2,unripe,,,False,,,True,near_threshold_unripe_color_mask_support,0.704545,5952.0,6898.862305,0.11236,0.595506,0.707865,0.460674,390.25,573.3125,83.78125,82.34375,False,,,,,,,,,,,,,,,
session_20260630_103628,images_ok_raw/ok_20260630_103952_000113.jpg,images_ok_raw,113,1,model,2,unripe,0.368405,weak,weak,weak/noise conf 0.37<0.85 roi,,2,unripe,2,unripe,,,False,,,False,,0.655556,3776.0,4312.675781,0.0,0.966102,0.966102,0.169492,1.703125,55.8125,38.765625,111.25,False,,,,,,,,,,,,,,,
session_20260630_103628,images_ok_raw/ok_20260630_103953_000114.jpg,images_ok_raw,114,0,model,2,unripe,0.860601,strong,strong,,,2,unripe,2,unripe,,,False,,,False,,0.727273,5632.0,6598.066406,0.0,0.034483,0.034483,0.965517,626.34375,347.0,79.75,82.734375,False,,,,,,,,,,,,,,,
session_20260630_103628,images_ok_raw/ok_20260630_103953_000114.jpg,images_ok_raw,114,1,model,2,unripe,0.817577,weak,color_corrected,weak/noise conf 0.82<0.85 bad_color gy=0.08,unripe_to_ripe_by_mask_color,2,unripe,1,ripe,1,ripe,True,unripe_to_ripe_by_mask_color,0.796875,False,,0.681818,5760.0,6682.478516,0.375,0.5,0.875,0.078125,487.46875,186.3125,83.875,79.671875,False,,,,,,,,,,,,,,,
session_20260630_103628,images_ok_raw/ok_20260630_103953_000114.jpg,images_ok_raw,114,2,model,2,unripe,0.5,weak,weak,weak/noise conf 0.50<0.85,,2,unripe,2,unripe,,,False,,,False,,0.609091,4288.0,5375.025879,0.0,0.0,0.0,1.0,628.03125,174.5625,70.21875,76.546875,False,,,,,,,,,,,,,,,
session_20260630_103628,images_ok_raw/ok_20260630_103953_000114.jpg,images_ok_raw,114,3,model,1,ripe,0.411111,weak,weak,weak/noise conf 0.41<0.80,,1,ripe,1,ripe,,,False,,,False,,0.795455,6720.0,7198.508789,0.539474,0.052632,0.592105,0.236842,482.75,94.78125,81.65625,88.15625,False,,,,,,,,,,,,,,,
session_20260630_103628,images_ok_raw/ok_20260630_103953_000114.jpg,images_ok_raw,114,4,model,2,unripe,0.286169,noise,noise,weak/noise conf 0.29<0.85 roi,,2,unripe,2,unripe,,,False,,,False,,0.618182,2176.0,2490.453369,0.0,0.0,0.0,1.0,1056.90625,686.890625,79.734375,31.234375,False,,,,,,,,,,,,,,,
session_20260630_103628,images_ok_raw/ok_20260630_103954_000115.jpg,images_ok_raw,115,0,model,1,ripe,0.883235,strong,strong,,,1,ripe,1,ripe,,,False,,,False,,0.692982,15168.0,19233.660156,0.461039,0.25974,0.720779,0.149351,537.75,70.625,139.4375,137.9375,False,,,,,,,,,,,,,,,
session_20260630_103628,images_ok_raw/ok_20260630_103954_000115.jpg,images_ok_raw,115,1,model,2,unripe,0.881617,strong,strong,,,2,unripe,2,unripe,,,False,,,False,,0.719136,14912.0,18210.179688,0.0,0.0,0.0,1.0,767.984375,338.8125,134.703125,135.1875,False,,,,,,,,,,,,,,,
session_20260630_103628,images_ok_raw/ok_20260630_103954_000115.jpg,images_ok_raw,115,2,model,1,ripe,0.814053,weak,weak,weak/noise roi,,1,ripe,1,ripe,,,False,,,False,,0.709877,7360.0,9027.267578,0.833333,0.0,0.833333,0.011111,534.75,1.4375,134.4375,67.148438,False,,,,,,,,,,,,,,,
session_20260630_103628,images_ok_raw/ok_20260630_103954_000115.jpg,images_ok_raw,115,3,model,2,unripe,0.196826,noise,noise,weak/noise conf 0.20<0.85,,2,unripe,2,unripe,,,False,,,False,,0.746914,15488.0,19633.90625,0.0,0.0,0.0,1.0,771.0,42.820312,140.0,140.242188,False,,,,,,,,,,,,,,,
session_20260630_103628,images_ok_raw/ok_20260630_103954_000115.jpg,images_ok_raw,115,4,model,2,unripe,0.177812,noise,noise,weak/noise conf 0.18<0.85 roi,,2,unripe,2,unripe,,,False,,,False,,0.736264,4288.0,5099.022949,0.0,0.0,0.0,0.971429,1228.078125,280.84375,51.359375,99.28125,False,,,,,,,,,,,,,,,
session_20260630_103628,images_ok_raw/ok_20260630_103955_000116.jpg,images_ok_raw,116,0,model,2,unripe,0.884037,strong,strong,,,2,unripe,2,unripe,,,False,,,False,,0.796296,11008.0,13105.260742,0.0,0.0,0.0,0.976744,859.078125,626.125,139.859375,93.703125,False,,,,,,,,,,,,,,,
session_20260630_103628,images_ok_raw/ok_20260630_103955_000116.jpg,images_ok_raw,116,1,model,1,ripe,0.830042,strong,strong,,,1,ripe,1,ripe,,,False,,,False,,0.737654,15296.0,18570.896484,0.496644,0.214765,0.711409,0.09396,627.703125,363.375,138.734375,133.859375,False,,,,,,,,,,,,,,,
session_20260630_103628,images_ok_raw/ok_20260630_103955_000116.jpg,images_ok_raw,116,2,model,1,ripe,0.812868,strong,strong,,,1,ripe,1,ripe,,,False,,,False,,0.754386,16512.0,18832.945312,0.60119,0.0,0.60119,0.184524,617.8125,221.4375,134.28125,140.25,False,,,,,,,,,,,,,,,
session_20260630_103628,images_ok_raw/ok_20260630_103955_000116.jpg,images_ok_raw,116,3,model,2,unripe,0.203708,noise,noise,weak/noise conf 0.20<0.85,,2,unripe,2,unripe,,,False,,,False,,0.734568,15232.0,18711.566406,0.496644,0.214765,0.711409,0.09396,627.4375,362.648438,138.5,135.101562,False,,,,,,,,,,,,,,,
session_20260630_103628,images_ok_raw/ok_20260630_103955_000116.jpg,images_ok_raw,116,4,model,2,unripe,0.150029,noise,noise,weak/noise conf 0.15<0.85 roi,,2,unripe,2,unripe,,,False,,,False,,0.610714,10944.0,15519.558594,0.0,0.0,0.0,1.0,1.210938,19.5625,72.289062,214.6875,False,,,,,,,,,,,,,,,
session_20260630_103628,images_ok_raw/ok_20260630_103956_000117.jpg,images_ok_raw,117,0,model,1,ripe,0.892562,strong,strong,,,1,ripe,1,ripe,,,False,,,False,,0.771242,15104.0,18058.044922,0.503401,0.197279,0.70068,0.020408,766.25,360.65625,136.0625,132.71875,False,,,,,,,,,,,,,,,
session_20260630_103628,images_ok_raw/ok_20260630_103956_000117.jpg,images_ok_raw,117,1,model,2,unripe,0.874938,strong,strong,,,2,unripe,2,unripe,,,False,,,False,,0.769231,11520.0,14196.064453,0.0,0.0,0.0,1.0,1000.25,619.3125,141.5625,100.28125,False,,,,,,,,,,,,,,,
session_20260630_103628,images_ok_raw/ok_20260630_103956_000117.jpg,images_ok_raw,117,2,model,1,ripe,0.823327,strong,strong,,,1,ripe,1,ripe,,,False,,,False,,0.781046,15296.0,17933.015625,0.635802,0.0,0.635802,0.111111,762.0625,220.875,129.0,139.015625,False,,,,,,,,,,,,,,,
session_20260630_103628,images_ok_raw/ok_20260630_103957_000118.jpg,images_ok_raw,118,0,model,2,unripe,0.879973,strong,strong,,,2,unripe,2,unripe,,,False,,,False,,0.759259,13120.0,15520.6875,0.0,0.0,0.0,1.0,672.25,607.4375,138.0,112.46875,False,,,,,,,,,,,,,,,
session_20260630_103628,images_ok_raw/ok_20260630_103957_000118.jpg,images_ok_raw,118,1,model,1,ripe,0.866132,strong,strong,,,1,ripe,1,ripe,,,False,,,False,,0.817901,16960.0,19333.904297,0.648352,0.0,0.648352,0.126374,434.0625,194.09375,138.6875,139.40625,False,,,,,,,,,,,,,,,
session_20260630_103628,images_ok_raw/ok_20260630_103957_000118.jpg,images_ok_raw,118,2,model,1,ripe,0.81048,strong,strong,,,1,ripe,1,ripe,,,False,,,False,,0.704678,15424.0,19181.982422,0.468354,0.227848,0.696203,0.088608,443.6875,335.6875,142.1875,134.90625,False,,,,,,,,,,,,,,,
session_20260630_103628,images_ok_raw/ok_20260630_103957_000118.jpg,images_ok_raw,118,3,model,2,unripe,0.2227,noise,noise,weak/noise conf 0.22<0.85 roi,,2,unripe,2,unripe,,,False,,,False,,0.714286,3200.0,4120.632324,0.0,0.0,0.0,1.0,1145.625,680.78125,107.3125,38.398438,False,,,,,,,,,,,,,,,
session_20260630_103628,images_ok_raw/ok_20260630_103957_000118.jpg,images_ok_raw,118,4,model,2,unripe,0.222024,noise,noise,weak/noise conf 0.22<0.85,,2,unripe,2,unripe,,,False,,,False,,0.735294,14400.0,17619.628906,0.0,0.0,0.0,1.0,680.125,308.875,128.875,136.71875,False,,,,,,,,,,,,,,,
session_20260630_103628,images_ok_raw/ok_20260630_103957_000118.jpg,images_ok_raw,118,5,model,2,unripe,0.202443,noise,noise,weak/noise conf 0.20<0.85 roi,,2,unripe,2,unripe,,,False,,,False,,0.630769,2624.0,2955.199951,0.0,0.0,0.0,0.428571,561.0625,687.5625,97.140625,30.421875,False,,,,,,,,,,,,,,,
session_20260630_103628,images_ok_raw/ok_20260630_103957_000118.jpg,images_ok_raw,118,6,model,2,unripe,0.176673,noise,noise,weak/noise conf 0.18<0.85,,2,unripe,2,unripe,,,False,,,False,,0.864372,27328.0,30936.179688,0.0,0.0,0.0,0.990132,1129.125,217.3125,150.039062,206.1875,False,,,,,,,,,,,,,,,
session_20260630_103628,images_ok_raw/ok_20260630_103957_000118.jpg,images_ok_raw,118,7,model,2,unripe,0.162379,noise,noise,weak/noise conf 0.16<0.85,,2,unripe,2,unripe,,,False,,,False,,0.707602,15488.0,19071.259766,0.477987,0.226415,0.704403,0.08805,443.6875,335.328125,140.375,135.859375,False,,,,,,,,,,,,,,,
session_20260630_103628,images_ok_raw/ok_20260630_103957_000118.jpg,images_ok_raw,118,8,model,3,unripe bunch,0.157135,noise,noise,weak/noise conf 0.16<0.70 low_bunch_density,,3,unripe bunch,3,unripe bunch,,,False,,,False,,0.035131,8256.0,231487.59375,0.098361,0.0,0.098361,0.852459,408.0,178.5,430.875,537.25,False,,,,,,,,,,,,,,,
session_20260630_103628,images_ok_raw/ok_20260630_103958_000119.jpg,images_ok_raw,119,0,model,2,unripe,0.846959,weak,color_corrected,weak/noise conf 0.85<0.85,unripe_to_ripe_by_mask_color,2,unripe,1,ripe,1,ripe,True,unripe_to_ripe_by_mask_color,0.5625,False,,0.690909,4864.0,5640.541992,0.4375,0.291667,0.729167,0.166667,458.6875,356.15625,78.5625,71.796875,False,,,,,,,,,,,,,,,
session_20260630_103628,images_ok_raw/ok_20260630_103958_000119.jpg,images_ok_raw,119,1,model,1,ripe,0.675764,weak,weak,weak/noise conf 0.68<0.80,,1,ripe,1,ripe,,,False,,,False,,0.727273,5120.0,5793.539062,0.701754,0.0,0.701754,0.035088,449.65625,279.1875,77.765625,74.5,False,,,,,,,,,,,,,,,
session_20260630_103628,images_ok_raw/ok_20260630_103958_000119.jpg,images_ok_raw,119,2,model,2,unripe,0.16398,noise,noise,weak/noise conf 0.16<0.85 roi,,2,unripe,2,unripe,,,False,,,False,,0.625,1280.0,1274.420166,0.0,0.0,0.0,1.0,667.703125,695.335938,55.296875,23.046875,False,,,,,,,,,,,,,,,
session_20260630_103628,images_ok_raw/ok_20260630_104009_000120.jpg,images_ok_raw,120,0,model,1,ripe,0.825588,strong,strong,,,1,ripe,1,ripe,,,False,,,False,,0.634921,2560.0,2858.532715,0.75,0.138889,0.888889,0.083333,671.703125,392.390625,58.078125,49.21875,False,,,,,,,,,,,,,,,
session_20260630_103628,images_ok_raw/ok_20260630_104009_000120.jpg,images_ok_raw,120,1,model,3,unripe bunch,0.886417,weak,weak,weak/noise tomatoes_inside 1<2,,3,unripe bunch,3,unripe bunch,,,False,,,False,,0.13447,5378.383301,38513.367188,0.0,0.028249,0.028249,0.988701,666.243347,366.667572,160.878494,239.394135,False,,,,,,,,,,,,,,,
session_20260630_103628,images_ok_raw/ok_20260630_104009_000120.jpg,images_ok_raw,120,2,model,2,unripe,0.832236,weak,review,weak/noise conf 0.83<0.85,near_threshold_unripe_color_mask_support,2,unripe,2,unripe,,,False,,,True,near_threshold_unripe_color_mask_support,0.732143,2624.0,2787.837402,0.0,0.0,0.0,1.0,691.125,454.875,57.140625,48.789062,False,,,,,,,,,,,,,,,
session_20260630_103628,images_ok_raw/ok_20260630_104009_000120.jpg,images_ok_raw,120,3,model,2,unripe,0.789233,weak,weak,weak/noise conf 0.79<0.85,,2,unripe,2,unripe,,,False,,,False,,0.678571,2432.0,2671.404785,0.0,0.0,0.0,1.0,746.203125,444.53125,56.203125,47.53125,False,,,,,,,,,,,,,,,
session_20260630_103628,images_ok_raw/ok_20260630_104009_000120.jpg,images_ok_raw,120,4,model,2,unripe,0.787931,weak,weak,weak/noise conf 0.79<0.85,,2,unripe,2,unripe,,,False,,,False,,0.833333,2560.0,2537.96875,0.0,0.0,0.0,1.0,767.0625,488.625,54.09375,46.917969,False,,,,,,,,,,,,,,,
session_20260630_103628,images_ok_raw/ok_20260630_104009_000120.jpg,images_ok_raw,120,5,model,3,unripe bunch,0.783988,weak,weak,weak/noise tomatoes_inside 1<2,,3,unripe bunch,3,unripe bunch,,,False,,,False,,0.140625,5184.0,34960.148438,0.0,0.014925,0.014925,0.985075,682.75,355.0,138.9375,251.625,False,,,,,,,,,,,,,,,
session_20260630_103628,images_ok_raw/ok_20260630_104009_000120.jpg,images_ok_raw,120,6,model,2,unripe,0.779993,weak,weak,weak/noise conf 0.78<0.85,,2,unripe,2,unripe,,,False,,,False,,0.678571,2432.0,2674.108887,0.0,0.0,0.0,1.0,775.15625,540.0625,55.65625,48.046875,False,,,,,,,,,,,,,,,
session_20260630_103628,images_ok_raw/ok_20260630_104009_000120.jpg,images_ok_raw,120,7,model,2,unripe,0.766291,weak,weak,weak/noise conf 0.77<0.85,,2,unripe,2,unripe,,,False,,,False,,0.770833,2368.0,2292.191162,0.0,0.0,0.0,1.0,700.703125,514.429688,51.71875,44.320312,False,,,,,,,,,,,,,,,
session_20260630_103628,images_ok_raw/ok_20260630_104009_000120.jpg,images_ok_raw,120,8,model,2,unripe,0.764889,weak,color_corrected,weak/noise conf 0.76<0.85,unripe_to_ripe_by_mask_color,2,unripe,1,ripe,1,ripe,True,unripe_to_ripe_by_mask_color,0.62069,False,,0.612245,1920.0,2142.927246,0.0,0.862069,0.862069,0.241379,744.265625,389.453125,49.78125,43.046875,False,,,,,,,,,,,,,,,
session_20260630_103628,images_ok_raw/ok_20260630_104009_000120.jpg,images_ok_raw,120,9,model,2,unripe,0.764889,weak,weak,weak/noise conf 0.76<0.85,,2,unripe,2,unripe,,,False,,,False,,0.642857,1728.0,1635.068359,0.0,0.0,0.0,1.0,703.804688,561.875,42.195312,38.75,False,,,,,,,,,,,,,,,
session_20260630_103628,images_ok_raw/ok_20260630_104009_000120.jpg,images_ok_raw,120,10,model,2,unripe,0.511717,weak,weak,weak/noise conf 0.51<0.85,,2,unripe,2,unripe,,,False,,,False,,0.6,768.0,811.895752,0.0,0.0,0.0,1.0,780.554688,584.71875,33.523438,24.21875,False,,,,,,,,,,,,,,,
session_20260630_103628,images_ok_raw/ok_20260630_104009_000120.jpg,images_ok_raw,120,11,model,2,unripe,0.401688,weak,weak,weak/noise conf 0.40<0.85,,2,unripe,2,unripe,,,False,,,False,,0.666667,1536.0,1551.619141,0.0,0.0,0.0,1.0,1191.21875,571.859375,39.34375,39.4375,False,,,,,,,,,,,,,,,
session_20260630_103628,images_ok_raw/ok_20260630_104009_000120.jpg,images_ok_raw,120,12,model,1,ripe,0.251647,noise,noise,weak/noise conf 0.25<0.80,,1,ripe,1,ripe,,,False,,,False,,0.607143,2176.0,2424.807617,0.0,0.8125,0.8125,0.3125,740.648438,389.453125,52.695312,46.015625,False,,,,,,,,,,,,,,,
session_20260630_103628,images_ok_raw/ok_20260630_104009_000120.jpg,images_ok_raw,120,13,model,1,ripe,0.200558,noise,noise,weak/noise conf 0.20<0.80,,1,ripe,1,ripe,,,False,,,False,,0.666667,1792.0,2044.302124,0.740741,0.222222,0.962963,0.111111,1133.125,305.894531,49.695312,41.136719,False,,,,,,,,,,,,,,,
session_20260630_103628,images_ok_raw/ok_20260630_104009_000120.jpg,images_ok_raw,120,14,model,2,unripe,0.186539,noise,noise,weak/noise conf 0.19<0.85,,2,unripe,2,unripe,,,False,,,False,,0.722222,3328.0,3694.968262,0.0,0.0,0.0,1.0,75.90625,385.28125,67.46875,54.765625,False,,,,,,,,,,,,,,,
session_20260630_103628,images_ok_raw/ok_20260630_104009_000120.jpg,images_ok_raw,120,15,model,1,ripe,0.166134,noise,noise,weak/noise conf 0.17<0.80,,1,ripe,1,ripe,,,False,,,False,,0.714286,2560.0,2619.803223,0.578947,0.315789,0.894737,0.131579,734.34375,295.28125,53.96875,48.542969,False,,,,,,,,,,,,,,,
session_20260630_103628,images_ok_raw/ok_20260630_104010_000121.jpg,images_ok_raw,121,0,model,2,unripe,0.87579,strong,strong,,,2,unripe,2,unripe,,,False,,,False,,0.656805,7104.0,8737.880859,0.0,0.0,0.0,1.0,361.65625,510.59375,94.6875,92.28125,False,,,,,,,,,,,,,,,
session_20260630_103628,images_ok_raw/ok_20260630_104010_000121.jpg,images_ok_raw,121,1,model,2,unripe,0.864309,strong,strong,,,2,unripe,2,unripe,,,False,,,False,,0.666667,6144.0,7211.430176,0.0,0.0,0.0,1.0,458.453125,502.96875,86.203125,83.65625,False,,,,,,,,,,,,,,,
session_20260630_103628,images_ok_raw/ok_20260630_104010_000121.jpg,images_ok_raw,121,2,model,2,unripe,0.862465,strong,strong,,,2,unripe,2,unripe,,,False,,,False,,0.743802,5760.0,6608.790527,0.0,0.0,0.0,1.0,492.59375,577.203125,82.59375,80.015625,False,,,,,,,,,,,,,,,
session_20260630_103628,images_ok_raw/ok_20260630_104010_000121.jpg,images_ok_raw,121,3,model,3,unripe bunch,0.862465,strong,strong,,,3,unripe bunch,3,unripe bunch,,,False,,,False,,0.12441,13504.0,44320.296875,0.010526,0.010526,0.021053,0.957895,344.573761,490.628754,247.696259,178.930023,False,supported_by_unripe_singles,,,,,,,,,,,,,,
session_20260630_103628,images_ok_raw/ok_20260630_104010_000121.jpg,images_ok_raw,121,4,model,1,ripe,0.837621,strong,strong,,,1,ripe,1,ripe,,,False,,,False,,0.734848,6208.0,7347.476562,0.904762,0.0,0.904762,0.0,334.5,419.875,88.640625,82.890625,False,,,,,,,,,,,,,,,
session_20260630_103628,images_ok_raw/ok_20260630_104010_000121.jpg,images_ok_raw,121,5,model,1,ripe,0.825588,strong,strong,,,1,ripe,1,ripe,,,False,,,False,,0.715278,6592.0,7425.043945,0.835294,0.070588,0.905882,0.0,436.9375,255.46875,89.15625,83.28125,False,,,,,,,,,,,,,,,
session_20260630_103628,images_ok_raw/ok_20260630_104010_000121.jpg,images_ok_raw,121,6,model,2,unripe,0.801936,weak,weak,weak/noise conf 0.80<0.85 roi,,2,unripe,2,unripe,,,False,,,False,,0.772727,4352.0,4809.466309,0.0,0.0,0.0,1.0,499.78125,662.648438,83.859375,57.351562,False,,,,,,,,,,,,,,,
session_20260630_103628,images_ok_raw/ok_20260630_104010_000121.jpg,images_ok_raw,121,7,model,2,unripe,0.800692,weak,review,weak/noise conf 0.80<0.85,near_threshold_unripe_color_mask_support,2,unripe,2,unripe,,,False,,,True,near_threshold_unripe_color_mask_support,0.692308,6336.0,7211.21875,0.0,0.0,0.0,1.0,375.75,618.15625,91.28125,79.0,False,,,,,,,,,,,,,,,
session_20260630_103628,images_ok_raw/ok_20260630_104010_000121.jpg,images_ok_raw,121,8,model,1,ripe,0.428234,weak,weak,weak/noise conf 0.43<0.80,,1,ripe,1,ripe,,,False,,,False,,0.736364,5184.0,5870.053711,0.594595,0.27027,0.864865,0.108108,452.59375,418.6875,77.78125,75.46875,False,,,,,,,,,,,,,,,
session_20260630_103628,images_ok_raw/ok_20260630_104010_000121.jpg,images_ok_raw,121,9,model,2,unripe,0.244364,noise,noise,weak/noise conf 0.24<0.85,,2,unripe,2,unripe,,,False,,,False,,0.793651,3200.0,3377.65625,0.0,0.0,0.0,1.0,407.28125,360.28125,61.578125,54.851562,False,,,,,,,,,,,,,,,
session_20260630_103628,images_ok_raw/ok_20260630_104010_000121.jpg,images_ok_raw,121,10,model,2,unripe,0.202443,noise,noise,weak/noise conf 0.20<0.85 roi bad_color gy=0.00 tomato_sanity_failed warm=0.00 red=0.00 gy=0.00,,2,unripe,2,unripe,,,False,,,False,,0.444444,512.0,643.046631,0.0,0.0,0.0,0.0,407.171875,700.84375,36.46875,17.632812,False,,,,,,,,,,,,,,,
session_20260630_103628,images_ok_raw/ok_20260630_104011_000122.jpg,images_ok_raw,122,0,model,3,unripe bunch,0.906981,strong,strong,,,3,unripe bunch,3,unripe bunch,,,False,,,False,,0.158318,16384.0,24746.363281,0.0,0.0,0.0,0.992308,335.26001,112.535004,137.60498,179.836243,False,supported_by_unripe_singles,,,,,,,,,,,,,,
session_20260630_103628,images_ok_raw/ok_20260630_104011_000122.jpg,images_ok_raw,122,1,model,2,unripe,0.879147,strong,strong,,,2,unripe,2,unripe,,,False,,,False,,0.757576,6400.0,7128.516602,0.0,0.0,0.0,1.0,374.71875,199.5625,88.65625,80.40625,False,,,,,,,,,,,,,,,
session_20260630_103628,images_ok_raw/ok_20260630_104011_000122.jpg,images_ok_raw,122,2,model,2,unripe,0.861536,strong,strong,,,2,unripe,2,unripe,,,False,,,False,,0.75,6336.0,7207.521973,0.0,0.0,0.0,1.0,344.75,124.9375,87.28125,82.578125,False,,,,,,,,,,,,,,,
session_20260630_103628,images_ok_raw/ok_20260630_104011_000122.jpg,images_ok_raw,122,3,model,2,unripe,0.844924,weak,review,weak/noise conf 0.84<0.85,near_threshold_unripe_color_mask_support,2,unripe,2,unripe,,,False,,,True,near_threshold_unripe_color_mask_support,0.674242,5696.0,6684.296875,0.0,0.0,0.0,1.0,389.21875,287.34375,83.75,79.8125,False,,,,,,,,,,,,,,,
session_20260630_103628,images_ok_raw/ok_20260630_104011_000122.jpg,images_ok_raw,122,4,model,2,unripe,0.833324,weak,review,weak/noise conf 0.83<0.85,near_threshold_unripe_color_mask_support,2,unripe,2,unripe,,,False,,,True,near_threshold_unripe_color_mask_support,0.680556,6272.0,7479.087891,0.0,0.0,0.0,1.0,264.625,238.65625,88.9375,84.09375,False,,,,,,,,,,,,,,,
session_20260630_103628,images_ok_raw/ok_20260630_104011_000122.jpg,images_ok_raw,122,5,model,2,unripe,0.827826,weak,review,weak/noise conf 0.83<0.85,near_threshold_unripe_color_mask_support,2,unripe,2,unripe,,,False,,,True,near_threshold_unripe_color_mask_support,0.734375,3008.0,3446.481934,0.0,0.0,0.0,0.909091,272.328125,324.445312,58.890625,58.523438,False,,,,,,,,,,,,,,,
session_20260630_103628,images_ok_raw/ok_20260630_104011_000122.jpg,images_ok_raw,122,6,model,2,unripe,0.825588,weak,review,weak/noise conf 0.83<0.85,near_threshold_unripe_color_mask_support,2,unripe,2,unripe,,,False,,,True,near_threshold_unripe_color_mask_support,0.680473,7360.0,8761.025391,0.0,0.0,0.0,1.0,247.84375,131.484375,93.125,94.078125,False,,,,,,,,,,,,,,,
session_20260630_103628,images_ok_raw/ok_20260630_104011_000122.jpg,images_ok_raw,122,7,model,1,ripe,0.781331,weak,review,weak/noise conf 0.78<0.80,near_threshold_ripe_color_mask_support,1,ripe,1,ripe,,,False,,,True,near_threshold_ripe_color_mask_support,0.694444,6400.0,7496.709473,0.939759,0.0,0.939759,0.0,218.125,36.421875,89.03125,84.203125,False,,,,,,,,,,,,,,,
session_20260630_103628,images_ok_raw/ok_20260630_104011_000122.jpg,images_ok_raw,122,8,model,1,ripe,0.779993,weak,review,weak/noise conf 0.78<0.80,near_threshold_ripe_color_mask_support,1,ripe,1,ripe,,,False,,,True,near_threshold_ripe_color_mask_support,0.781818,5504.0,6206.604004,0.486486,0.378378,0.864865,0.108108,338.1875,34.015625,79.84375,77.734375,False,,,,,,,,,,,,,,,
session_20260630_103628,images_ok_raw/ok_20260630_104011_000122.jpg,images_ok_raw,122,9,model,2,unripe,0.752012,weak,weak,weak/noise conf 0.75<0.85,,2,unripe,2,unripe,,,False,,,False,,0.738095,1984.0,1976.649536,0.0,0.0,0.0,1.0,395.851562,361.25,50.460938,39.171875,False,,,,,,,,,,,,,,,
session_20260630_103628,images_ok_raw/ok_20260630_104011_000122.jpg,images_ok_raw,122,10,model,2,unripe,0.70253,weak,weak,weak/noise conf 0.70<0.85,,2,unripe,2,unripe,,,False,,,False,,0.583333,2688.0,3299.835938,0.0,0.0,0.0,1.0,1059.8125,348.5625,53.25,61.96875,False,,,,,,,,,,,,,,,
session_20260630_103628,images_ok_raw/ok_20260630_104011_000122.jpg,images_ok_raw,122,11,model,1,ripe,0.236519,noise,noise,weak/noise conf 0.24<0.80,,1,ripe,1,ripe,,,False,,,False,,0.718182,5056.0,5634.492188,0.835616,0.027397,0.863014,0.054795,1071.203125,588.96875,68.296875,82.5,False,,,,,,,,,,,,,,,
session_20260630_103628,images_ok_raw/ok_20260630_104012_000123.jpg,images_ok_raw,123,0,model,2,unripe,0.887201,strong,strong,,,2,unripe,2,unripe,,,False,,,False,,0.689394,5824.0,6952.148438,0.0,0.0,0.0,0.909091,487.125,273.625,84.75,82.03125,False,,,,,,,,,,,,,,,
session_20260630_103628,images_ok_raw/ok_20260630_104012_000123.jpg,images_ok_raw,123,1,model,2,unripe,0.884835,strong,strong,,,2,unripe,2,unripe,,,False,,,False,,0.769231,8960.0,10316.356445,0.0,0.0,0.0,1.0,181.625,568.3125,95.21875,108.34375,False,,,,,,,,,,,,,,,
session_20260630_103628,images_ok_raw/ok_20260630_104012_000123.jpg,images_ok_raw,123,2,model,2,unripe,0.649579,weak,weak,weak/noise conf 0.65<0.85,,2,unripe,2,unripe,,,False,,,False,,0.777778,3136.0,3153.195801,0.0,0.0,0.0,1.0,425.84375,295.21875,67.15625,46.953125,False,,,,,,,,,,,,,,,
session_20260630_103628,images_ok_raw/ok_20260630_104012_000123.jpg,images_ok_raw,123,3,model,2,unripe,0.615088,weak,weak,weak/noise conf 0.62<0.85,,2,unripe,2,unripe,,,False,,,False,,0.765625,3136.0,3339.562988,0.0,0.0,0.0,1.0,457.34375,243.0,60.453125,55.242188,False,,,,,,,,,,,,,,,
session_20260630_103628,images_ok_raw/ok_20260630_104012_000123.jpg,images_ok_raw,123,4,model,1,ripe,0.560253,weak,weak,weak/noise conf 0.56<0.80,,1,ripe,1,ripe,,,False,,,False,,0.736364,5184.0,6157.652832,0.414286,0.0,0.414286,0.0,431.609375,153.625,80.328125,76.65625,False,,,,,,,,,,,,,,,
session_20260630_103628,images_ok_raw/ok_20260630_104012_000123.jpg,images_ok_raw,123,5,model,2,unripe,0.282988,noise,noise,weak/noise conf 0.28<0.85 roi,,2,unripe,2,unripe,,,False,,,False,,0.759259,2624.0,2735.069824,0.0,0.0,0.0,1.0,1213.71875,0.671875,64.4375,42.445312,False,,,,,,,,,,,,,,,
session_20260630_103628,images_ok_raw/ok_20260630_104012_000123.jpg,images_ok_raw,123,6,model,3,unripe bunch,0.203075,noise,noise,weak/noise conf 0.20<0.70 low_bunch_density tomatoes_inside 1<2,,3,unripe bunch,3,unripe bunch,,,False,,,False,,0.048148,2496.0,50460.28125,0.0,0.0,0.0,0.454545,337.625,145.53125,236.9375,212.96875,False,,,,,,,,,,,,,,,
session_20260630_103628,images_ok_raw/ok_20260630_104012_000123.jpg,images_ok_raw,123,7,model,2,unripe,0.184767,noise,noise,weak/noise conf 0.18<0.85 bad_color gy=0.00,,2,unripe,2,unripe,,,False,,,False,,0.709091,4992.0,6095.759766,0.414286,0.0,0.414286,0.0,430.84375,154.734375,80.125,76.078125,False,,,,,,,,,,,,,,,
session_20260630_103628,images_ok_raw/ok_20260630_104013_000124.jpg,images_ok_raw,124,0,model,2,unripe,0.866132,strong,strong,,,2,unripe,2,unripe,,,False,,,False,,0.709091,4992.0,5915.195801,0.0,0.0,0.0,1.0,681.21875,163.1875,75.203125,78.65625,False,,,,,,,,,,,,,,,
session_20260630_103628,images_ok_raw/ok_20260630_104013_000124.jpg,images_ok_raw,124,1,model,1,ripe,0.82446,strong,strong,,,1,ripe,1,ripe,,,False,,,False,,0.752066,5824.0,6516.200195,0.807692,0.064103,0.871795,0.089744,494.171875,42.6875,77.171875,84.4375,False,,,,,,,,,,,,,,,
session_20260630_103628,images_ok_raw/ok_20260630_104013_000124.jpg,images_ok_raw,124,2,model,2,unripe,0.815233,weak,review,weak/noise conf 0.82<0.85,near_threshold_unripe_color_mask_support,2,unripe,2,unripe,,,False,,,True,near_threshold_unripe_color_mask_support,0.65,4992.0,6468.933105,0.0,0.0,0.0,1.0,944.90625,62.0625,78.859375,82.03125,False,,,,,,,,,,,,,,,
session_20260630_103628,images_ok_raw/ok_20260630_104013_000124.jpg,images_ok_raw,124,3,model,1,ripe,0.794385,weak,review,weak/noise conf 0.79<0.80,near_threshold_ripe_color_mask_support,1,ripe,1,ripe,,,False,,,True,near_threshold_ripe_color_mask_support,0.636905,6848.0,8481.319336,0.970588,0.019608,0.990196,0.009804,510.71875,117.21875,83.84375,101.15625,False,,,,,,,,,,,,,,,
session_20260630_103628,images_ok_raw/ok_20260630_104013_000124.jpg,images_ok_raw,124,4,model,2,unripe,0.7773,weak,weak,weak/noise conf 0.78<0.85,,2,unripe,2,unripe,,,False,,,False,,0.625,2880.0,3403.423828,0.0,0.0,0.0,1.0,738.46875,231.1875,56.8125,59.90625,False,,,,,,,,,,,,,,,
session_20260630_103628,images_ok_raw/ok_20260630_104013_000124.jpg,images_ok_raw,124,5,model,2,unripe,0.775945,weak,weak,weak/noise conf 0.78<0.85,,2,unripe,2,unripe,,,False,,,False,,0.734694,2304.0,2403.920898,0.0,0.0,0.0,1.0,659.53125,299.21875,50.617188,47.492188,False,,,,,,,,,,,,,,,
session_20260630_103628,images_ok_raw/ok_20260630_104013_000124.jpg,images_ok_raw,124,6,model,2,unripe,0.759223,weak,weak,weak/noise conf 0.76<0.85,,2,unripe,2,unripe,,,False,,,False,,0.611111,5632.0,6716.109375,0.0,0.0,0.0,1.0,934.75,166.625,81.5,82.40625,False,,,,,,,,,,,,,,,
session_20260630_103628,images_ok_raw/ok_20260630_104013_000124.jpg,images_ok_raw,124,7,model,2,unripe,0.72952,weak,weak,weak/noise conf 0.73<0.85,,2,unripe,2,unripe,,,False,,,False,,0.763889,3520.0,3939.44751,0.0,0.0,0.0,1.0,625.921875,238.15625,60.796875,64.796875,False,,,,,,,,,,,,,,,
session_20260630_103628,images_ok_raw/ok_20260630_104013_000124.jpg,images_ok_raw,124,8,model,3,unripe bunch,0.704974,weak,weak,weak/noise low_bunch_density,,3,unripe bunch,3,unripe bunch,,,False,,,False,,0.04753,4864.0,98052.0625,0.0,0.0,0.0,1.0,490.0,39.875,309.3125,317.0,False,,,,,,,,,,,,,,,
session_20260630_103628,images_ok_raw/ok_20260630_104013_000124.jpg,images_ok_raw,124,9,model,2,unripe,0.685108,weak,color_corrected,weak/noise conf 0.69<0.85 bad_color gy=0.03,unripe_to_ripe_by_mask_color,2,unripe,1,ripe,1,ripe,True,unripe_to_ripe_by_mask_color,0.961538,False,,0.661157,5120.0,6666.150879,0.192308,0.794872,0.987179,0.025641,543.90625,209.125,78.5625,84.851562,False,,,,,,,,,,,,,,,
session_20260630_103628,images_ok_raw/ok_20260630_104013_000124.jpg,images_ok_raw,124,10,model,2,unripe,0.521471,weak,weak,weak/noise conf 0.52<0.85,,2,unripe,2,unripe,,,False,,,False,,0.707071,4480.0,4849.01123,0.0,0.033333,0.033333,0.933333,1021.078125,100.4375,63.671875,76.15625,False,,,,,,,,,,,,,,,
session_20260630_103628,images_ok_raw/ok_20260630_104013_000124.jpg,images_ok_raw,124,11,model,2,unripe,0.490236,weak,weak,weak/noise conf 0.49<0.85,,2,unripe,2,unripe,,,False,,,False,,0.62,3968.0,5155.019531,0.0,0.0,0.0,1.0,588.34375,324.046875,72.75,70.859375,False,,,,,,,,,,,,,,,
session_20260630_103628,images_ok_raw/ok_20260630_104013_000124.jpg,images_ok_raw,124,12,model,2,unripe,0.47658,weak,weak,weak/noise conf 0.48<0.85,,2,unripe,2,unripe,,,False,,,False,,0.569444,2624.0,3226.678711,0.4,0.366667,0.766667,0.1,917.71875,287.6875,51.109375,63.132812,False,,,,,,,,,,,,,,,
session_20260630_103628,images_ok_raw/ok_20260630_104013_000124.jpg,images_ok_raw,124,13,model,3,unripe bunch,0.384912,weak,weak,weak/noise conf 0.38<0.70 low_bunch_density tomatoes_inside 0<2,,3,unripe bunch,3,unripe bunch,,,False,,,False,,0.036005,1984.0,51488.085938,0.0,0.0,0.0,1.0,927.75,32.9375,159.375,323.0625,False,,,,,,,,,,,,,,,
session_20260630_103628,images_ok_raw/ok_20260630_104013_000124.jpg,images_ok_raw,124,14,model,2,unripe,0.294215,noise,noise,weak/noise conf 0.29<0.85,,2,unripe,2,unripe,,,False,,,False,,0.644444,3712.0,4569.021484,0.0,0.0,0.0,1.0,689.90625,45.15625,64.4375,70.90625,False,,,,,,,,,,,,,,,
session_20260630_103628,images_ok_raw/ok_20260630_104013_000124.jpg,images_ok_raw,124,15,model,2,unripe,0.264358,noise,noise,weak/noise conf 0.26<0.85,,2,unripe,2,unripe,,,False,,,False,,0.75,3840.0,4340.208008,0.0,0.0,0.0,1.0,1178.359375,356.921875,61.0625,71.078125,False,,,,,,,,,,,,,,,
session_20260630_103628,images_ok_raw/ok_20260630_104013_000124.jpg,images_ok_raw,124,16,model,2,unripe,0.180106,noise,noise,weak/noise conf 0.18<0.85,,2,unripe,2,unripe,,,False,,,False,,0.833333,1600.0,1441.497559,0.0,0.0,0.0,1.0,668.0625,235.589844,40.726562,35.394531,False,,,,,,,,,,,,,,,
session_20260630_103628,images_ok_raw/ok_20260630_104015_000125.jpg,images_ok_raw,125,0,model,2,unripe,0.854884,strong,strong,,,2,unripe,2,unripe,,,False,,,False,,0.708333,3264.0,3779.917969,0.0,0.0,0.0,1.0,9.1875,379.96875,65.453125,57.75,False,,,,,,,,,,,,,,,
session_20260630_103628,images_ok_raw/ok_20260630_104015_000125.jpg,images_ok_raw,125,1,model,2,unripe,0.82671,weak,review,weak/noise conf 0.83<0.85,near_threshold_unripe_color_mask_support,2,unripe,2,unripe,,,False,,,True,near_threshold_unripe_color_mask_support,0.652778,3008.0,3690.45752,0.0,0.0,0.0,1.0,17.4375,444.390625,64.65625,57.078125,False,,,,,,,,,,,,,,,
session_20260630_103628,images_ok_raw/ok_20260630_104015_000125.jpg,images_ok_raw,125,2,model,1,ripe,0.753466,weak,weak,weak/noise conf 0.75<0.80 roi,,1,ripe,1,ripe,,,False,,,False,,0.793651,3200.0,3159.642822,0.809524,0.071429,0.880952,0.047619,518.640625,667.234375,63.015625,50.140625,False,,,,,,,,,,,,,,,
session_20260630_103628,images_ok_raw/ok_20260630_104015_000125.jpg,images_ok_raw,125,3,model,2,unripe,0.726425,weak,weak,weak/noise conf 0.73<0.85 roi,,2,unripe,2,unripe,,,False,,,False,,0.625,2240.0,2574.952148,0.0,0.0,0.0,1.0,0.0,327.6875,51.53125,49.96875,False,,,,,,,,,,,,,,,
session_20260630_103628,images_ok_raw/ok_20260630_104015_000125.jpg,images_ok_raw,125,4,model,2,unripe,0.700894,weak,weak,weak/noise conf 0.70<0.85,,2,unripe,2,unripe,,,False,,,False,,0.821429,2944.0,3099.334717,0.0,0.0,0.0,1.0,958.3125,201.25,56.835938,54.53125,False,,,,,,,,,,,,,,,
session_20260630_103628,images_ok_raw/ok_20260630_104015_000125.jpg,images_ok_raw,125,5,model,2,unripe,0.687631,weak,weak,weak/noise conf 0.69<0.85,,2,unripe,2,unripe,,,False,,,False,,0.652778,3008.0,3635.57251,0.0,0.0,0.0,1.0,988.484375,275.046875,60.671875,59.921875,False,,,,,,,,,,,,,,,
session_20260630_103628,images_ok_raw/ok_20260630_104015_000125.jpg,images_ok_raw,125,6,model,2,unripe,0.660173,weak,weak,weak/noise conf 0.66<0.85,,2,unripe,2,unripe,,,False,,,False,,0.583333,1344.0,1252.465576,0.0,0.0,0.0,1.0,21.734375,495.90625,37.828125,33.109375,False,,,,,,,,,,,,,,,
session_20260630_103628,images_ok_raw/ok_20260630_104015_000125.jpg,images_ok_raw,125,7,model,2,unripe,0.658418,weak,weak,weak/noise conf 0.66<0.85 roi,,2,unripe,2,unripe,,,False,,,False,,0.675,1728.0,1976.533691,0.0,0.0,0.0,1.0,848.125,683.75,56.6875,34.867188,False,,,,,,,,,,,,,,,
session_20260630_103628,images_ok_raw/ok_20260630_104015_000125.jpg,images_ok_raw,125,8,model,2,unripe,0.656659,weak,color_corrected,weak/noise conf 0.66<0.85 bad_color gy=0.04,unripe_to_ripe_by_mask_color,2,unripe,1,ripe,1,ripe,True,unripe_to_ripe_by_mask_color,0.857143,False,,0.6625,3392.0,3722.917236,0.897959,0.0,0.897959,0.040816,1062.96875,20.578125,65.046875,57.234375,False,,,,,,,,,,,,,,,
session_20260630_103628,images_ok_raw/ok_20260630_104015_000125.jpg,images_ok_raw,125,9,model,2,unripe,0.654895,weak,weak,weak/noise conf 0.65<0.85 roi,,2,unripe,2,unripe,,,False,,,False,,0.785714,2112.0,2154.111572,0.0,0.0,0.0,1.0,661.609375,672.3125,47.359375,45.484375,False,,,,,,,,,,,,,,,
session_20260630_103628,images_ok_raw/ok_20260630_104015_000125.jpg,images_ok_raw,125,10,model,3,unripe bunch,0.488283,weak,weak,weak/noise conf 0.49<0.70 small_bunch_mask tomatoes_inside 1<2,,3,unripe bunch,3,unripe bunch,,,False,,,False,,0.061828,1472.0,20086.757812,0.0,0.0,0.0,1.0,3.9375,292.875,84.84375,236.75,False,,,,,,,,,,,,,,,
session_20260630_103628,images_ok_raw/ok_20260630_104015_000125.jpg,images_ok_raw,125,11,model,2,unripe,0.405449,weak,weak,weak/noise conf 0.41<0.85,,2,unripe,2,unripe,,,False,,,False,,0.7,1344.0,1500.496094,0.0,0.0,0.0,1.0,513.328125,496.015625,35.125,42.71875,False,,,,,,,,,,,,,,,
session_20260630_103628,images_ok_raw/ok_20260630_104015_000125.jpg,images_ok_raw,125,12,model,1,ripe,0.358466,weak,weak,weak/noise conf 0.36<0.80,,1,ripe,1,ripe,,,False,,,False,,0.785714,2112.0,2493.5625,0.846154,0.0,0.846154,0.0,513.015625,128.984375,53.625,46.5,False,,,,,,,,,,,,,,,
session_20260630_103628,images_ok_raw/ok_20260630_104015_000125.jpg,images_ok_raw,125,13,model,3,unripe bunch,0.342461,weak,weak,weak/noise conf 0.34<0.70 roi small_bunch_mask low_bunch_density bad_color gy=0.00 bunch_not_larger tomatoes_inside 0<2,,3,unripe bunch,3,unripe bunch,,,False,,,False,,0.0,0.0,3909.152588,0.0,0.0,0.0,0.0,515.953125,661.65625,67.640625,57.792969,False,,,,,,,,,,,,,,,
session_20260630_103628,images_ok_raw/ok_20260630_104015_000125.jpg,images_ok_raw,125,14,model,2,unripe,0.336331,weak,weak,weak/noise conf 0.34<0.85 roi bad_color gy=0.04,,2,unripe,2,unripe,,,False,,,False,,0.690476,1856.0,2171.580078,0.678571,0.321429,1.0,0.035714,0.742188,261.640625,43.148438,50.328125,False,,,,,,,,,,,,,,,
session_20260630_103628,images_ok_raw/ok_20260630_104015_000125.jpg,images_ok_raw,125,15,model,2,unripe,0.336331,weak,weak,weak/noise conf 0.34<0.85 bad_color gy=0.00,,2,unripe,2,unripe,,,False,,,False,,0.65625,2688.0,2882.243164,0.965517,0.0,0.965517,0.0,458.1875,175.640625,56.1875,51.296875,False,,,,,,,,,,,,,,,
session_20260630_103628,images_ok_raw/ok_20260630_104015_000125.jpg,images_ok_raw,125,16,model,1,ripe,0.26971,noise,noise,weak/noise conf 0.27<0.80 roi,,1,ripe,1,ripe,,,False,,,False,,0.733333,2112.0,2527.972412,0.857143,0.035714,0.892857,0.0,0.0,138.953125,39.703125,63.671875,False,,,,,,,,,,,,,,,
session_20260630_103628,images_ok_raw/ok_20260630_104015_000125.jpg,images_ok_raw,125,17,model,3,unripe bunch,0.262841,noise,noise,weak/noise conf 0.26<0.70 small_bunch_mask bad_color gy=0.00 tomatoes_inside 0<2,,3,unripe bunch,3,unripe bunch,,,False,,,False,,0.065934,768.0,9824.082031,0.6,0.0,0.6,0.0,459.5625,125.5625,98.75,99.484375,False,,,,,,,,,,,,,,,
session_20260630_103628,images_ok_raw/ok_20260630_104018_000126.jpg,images_ok_raw,126,0,model,2,unripe,0.859661,strong,strong,,,2,unripe,2,unripe,,,False,,,False,,0.62,3968.0,4699.261719,0.0,0.0,0.0,1.0,108.96875,603.375,67.859375,69.25,False,,,,,,,,,,,,,,,
session_20260630_103628,images_ok_raw/ok_20260630_104018_000126.jpg,images_ok_raw,126,1,model,1,ripe,0.839735,strong,strong,,,1,ripe,1,ripe,,,False,,,False,,0.698413,2816.0,3235.814209,0.547619,0.261905,0.809524,0.166667,638.25,189.5625,65.390625,49.484375,False,,,,,,,,,,,,,,,
session_20260630_103628,images_ok_raw/ok_20260630_104018_000126.jpg,images_ok_raw,126,2,model,2,unripe,0.828937,weak,review,weak/noise conf 0.83<0.85,near_threshold_unripe_color_mask_support,2,unripe,2,unripe,,,False,,,True,near_threshold_unripe_color_mask_support,0.666667,2688.0,3104.742432,0.0,0.0,0.0,1.0,751.59375,369.171875,58.015625,53.515625,False,,,,,,,,,,,,,,,
session_20260630_103628,images_ok_raw/ok_20260630_104018_000126.jpg,images_ok_raw,126,3,model,2,unripe,0.821044,weak,review,weak/noise conf 0.82<0.85,near_threshold_unripe_color_mask_support,2,unripe,2,unripe,,,False,,,True,near_threshold_unripe_color_mask_support,0.767857,2752.0,3145.682373,0.0,0.0,0.0,1.0,715.34375,321.492188,59.34375,53.007812,False,,,,,,,,,,,,,,,
session_20260630_103628,images_ok_raw/ok_20260630_104018_000126.jpg,images_ok_raw,126,4,model,3,unripe bunch,0.818738,weak,weak,weak/noise tomatoes_inside 1<2,,3,unripe bunch,3,unripe bunch,,,False,,,False,,0.10718,6592.0,57910.226562,0.0,0.0,0.0,1.0,642.625,177.3125,238.375,242.9375,False,,,,,,,,,,,,,,,
session_20260630_103628,images_ok_raw/ok_20260630_104018_000126.jpg,images_ok_raw,126,5,model,2,unripe,0.817577,weak,review,weak/noise conf 0.82<0.85,near_threshold_unripe_color_mask_support,2,unripe,2,unripe,,,False,,,True,near_threshold_unripe_color_mask_support,0.703125,2880.0,3273.733887,0.0,0.0,0.0,1.0,795.953125,297.53125,58.296875,56.15625,False,,,,,,,,,,,,,,,
session_20260630_103628,images_ok_raw/ok_20260630_104018_000126.jpg,images_ok_raw,126,6,model,2,unripe,0.814053,weak,review,weak/noise conf 0.81<0.85,near_threshold_unripe_color_mask_support,2,unripe,2,unripe,,,False,,,True,near_threshold_unripe_color_mask_support,0.671875,2752.0,3070.651855,0.0,0.0,0.0,1.0,759.40625,218.59375,55.671875,55.15625,False,,,,,,,,,,,,,,,
session_20260630_103628,images_ok_raw/ok_20260630_104018_000126.jpg,images_ok_raw,126,7,model,2,unripe,0.793106,weak,weak,weak/noise conf 0.79<0.85,,2,unripe,2,unripe,,,False,,,False,,0.696429,2496.0,2788.508789,0.0,0.0,0.0,1.0,715.984375,258.125,49.65625,56.15625,False,,,,,,,,,,,,,,,
session_20260630_103628,images_ok_raw/ok_20260630_104018_000126.jpg,images_ok_raw,126,8,model,2,unripe,0.786623,weak,weak,weak/noise conf 0.79<0.85,,2,unripe,2,unripe,,,False,,,False,,0.666667,3072.0,3566.496094,0.0,0.045455,0.045455,1.0,170.625,637.78125,57.25,62.296875,False,,,,,,,,,,,,,,,
session_20260630_103628,images_ok_raw/ok_20260630_104018_000126.jpg,images_ok_raw,126,9,model,2,unripe,0.782663,weak,weak,weak/noise conf 0.78<0.85,,2,unripe,2,unripe,,,False,,,False,,0.714286,2240.0,2331.511719,0.0,0.0,0.0,1.0,682.78125,294.921875,51.3125,45.4375,False,,,,,,,,,,,,,,,
session_20260630_103628,images_ok_raw/ok_20260630_104018_000126.jpg,images_ok_raw,126,10,model,2,unripe,0.770463,weak,weak,weak/noise conf 0.77<0.85,,2,unripe,2,unripe,,,False,,,False,,0.678571,2432.0,2642.397461,0.0,0.0,0.0,1.0,825.390625,343.578125,49.8125,53.046875,False,,,,,,,,,,,,,,,
session_20260630_103628,images_ok_raw/ok_20260630_104018_000126.jpg,images_ok_raw,126,11,model,2,unripe,0.769078,weak,weak,weak/noise conf 0.77<0.85,,2,unripe,2,unripe,,,False,,,False,,0.607143,2176.0,2814.509033,0.0,0.0,0.0,1.0,664.453125,246.40625,52.21875,53.898438,False,,,,,,,,,,,,,,,
session_20260630_103628,images_ok_raw/ok_20260630_104018_000126.jpg,images_ok_raw,126,12,model,3,unripe bunch,0.757793,weak,weak,weak/noise tomatoes_inside 1<2,,3,unripe bunch,3,unripe bunch,,,False,,,False,,0.078431,2048.0,22934.320312,0.0,0.0,0.0,1.0,103.28125,533.8125,123.46875,185.75,False,,,,,,,,,,,,,,,
session_20260630_103628,images_ok_raw/ok_20260630_104018_000126.jpg,images_ok_raw,126,13,model,2,unripe,0.663669,weak,weak,weak/noise conf 0.66<0.85 roi,,2,unripe,2,unripe,,,False,,,False,,0.75,1536.0,1541.126953,0.0,0.0,0.0,1.0,103.015625,691.054688,56.296875,27.375,False,,,,,,,,,,,,,,,
session_20260630_103628,images_ok_raw/ok_20260630_104018_000126.jpg,images_ok_raw,126,14,model,2,unripe,0.29747,noise,noise,weak/noise conf 0.30<0.85,,2,unripe,2,unripe,,,False,,,False,,0.8125,2496.0,2429.458008,0.0,0.222222,0.222222,0.888889,827.15625,482.59375,56.4375,43.046875,False,,,,,,,,,,,,,,,
session_20260630_103628,images_ok_raw/ok_20260630_104018_000126.jpg,images_ok_raw,126,15,model,2,unripe,0.29747,noise,noise,weak/noise conf 0.30<0.85 roi,,2,unripe,2,unripe,,,False,,,False,,0.569444,2624.0,2939.835938,0.0,0.0,0.0,1.0,415.890625,662.875,57.546875,51.085938,False,,,,,,,,,,,,,,,
session_20260630_103628,images_ok_raw/ok_20260630_104018_000126.jpg,images_ok_raw,126,16,model,2,unripe,0.27048,noise,noise,weak/noise conf 0.27<0.85,,2,unripe,2,unripe,,,False,,,False,,0.657143,2944.0,3537.908691,0.0,0.022727,0.022727,1.0,179.75,534.59375,51.671875,68.46875,False,,,,,,,,,,,,,,,
session_20260630_103628,images_ok_raw/ok_20260630_104018_000126.jpg,images_ok_raw,126,17,model,2,unripe,0.248717,noise,noise,weak/noise conf 0.25<0.85,,2,unripe,2,unripe,,,False,,,False,,0.685185,2368.0,2581.884766,0.0,0.0,0.0,1.0,706.46875,311.59375,43.484375,59.375,False,,,,,,,,,,,,,,,
session_20260630_103628,images_ok_raw/ok_20260630_104018_000126.jpg,images_ok_raw,126,18,model,2,unripe,0.2261,noise,noise,weak/noise conf 0.23<0.85,,2,unripe,2,unripe,,,False,,,False,,0.7,4032.0,4557.883301,0.0,0.0,0.0,1.0,250.421875,45.9375,71.671875,63.59375,False,,,,,,,,,,,,,,,
session_20260630_103628,images_ok_raw/ok_20260630_104018_000126.jpg,images_ok_raw,126,19,model,2,unripe,0.17329,noise,noise,weak/noise conf 0.17<0.85,,2,unripe,2,unripe,,,False,,,False,,0.714286,1920.0,2163.940918,0.0,0.0,0.0,1.0,912.59375,170.78125,50.046875,43.238281,False,,,,,,,,,,,,,,,
session_20260630_103628,images_ok_raw/ok_20260630_104020_000127.jpg,images_ok_raw,127,0,model,2,unripe,0.894052,strong,strong,,,2,unripe,2,unripe,,,False,,,False,,0.771626,14272.0,16698.40625,0.0,0.0,0.0,1.0,199.15625,195.125,127.46875,131.0,False,,,,,,,,,,,,,,,
session_20260630_103628,images_ok_raw/ok_20260630_104020_000127.jpg,images_ok_raw,127,1,model,2,unripe,0.850964,strong,strong,,,2,unripe,2,unripe,,,False,,,False,,0.669935,13120.0,16128.175781,0.0,0.0,0.0,1.0,125.8125,23.5625,131.625,122.53125,False,,,,,,,,,,,,,,,
session_20260630_103628,images_ok_raw/ok_20260630_104021_000128.jpg,images_ok_raw,128,0,model,2,unripe,0.833324,weak,review,weak/noise conf 0.83<0.85,near_threshold_unripe_color_mask_support,2,unripe,2,unripe,,,False,,,True,near_threshold_unripe_color_mask_support,0.742857,19968.0,24630.9375,0.0,0.023256,0.023256,1.0,736.125,344.25,152.75,161.25,False,,,,,,,,,,,,,,,
session_20260630_103628,images_ok_raw/ok_20260630_104022_000129.jpg,images_ok_raw,129,0,model,2,unripe,0.878315,strong,strong,,,2,unripe,2,unripe,,,False,,,False,,0.7425,19008.0,23051.794922,0.0,0.024648,0.024648,1.0,782.9375,114.6875,148.78125,154.9375,False,,,,,,,,,,,,,,,
session_20260630_103628,images_ok_raw/ok_20260630_104022_000129.jpg,images_ok_raw,129,1,model,2,unripe,0.659296,weak,weak,weak/noise conf 0.66<0.85,,2,unripe,2,unripe,,,False,,,False,,0.718615,21248.0,26483.365234,0.0,0.0,0.0,1.0,655.625,395.28125,165.8125,159.71875,False,,,,,,,,,,,,,,,
session_20260630_103628,images_ok_raw/ok_20260630_104022_000129.jpg,images_ok_raw,129,2,model,2,unripe,0.558327,weak,weak,weak/noise conf 0.56<0.85,,2,unripe,2,unripe,,,False,,,False,,0.776316,18880.0,23181.035156,0.0,0.0,0.0,1.0,890.4375,339.375,148.0625,156.5625,False,,,,,,,,,,,,,,,
session_20260630_103628,images_ok_raw/ok_20260630_104022_000129.jpg,images_ok_raw,129,3,model,2,unripe,0.345988,weak,weak,weak/noise conf 0.35<0.85,,2,unripe,2,unripe,,,False,,,False,,0.642105,15616.0,22083.953125,0.0,0.0,0.0,1.0,557.125,296.25,147.71875,149.5,False,,,,,,,,,,,,,,,
session_20260630_103628,images_ok_raw/ok_20260630_104022_000129.jpg,images_ok_raw,129,4,model,3,unripe bunch,0.317426,weak,weak,weak/noise conf 0.32<0.70 low_bunch_density tomatoes_inside 1<2,,3,unripe bunch,3,unripe bunch,,,False,,,False,,0.038084,12928.0,328731.46875,0.0,0.0,0.0,1.0,451.75,87.25,539.125,609.75,False,,,,,,,,,,,,,,,
session_20260630_103628,images_weak_noise_raw/weak_20260630_103628_000001.jpg,images_weak_noise_raw,130,0,model,1,ripe,0.663669,weak,weak,weak/noise conf 0.66<0.80,,1,ripe,1,ripe,,,False,,,False,,0.7875,8064.0,9735.805664,0.912698,0.079365,0.992063,0.015873,465.5,640.0625,122.03125,79.78125,False,,,,,,,,,,,,,,,
session_20260630_103628,images_weak_noise_raw/weak_20260630_103628_000001.jpg,images_weak_noise_raw,130,1,model,2,unripe,0.581303,weak,weak,weak/noise conf 0.58<0.85 roi,,2,unripe,2,unripe,,,False,,,False,,0.761905,4096.0,4372.750977,0.0,0.0,0.0,1.0,654.296875,667.0625,84.015625,52.046875,False,,,,,,,,,,,,,,,
session_20260630_103628,images_weak_noise_raw/weak_20260630_103629_000002.jpg,images_weak_noise_raw,131,0,model,1,ripe,0.708213,weak,weak,weak/noise conf 0.71<0.80,,1,ripe,1,ripe,,,False,,,False,,0.770588,8384.0,9526.761719,0.852713,0.116279,0.968992,0.046512,463.3125,642.6875,123.875,76.90625,False,,,,,,,,,,,,,,,
session_20260630_103628,images_weak_noise_raw/weak_20260630_103629_000002.jpg,images_weak_noise_raw,131,1,model,2,unripe,0.554471,weak,weak,weak/noise conf 0.55<0.85 roi,,2,unripe,2,unripe,,,False,,,False,,0.785714,4224.0,4345.716309,0.0,0.0,0.0,1.0,653.84375,668.21875,85.65625,50.734375,False,,,,,,,,,,,,,,,
session_20260630_103628,images_weak_noise_raw/weak_20260630_103629_000002.jpg,images_weak_noise_raw,131,2,model,2,unripe,0.252384,noise,noise,weak/noise conf 0.25<0.85,,2,unripe,2,unripe,,,False,,,False,,0.694444,4800.0,5329.142578,0.0,0.0,0.0,1.0,652.359375,543.96875,64.890625,82.125,False,,,,,,,,,,,,,,,
session_20260630_103628,images_weak_noise_raw/weak_20260630_103631_000003.jpg,images_weak_noise_raw,132,0,model,2,unripe,0.613237,weak,weak,weak/noise conf 0.61<0.85 roi,,2,unripe,2,unripe,,,False,,,False,,0.738095,3968.0,3917.527588,0.0,0.0,0.0,1.0,654.109375,671.78125,82.015625,47.765625,False,,,,,,,,,,,,,,,
session_20260630_103628,images_weak_noise_raw/weak_20260630_103631_000003.jpg,images_weak_noise_raw,132,1,model,1,ripe,0.605799,weak,weak,weak/noise conf 0.61<0.80,,1,ripe,1,ripe,,,False,,,False,,0.758824,8256.0,9517.163086,0.851562,0.085938,0.9375,0.054688,462.25,643.5625,124.6875,76.328125,False,,,,,,,,,,,,,,,
session_20260630_103628,images_weak_noise_raw/weak_20260630_103631_000003.jpg,images_weak_noise_raw,132,2,model,2,unripe,0.172174,noise,noise,weak/noise conf 0.17<0.85,,2,unripe,2,unripe,,,False,,,False,,0.747475,4736.0,5471.838379,0.0,0.0,0.0,1.0,651.984375,545.375,65.703125,83.28125,False,,,,,,,,,,,,,,,
session_20260630_103628,images_weak_noise_raw/weak_20260630_103632_000004.jpg,images_weak_noise_raw,133,0,model,1,ripe,0.68595,weak,weak,weak/noise conf 0.69<0.80,,1,ripe,1,ripe,,,False,,,False,,0.770588,8384.0,9494.847656,0.838462,0.107692,0.946154,0.069231,461.25,644.375,126.125,75.28125,False,,,,,,,,,,,,,,,
session_20260630_103628,images_weak_noise_raw/weak_20260630_103632_000004.jpg,images_weak_noise_raw,133,1,model,2,unripe,0.338077,weak,weak,weak/noise conf 0.34<0.85 roi,,2,unripe,2,unripe,,,False,,,False,,0.777778,3584.0,3848.056641,0.0,0.0,0.0,1.0,654.5,673.078125,83.625,46.015625,False,,,,,,,,,,,,,,,
session_20260630_103628,images_weak_noise_raw/weak_20260630_103634_000005.jpg,images_weak_noise_raw,134,0,model,1,ripe,0.609524,weak,weak,weak/noise conf 0.61<0.80,,1,ripe,1,ripe,,,False,,,False,,0.758824,8256.0,9417.023438,0.866142,0.086614,0.952756,0.055118,461.0625,644.78125,125.875,74.8125,False,,,,,,,,,,,,,,,
session_20260630_103628,images_weak_noise_raw/weak_20260630_103634_000005.jpg,images_weak_noise_raw,134,1,model,2,unripe,0.181262,noise,noise,weak/noise conf 0.18<0.85 roi,,2,unripe,2,unripe,,,False,,,False,,0.763889,3520.0,3919.615234,0.0,0.0,0.0,1.0,653.625,672.734375,84.40625,46.4375,False,,,,,,,,,,,,,,,
session_20260630_103628,images_weak_noise_raw/weak_20260630_103636_000006.jpg,images_weak_noise_raw,135,0,model,1,ripe,0.662797,weak,weak,weak/noise conf 0.66<0.80,,1,ripe,1,ripe,,,False,,,False,,0.752941,8192.0,9404.136719,0.862903,0.112903,0.975806,0.048387,461.125,645.375,126.46875,74.359375,False,,,,,,,,,,,,,,,
session_20260630_103628,images_weak_noise_raw/weak_20260630_103636_000006.jpg,images_weak_noise_raw,135,1,model,2,unripe,0.461017,weak,weak,weak/noise conf 0.46<0.85 roi,,2,unripe,2,unripe,,,False,,,False,,0.791667,3648.0,3878.191406,0.0,0.0,0.0,1.0,654.515625,672.25,82.078125,47.25,False,,,,,,,,,,,,,,,
session_20260630_103628,images_weak_noise_raw/weak_20260630_103637_000007.jpg,images_weak_noise_raw,136,0,model,1,ripe,0.723309,weak,weak,weak/noise conf 0.72<0.80,,1,ripe,1,ripe,,,False,,,False,,0.770588,8384.0,9522.246094,0.84375,0.109375,0.953125,0.070312,458.9375,645.34375,128.21875,74.265625,False,,,,,,,,,,,,,,,
session_20260630_103628,images_weak_noise_raw/weak_20260630_103637_000007.jpg,images_weak_noise_raw,136,1,model,2,unripe,0.424412,weak,weak,weak/noise conf 0.42<0.85 roi,,2,unripe,2,unripe,,,False,,,False,,0.763889,3520.0,3748.590088,0.0,0.0,0.0,1.0,653.90625,673.695312,82.65625,45.351562,False,,,,,,,,,,,,,,,
session_20260630_103628,images_weak_noise_raw/weak_20260630_103639_000008.jpg,images_weak_noise_raw,137,0,model,1,ripe,0.747616,weak,weak,weak/noise conf 0.75<0.80,,1,ripe,1,ripe,,,False,,,False,,0.758824,8256.0,9466.285156,0.865079,0.079365,0.944444,0.063492,458.5625,645.71875,128.65625,73.578125,False,,,,,,,,,,,,,,,
session_20260630_103628,images_weak_noise_raw/weak_20260630_103639_000008.jpg,images_weak_noise_raw,137,1,model,2,unripe,0.414899,weak,weak,weak/noise conf 0.41<0.85 roi,,2,unripe,2,unripe,,,False,,,False,,0.75,3456.0,3750.839355,0.0,0.0,0.0,1.0,654.265625,673.835938,82.421875,45.507812,False,,,,,,,,,,,,,,,
session_20260630_103628,images_weak_noise_raw/weak_20260630_103639_000008.jpg,images_weak_noise_raw,137,2,model,2,unripe,0.230229,noise,noise,weak/noise conf 0.23<0.85,,2,unripe,2,unripe,,,False,,,False,,0.673077,31360.0,42099.75,0.0,0.0,0.0,1.0,215.125,294.625,212.625,198.0,False,,,,,,,,,,,,,,,
session_20260630_103628,images_weak_noise_raw/weak_20260630_103641_000009.jpg,images_weak_noise_raw,138,0,model,2,unripe,0.690977,weak,weak,weak/noise conf 0.69<0.85 roi,,2,unripe,2,unripe,,,False,,,False,,0.80303,3392.0,3778.85498,0.0,0.0,0.0,1.0,653.9375,672.34375,79.84375,47.328125,False,,,,,,,,,,,,,,,
session_20260630_103628,images_weak_noise_raw/weak_20260630_103641_000009.jpg,images_weak_noise_raw,138,1,model,1,ripe,0.611382,weak,weak,weak/noise conf 0.61<0.80,,1,ripe,1,ripe,,,False,,,False,,0.747059,8128.0,9292.671875,0.869919,0.089431,0.95935,0.04065,461.4375,645.78125,125.65625,73.953125,False,,,,,,,,,,,,,,,
session_20260630_103628,images_weak_noise_raw/weak_20260630_103642_000010.jpg,images_weak_noise_raw,139,0,model,1,ripe,0.690142,weak,weak,weak/noise conf 0.69<0.80,,1,ripe,1,ripe,,,False,,,False,,0.764706,8320.0,9547.267578,0.864,0.104,0.968,0.048,272.8125,646.15625,131.375,72.671875,False,,,,,,,,,,,,,,,
session_20260630_103628,images_weak_noise_raw/weak_20260630_103642_000010.jpg,images_weak_noise_raw,139,1,model,2,unripe,0.307358,weak,weak,weak/noise conf 0.31<0.85 roi,,2,unripe,2,unripe,,,False,,,False,,0.787879,3328.0,3683.935547,0.0,0.0,0.0,1.0,470.875,672.203125,78.90625,46.6875,False,,,,,,,,,,,,,,,
session_20260630_103628,images_weak_noise_raw/weak_20260630_103651_000011.jpg,images_weak_noise_raw,140,0,model,2,unripe,0.718594,weak,weak,weak/noise conf 0.72<0.85,,2,unripe,2,unripe,,,False,,,False,,0.747685,20672.0,24398.494141,0.0,0.0,0.0,0.993464,1061.0,357.375,135.453125,180.125,False,,,,,,,,,,,,,,,
session_20260630_103628,images_weak_noise_raw/weak_20260630_103651_000011.jpg,images_weak_noise_raw,140,1,model,2,unripe,0.677474,weak,weak,weak/noise conf 0.68<0.85,,2,unripe,2,unripe,,,False,,,False,,0.74812,12736.0,16082.929688,0.0,0.0,0.0,0.990385,848.140625,0.0,145.546875,110.5,False,,,,,,,,,,,,,,,
session_20260630_103628,images_weak_noise_raw/weak_20260630_103651_000011.jpg,images_weak_noise_raw,140,2,model,1,ripe,0.660173,weak,weak,weak/noise conf 0.66<0.80 roi,,1,ripe,1,ripe,,,False,,,False,,0.653846,4352.0,5778.908691,0.370968,0.0,0.370968,0.0,704.375,663.1875,103.28125,55.953125,False,,,,,,,,,,,,,,,
session_20260630_103628,images_weak_noise_raw/weak_20260630_103651_000011.jpg,images_weak_noise_raw,140,3,model,3,unripe bunch,0.433022,weak,weak,weak/noise conf 0.43<0.70 tomatoes_inside 0<2,,3,unripe bunch,3,unripe bunch,,,False,,,False,,0.06462,28288.0,437580.0,0.0,0.0,0.0,0.688623,672.25,0.0,607.75,720.0,False,,,,,,,,,,,,,,,
session_20260630_103628,images_weak_noise_raw/weak_20260630_103651_000011.jpg,images_weak_noise_raw,140,4,model,1,ripe,0.245809,noise,noise,weak/noise conf 0.25<0.80 bad_color red=0.00 warm=0.00 tomato_sanity_failed warm=0.00 red=0.00 gy=0.00,,1,ripe,1,ripe,,,False,,,False,,0.616071,8832.0,11692.121094,0.0,0.0,0.0,0.0,639.5625,565.40625,114.875,101.78125,False,,,,,,,,,,,,,,,
session_20260630_103628,images_weak_noise_raw/weak_20260630_103651_000011.jpg,images_weak_noise_raw,140,5,model,2,unripe,0.166134,noise,noise,weak/noise conf 0.17<0.85,,2,unripe,2,unripe,,,False,,,False,,0.752258,37312.0,45252.609375,0.0,0.0,0.0,0.977419,933.875,471.0,189.9375,238.25,False,,,,,,,,,,,,,,,
session_20260630_103628,images_weak_noise_raw/weak_20260630_103656_000012.jpg,images_weak_noise_raw,141,0,model,2,unripe,0.846959,weak,review,weak/noise conf 0.85<0.85,near_threshold_unripe_color_mask_support,2,unripe,2,unripe,,,False,,,True,near_threshold_unripe_color_mask_support,0.683333,5248.0,6869.058594,0.0,0.078947,0.078947,0.986842,8.21875,243.0625,90.53125,75.875,False,,,,,,,,,,,,,,,
session_20260630_103628,images_weak_noise_raw/weak_20260630_103656_000012.jpg,images_weak_noise_raw,141,1,model,2,unripe,0.842865,weak,color_corrected,weak/noise conf 0.84<0.85 bad_color gy=0.01,unripe_to_ripe_by_mask_color,2,unripe,1,ripe,1,ripe,True,unripe_to_ripe_by_mask_color,0.963415,False,,0.630769,5248.0,6530.210938,0.609756,0.365854,0.97561,0.012195,43.75,163.5625,94.8125,68.875,False,,,,,,,,,,,,,,,
session_20260630_103628,images_weak_noise_raw/weak_20260630_103656_000012.jpg,images_weak_noise_raw,141,2,model,2,unripe,0.839735,weak,review,weak/noise conf 0.84<0.85,near_threshold_unripe_color_mask_support,2,unripe,2,unripe,,,False,,,True,near_threshold_unripe_color_mask_support,0.765625,3136.0,3837.831055,0.0,0.0,0.0,1.0,96.46875,321.648438,62.875,61.039062,False,,,,,,,,,,,,,,,
session_20260630_103628,images_weak_noise_raw/weak_20260630_103656_000012.jpg,images_weak_noise_raw,141,3,model,2,unripe,0.817577,weak,review,weak/noise conf 0.82<0.85,near_threshold_unripe_color_mask_support,2,unripe,2,unripe,,,False,,,True,near_threshold_unripe_color_mask_support,0.703704,3648.0,3879.091797,0.0,0.0,0.0,1.0,106.78125,263.875,61.375,63.203125,False,,,,,,,,,,,,,,,
session_20260630_103628,images_weak_noise_raw/weak_20260630_103656_000012.jpg,images_weak_noise_raw,141,4,model,3,unripe bunch,0.815233,weak,weak,weak/noise low_bunch_density tomatoes_inside 0<2,,3,unripe bunch,3,unripe bunch,,,False,,,False,,0.052848,4928.0,88662.75,0.022222,0.088889,0.111111,0.933333,0.0,87.0,242.0,366.375,False,,,,,,,,,,,,,,,
session_20260630_103628,images_weak_noise_raw/weak_20260630_103656_000012.jpg,images_weak_noise_raw,141,5,model,2,unripe,0.800692,weak,review,weak/noise conf 0.80<0.85,near_threshold_unripe_color_mask_support,2,unripe,2,unripe,,,False,,,True,near_threshold_unripe_color_mask_support,0.555556,2560.0,2941.628906,0.0,0.0,0.0,1.0,150.46875,231.6875,60.75,48.421875,False,,,,,,,,,,,,,,,
session_20260630_103628,images_weak_noise_raw/weak_20260630_103656_000012.jpg,images_weak_noise_raw,141,6,model,2,unripe,0.800692,weak,review,weak/noise conf 0.80<0.85,near_threshold_unripe_color_mask_support,2,unripe,2,unripe,,,False,,,True,near_threshold_unripe_color_mask_support,0.660714,2368.0,2731.600342,0.0,0.0,0.0,1.0,76.6875,379.71875,50.410156,54.1875,False,,,,,,,,,,,,,,,
session_20260630_103628,images_weak_noise_raw/weak_20260630_103656_000012.jpg,images_weak_noise_raw,141,7,model,3,unripe bunch,0.795022,weak,weak,weak/noise small_bunch_mask low_bunch_density tomatoes_inside 0<2,,3,unripe bunch,3,unripe bunch,,,False,,,False,,0.043478,1664.0,34285.59375,0.0,0.0,0.0,1.0,630.1875,389.25,171.75,199.625,False,,,,,,,,,,,,,,,
session_20260630_103628,images_weak_noise_raw/weak_20260630_103656_000012.jpg,images_weak_noise_raw,141,8,model,2,unripe,0.794385,weak,weak,weak/noise conf 0.79<0.85,,2,unripe,2,unripe,,,False,,,False,,0.714286,2240.0,2291.837646,0.0,0.0,0.0,1.0,750.546875,403.875,47.453125,48.296875,False,,,,,,,,,,,,,,,
session_20260630_103628,images_weak_noise_raw/weak_20260630_103656_000012.jpg,images_weak_noise_raw,141,9,model,2,unripe,0.754914,weak,color_corrected,weak/noise conf 0.75<0.85 bad_color gy=0.02,unripe_to_ripe_by_mask_color,2,unripe,1,ripe,1,ripe,True,unripe_to_ripe_by_mask_color,0.981818,False,,0.6875,3520.0,3815.525391,0.890909,0.109091,1.0,0.018182,685.0,471.539062,70.75,53.929688,False,,,,,,,,,,,,,,,
session_20260630_103628,images_weak_noise_raw/weak_20260630_103656_000012.jpg,images_weak_noise_raw,141,10,model,2,unripe,0.747616,weak,weak,weak/noise conf 0.75<0.85 roi,,2,unripe,2,unripe,,,False,,,False,,0.642857,2304.0,2412.016113,0.0,0.0,0.0,1.0,598.25,663.46875,44.953125,53.65625,False,,,,,,,,,,,,,,,
session_20260630_103628,images_weak_noise_raw/weak_20260630_103656_000012.jpg,images_weak_noise_raw,141,11,model,2,unripe,0.675764,weak,weak,weak/noise conf 0.68<0.85,,2,unripe,2,unripe,,,False,,,False,,0.592308,4928.0,6391.899902,0.013699,0.205479,0.219178,0.931507,119.40625,135.59375,69.359375,92.15625,False,,,,,,,,,,,,,,,
session_20260630_103628,images_weak_noise_raw/weak_20260630_103656_000012.jpg,images_weak_noise_raw,141,12,model,2,unripe,0.585101,weak,color_corrected,weak/noise conf 0.59<0.85 bad_color gy=0.00,unripe_to_ripe_by_mask_color,2,unripe,1,ripe,1,ripe,True,unripe_to_ripe_by_mask_color,1.0,False,,0.666667,3456.0,4297.849609,1.0,0.0,1.0,0.0,49.09375,100.40625,63.953125,67.203125,False,,,,,,,,,,,,,,,
session_20260630_103628,images_weak_noise_raw/weak_20260630_103656_000012.jpg,images_weak_noise_raw,141,13,model,1,ripe,0.562177,weak,weak,weak/noise conf 0.56<0.80,,1,ripe,1,ripe,,,False,,,False,,0.625,2880.0,3294.052734,0.674419,0.232558,0.906977,0.069767,684.125,524.5,60.0625,54.84375,False,,,,,,,,,,,,,,,
session_20260630_103628,images_weak_noise_raw/weak_20260630_103656_000012.jpg,images_weak_noise_raw,141,14,model,2,unripe,0.407333,weak,weak,weak/noise conf 0.41<0.85 roi bad_color gy=0.00,,2,unripe,2,unripe,,,False,,,False,,0.571429,768.0,1057.496094,0.833333,0.083333,0.916667,0.0,0.0,196.65625,21.851562,48.394531,False,,,,,,,,,,,,,,,
session_20260630_103628,images_weak_noise_raw/weak_20260630_103656_000012.jpg,images_weak_noise_raw,141,15,model,2,unripe,0.384912,weak,weak,weak/noise conf 0.38<0.85 bad_color gy=0.04,,2,unripe,2,unripe,,,False,,,False,,0.690476,1856.0,2102.848389,0.925926,0.037037,0.962963,0.037037,674.6875,398.1875,51.59375,40.757812,False,,,,,,,,,,,,,,,
session_20260630_103628,images_weak_noise_raw/weak_20260630_103656_000012.jpg,images_weak_noise_raw,141,16,model,2,unripe,0.372048,weak,weak,weak/noise conf 0.37<0.85 roi bad_color gy=0.00,,2,unripe,2,unripe,,,False,,,False,,0.75,768.0,893.902832,0.0,1.0,1.0,0.0,0.070312,243.421875,15.007812,59.5625,False,,,,,,,,,,,,,,,
session_20260630_103628,images_weak_noise_raw/weak_20260630_103656_000012.jpg,images_weak_noise_raw,141,17,model,2,unripe,0.340704,weak,weak,weak/noise conf 0.34<0.85,,2,unripe,2,unripe,,,False,,,False,,0.753247,3712.0,4489.099121,0.0,0.0,0.0,1.0,200.335938,475.15625,53.007812,84.6875,False,,,,,,,,,,,,,,,
session_20260630_103628,images_weak_noise_raw/weak_20260630_103656_000012.jpg,images_weak_noise_raw,141,18,model,2,unripe,0.330256,weak,weak,weak/noise conf 0.33<0.85 roi bad_color gy=0.00,,2,unripe,2,unripe,,,False,,,False,,0.6375,3264.0,4071.874023,0.941176,0.019608,0.960784,0.0,0.0,111.1875,57.3125,71.046875,False,,,,,,,,,,,,,,,
session_20260630_103628,images_weak_noise_raw/weak_20260630_103656_000012.jpg,images_weak_noise_raw,141,19,model,2,unripe,0.218003,noise,noise,weak/noise conf 0.22<0.85,,2,unripe,2,unripe,,,False,,,False,,0.666667,1280.0,1207.677002,0.0,0.0,0.0,1.0,203.21875,261.414062,37.257812,32.414062,False,,,,,,,,,,,,,,,
session_20260630_103628,images_weak_noise_raw/weak_20260630_103656_000012.jpg,images_weak_noise_raw,141,20,model,2,unripe,0.196209,noise,noise,weak/noise conf 0.20<0.85 roi,,2,unripe,2,unripe,,,False,,,False,,0.888889,1024.0,883.125977,0.0,0.0,0.0,1.0,665.1875,696.542969,40.523438,21.792969,False,,,,,,,,,,,,,,,
session_20260630_103628,images_weak_noise_raw/weak_20260630_103656_000012.jpg,images_weak_noise_raw,141,21,model,2,unripe,0.196209,noise,noise,weak/noise conf 0.20<0.85 bad_color gy=0.07,,2,unripe,2,unripe,,,False,,,False,,0.638889,2944.0,3332.613525,0.681818,0.227273,0.909091,0.068182,684.390625,523.421875,59.828125,55.703125,False,,,,,,,,,,,,,,,
session_20260630_103628,images_weak_noise_raw/weak_20260630_103659_000013.jpg,images_weak_noise_raw,142,0,model,2,unripe,0.841828,weak,review,weak/noise conf 0.84<0.85,near_threshold_unripe_color_mask_support,2,unripe,2,unripe,,,False,,,True,near_threshold_unripe_color_mask_support,0.671875,2752.0,3091.492432,0.0,0.272727,0.272727,0.454545,15.0625,179.5625,55.804688,55.398438,False,,,,,,,,,,,,,,,
session_20260630_103628,images_weak_noise_raw/weak_20260630_103659_000013.jpg,images_weak_noise_raw,142,1,model,3,unripe bunch,0.83602,weak,weak,weak/noise tomatoes_inside 0<2,,3,unripe bunch,3,unripe bunch,,,False,,,False,,0.069712,1856.0,24930.269531,0.0,0.0,0.0,0.857143,625.90625,188.5,125.21875,199.09375,False,,,,,,,,,,,,,,,
session_20260630_103628,images_weak_noise_raw/weak_20260630_103659_000013.jpg,images_weak_noise_raw,142,2,model,2,unripe,0.835484,weak,review,weak/noise conf 0.84<0.85,near_threshold_unripe_color_mask_support,2,unripe,2,unripe,,,False,,,True,near_threshold_unripe_color_mask_support,0.75,3456.0,3953.22168,0.0,0.0,0.0,1.0,35.90625,121.609375,65.023438,60.796875,False,,,,,,,,,,,,,,,
session_20260630_103628,images_weak_noise_raw/weak_20260630_103659_000013.jpg,images_weak_noise_raw,142,3,model,2,unripe,0.82671,weak,review,weak/noise conf 0.83<0.85,near_threshold_unripe_color_mask_support,2,unripe,2,unripe,,,False,,,True,near_threshold_unripe_color_mask_support,0.654321,3392.0,3932.103271,0.0,0.0,0.0,0.92,43.34375,60.03125,62.96875,62.445312,False,,,,,,,,,,,,,,,
session_20260630_103628,images_weak_noise_raw/weak_20260630_103659_000013.jpg,images_weak_noise_raw,142,4,model,2,unripe,0.815233,weak,review,weak/noise conf 0.82<0.85,near_threshold_unripe_color_mask_support,2,unripe,2,unripe,,,False,,,True,near_threshold_unripe_color_mask_support,0.607143,2176.0,2746.208496,0.0,0.0,0.0,1.0,92.5625,26.625,56.953125,48.21875,False,,,,,,,,,,,,,,,
session_20260630_103628,images_weak_noise_raw/weak_20260630_103659_000013.jpg,images_weak_noise_raw,142,5,model,2,unripe,0.782663,weak,weak,weak/noise conf 0.78<0.85,,2,unripe,2,unripe,,,False,,,False,,0.805556,1856.0,2013.079346,0.0,0.0,0.0,0.954545,704.960938,209.5625,43.445312,46.335938,False,,,,,,,,,,,,,,,
session_20260630_103628,images_weak_noise_raw/weak_20260630_103659_000013.jpg,images_weak_noise_raw,142,6,model,2,unripe,0.763481,weak,weak,weak/noise conf 0.76<0.85 roi,,2,unripe,2,unripe,,,False,,,False,,0.6,1920.0,2642.097168,0.0,0.0,0.0,1.0,0.203125,46.34375,37.601562,70.265625,False,,,,,,,,,,,,,,,
session_20260630_103628,images_weak_noise_raw/weak_20260630_103659_000013.jpg,images_weak_noise_raw,142,7,model,3,unripe bunch,0.740176,weak,weak,weak/noise tomatoes_inside 0<2,,3,unripe bunch,3,unripe bunch,,,False,,,False,,0.061444,2560.0,39458.234375,0.0,0.0,0.0,0.857143,8.125,0.0,160.5625,245.75,False,,,,,,,,,,,,,,,
session_20260630_103628,images_weak_noise_raw/weak_20260630_103659_000013.jpg,images_weak_noise_raw,142,8,model,2,unripe,0.737159,weak,color_corrected,weak/noise conf 0.74<0.85 bad_color gy=0.00,unripe_to_ripe_by_mask_color,2,unripe,1,ripe,1,ripe,True,unripe_to_ripe_by_mask_color,1.0,False,,0.675,3456.0,3787.40918,1.0,0.0,1.0,0.0,635.5625,277.796875,71.0625,53.296875,False,,,,,,,,,,,,,,,
session_20260630_103628,images_weak_noise_raw/weak_20260630_103659_000013.jpg,images_weak_noise_raw,142,9,model,2,unripe,0.670608,weak,weak,weak/noise conf 0.67<0.85 roi,,2,unripe,2,unripe,,,False,,,False,,0.666667,896.0,1041.786255,0.0,0.0,0.0,1.0,85.5,0.0,44.03125,23.660156,False,,,,,,,,,,,,,,,
session_20260630_103628,images_weak_noise_raw/weak_20260630_103659_000013.jpg,images_weak_noise_raw,142,10,model,1,ripe,0.663669,weak,weak,weak/noise conf 0.66<0.80,,1,ripe,1,ripe,,,False,,,False,,0.71875,2944.0,3334.938232,0.848485,0.0,0.848485,0.0,633.71875,331.0625,62.171875,53.640625,False,,,,,,,,,,,,,,,
session_20260630_103628,images_weak_noise_raw/weak_20260630_103659_000013.jpg,images_weak_noise_raw,142,11,model,2,unripe,0.573678,weak,weak,weak/noise conf 0.57<0.85,,2,unripe,2,unripe,,,False,,,False,,0.9,1728.0,1605.463867,0.0,0.0,0.0,1.0,139.46875,56.496094,43.570312,36.847656,False,,,,,,,,,,,,,,,
session_20260630_103628,images_weak_noise_raw/weak_20260630_103659_000013.jpg,images_weak_noise_raw,142,12,model,1,ripe,0.5564,weak,weak,weak/noise conf 0.56<0.80 roi,,1,ripe,1,ripe,,,False,,,False,,0.675,1728.0,1853.853271,1.0,0.0,1.0,0.0,0.0,0.0,77.21875,24.007812,False,,,,,,,,,,,,,,,
session_20260630_103628,images_weak_noise_raw/weak_20260630_103659_000013.jpg,images_weak_noise_raw,142,13,model,2,unripe,0.44746,weak,weak,weak/noise conf 0.45<0.85 bad_color gy=0.00,,2,unripe,2,unripe,,,False,,,False,,0.785714,2112.0,1958.180908,0.851852,0.0,0.851852,0.0,628.3125,202.839844,48.382812,40.472656,False,,,,,,,,,,,,,,,
session_20260630_103628,images_weak_noise_raw/weak_20260630_103659_000013.jpg,images_weak_noise_raw,142,14,model,2,unripe,0.31405,weak,weak,weak/noise conf 0.31<0.85 roi bad_color gy=0.00,,2,unripe,2,unripe,,,False,,,False,,0.866667,1664.0,1832.818359,1.0,0.0,1.0,0.0,0.0,0.0,76.96875,23.8125,False,,,,,,,,,,,,,,,
session_20260630_103628,images_weak_noise_raw/weak_20260630_103659_000013.jpg,images_weak_noise_raw,142,15,model,2,unripe,0.223376,noise,noise,weak/noise conf 0.22<0.85 bad_color gy=0.00,,2,unripe,2,unripe,,,False,,,False,,0.734375,3008.0,3445.518799,0.848485,0.0,0.848485,0.0,633.984375,329.582031,61.859375,55.699219,False,,,,,,,,,,,,,,,
session_20260630_103628,images_weak_noise_raw/weak_20260630_103659_000013.jpg,images_weak_noise_raw,142,16,model,2,unripe,0.180106,noise,noise,weak/noise conf 0.18<0.85,,2,unripe,2,unripe,,,False,,,False,,0.666667,1024.0,663.084167,0.0,0.0,0.0,1.0,735.9375,223.34375,18.367188,36.101562,False,,,,,,,,,,,,,,,
session_20260630_103628,images_weak_noise_raw/weak_20260630_103659_000013.jpg,images_weak_noise_raw,142,17,model,2,unripe,0.152535,noise,noise,weak/noise conf 0.15<0.85 roi bad_color gy=0.00,,2,unripe,2,unripe,,,False,,,False,,0.65,832.0,960.139771,0.166667,0.75,0.916667,0.0,0.0,199.59375,13.871094,69.21875,False,,,,,,,,,,,,,,,
session_20260630_103628,images_weak_noise_raw/weak_20260630_103700_000014.jpg,images_weak_noise_raw,143,0,model,3,unripe bunch,0.802556,weak,weak,weak/noise tomatoes_inside 0<2,,3,unripe bunch,3,unripe bunch,,,False,,,False,,0.065126,1984.0,27260.371094,0.0,0.0,0.0,0.777778,438.96875,387.5,126.71875,215.125,False,,,,,,,,,,,,,,,
session_20260630_103628,images_weak_noise_raw/weak_20260630_103700_000014.jpg,images_weak_noise_raw,143,1,model,2,unripe,0.789233,weak,weak,weak/noise conf 0.79<0.85,,2,unripe,2,unripe,,,False,,,False,,0.671429,3008.0,3441.489258,0.0,0.0,0.0,1.0,1062.28125,643.515625,68.9375,49.921875,False,,,,,,,,,,,,,,,
session_20260630_103628,images_weak_noise_raw/weak_20260630_103700_000014.jpg,images_weak_noise_raw,143,2,model,2,unripe,0.789233,weak,weak,weak/noise conf 0.79<0.85,,2,unripe,2,unripe,,,False,,,False,,0.75,2304.0,2551.113281,0.0,0.0,0.0,1.0,992.375,657.046875,59.15625,43.125,False,,,,,,,,,,,,,,,
session_20260630_103628,images_weak_noise_raw/weak_20260630_103700_000014.jpg,images_weak_noise_raw,143,3,model,2,unripe,0.785308,weak,weak,weak/noise conf 0.79<0.85 roi,,2,unripe,2,unripe,,,False,,,False,,0.734694,2304.0,2432.466309,0.0,0.0,0.0,1.0,349.28125,667.875,49.15625,49.484375,False,,,,,,,,,,,,,,,
session_20260630_103628,images_weak_noise_raw/weak_20260630_103700_000014.jpg,images_weak_noise_raw,143,4,model,2,unripe,0.771842,weak,weak,weak/noise conf 0.77<0.85,,2,unripe,2,unripe,,,False,,,False,,0.738095,1984.0,2132.203613,0.0,0.0,0.0,1.0,515.441406,409.21875,43.871094,48.601562,False,,,,,,,,,,,,,,,
session_20260630_103628,images_weak_noise_raw/weak_20260630_103700_000014.jpg,images_weak_noise_raw,143,5,model,1,ripe,0.767687,weak,review,weak/noise conf 0.77<0.80,near_threshold_ripe_color_mask_support,1,ripe,1,ripe,,,False,,,True,near_threshold_ripe_color_mask_support,0.6875,2816.0,3445.507568,0.837838,0.027027,0.864865,0.027027,440.125,529.9375,62.40625,55.210938,False,,,,,,,,,,,,,,,
session_20260630_103628,images_weak_noise_raw/weak_20260630_103700_000014.jpg,images_weak_noise_raw,143,6,model,2,unripe,0.766291,weak,color_corrected,weak/noise conf 0.77<0.85 bad_color gy=0.00,unripe_to_ripe_by_mask_color,2,unripe,1,ripe,1,ripe,True,unripe_to_ripe_by_mask_color,0.958333,False,,0.625,3200.0,3586.64209,0.9375,0.020833,0.958333,0.0,444.40625,479.6875,70.21875,51.078125,False,,,,,,,,,,,,,,,
session_20260630_103628,images_weak_noise_raw/weak_20260630_103700_000014.jpg,images_weak_noise_raw,143,7,model,2,unripe,0.690977,weak,weak,weak/noise conf 0.69<0.85 roi,,2,unripe,2,unripe,,,False,,,False,,0.857143,1536.0,1389.152344,0.0,0.0,0.0,1.0,1090.96875,690.289062,48.742188,28.5,False,,,,,,,,,,,,,,,
session_20260630_103628,images_weak_noise_raw/weak_20260630_103700_000014.jpg,images_weak_noise_raw,143,8,model,2,unripe,0.361165,weak,weak,weak/noise conf 0.36<0.85,,2,unripe,2,unripe,,,False,,,False,,0.666667,1792.0,1762.050171,0.166667,0.0,0.166667,0.833333,448.5,582.773438,48.203125,36.554688,False,,,,,,,,,,,,,,,
session_20260630_103628,images_weak_noise_raw/weak_20260630_103700_000014.jpg,images_weak_noise_raw,143,9,model,3,unripe bunch,0.348646,weak,weak,weak/noise conf 0.35<0.70 roi small_bunch_mask tomatoes_inside 0<2,,3,unripe bunch,3,unripe bunch,,,False,,,False,,0.081871,896.0,9713.697266,0.0,0.0,0.0,1.0,998.8125,652.375,143.640625,67.625,False,,,,,,,,,,,,,,,
session_20260630_103628,images_weak_noise_raw/weak_20260630_103700_000014.jpg,images_weak_noise_raw,143,10,model,1,ripe,0.296654,noise,noise,weak/noise conf 0.30<0.80,,1,ripe,1,ripe,,,False,,,False,,0.738095,1984.0,2021.021851,0.9,0.0,0.9,0.0,438.5,403.351562,49.078125,41.179688,False,,,,,,,,,,,,,,,
session_20260630_103628,images_weak_noise_raw/weak_20260630_103700_000014.jpg,images_weak_noise_raw,143,11,model,2,unripe,0.241491,noise,noise,weak/noise conf 0.24<0.85 bad_color gy=0.00,,2,unripe,2,unripe,,,False,,,False,,0.738095,1984.0,1997.080078,0.9,0.0,0.9,0.0,438.75,403.171875,48.414062,41.25,False,,,,,,,,,,,,,,,
session_20260630_103628,images_weak_noise_raw/weak_20260630_103700_000014.jpg,images_weak_noise_raw,143,12,model,2,unripe,0.195594,noise,noise,weak/noise conf 0.20<0.85,,2,unripe,2,unripe,,,False,,,False,,0.571429,2048.0,2389.658203,0.0,0.0,0.0,1.0,517.9375,366.5625,47.203125,50.625,False,,,,,,,,,,,,,,,
session_20260630_103628,images_weak_noise_raw/weak_20260630_103702_000015.jpg,images_weak_noise_raw,144,0,model,2,unripe,0.799442,weak,weak,weak/noise conf 0.80<0.85,,2,unripe,2,unripe,,,False,,,False,,0.714286,1920.0,2187.206055,0.0,0.0,0.0,1.0,560.464844,410.4375,46.785156,46.75,False,,,,,,,,,,,,,,,
session_20260630_103628,images_weak_noise_raw/weak_20260630_103702_000015.jpg,images_weak_noise_raw,144,1,model,3,unripe bunch,0.775945,weak,weak,weak/noise tomatoes_inside 0<2,,3,unripe bunch,3,unripe bunch,,,False,,,False,,0.073413,2368.0,27687.726562,0.0,0.0,0.0,1.0,478.875,374.25,129.875,213.1875,False,,,,,,,,,,,,,,,
session_20260630_103628,images_weak_noise_raw/weak_20260630_103702_000015.jpg,images_weak_noise_raw,144,2,model,2,unripe,0.769078,weak,weak,weak/noise conf 0.77<0.85,,2,unripe,2,unripe,,,False,,,False,,0.534091,3008.0,3712.592285,0.0,0.0,0.0,1.0,1110.21875,646.296875,74.578125,49.78125,False,,,,,,,,,,,,,,,
session_20260630_103628,images_weak_noise_raw/weak_20260630_103702_000015.jpg,images_weak_noise_raw,144,3,model,2,unripe,0.753466,weak,weak,weak/noise conf 0.75<0.85,,2,unripe,2,unripe,,,False,,,False,,0.770833,2368.0,2457.61377,0.0,0.0,0.0,1.0,1043.90625,658.65625,55.421875,44.34375,False,,,,,,,,,,,,,,,
session_20260630_103628,images_weak_noise_raw/weak_20260630_103702_000015.jpg,images_weak_noise_raw,144,4,model,2,unripe,0.750553,weak,color_corrected,weak/noise conf 0.75<0.85 bad_color gy=0.00,unripe_to_ripe_by_mask_color,2,unripe,1,ripe,1,ripe,True,unripe_to_ripe_by_mask_color,1.0,False,,0.5875,3008.0,3666.529297,0.978723,0.021277,1.0,0.0,488.90625,479.6875,71.28125,51.4375,False,,,,,,,,,,,,,,,
session_20260630_103628,images_weak_noise_raw/weak_20260630_103702_000015.jpg,images_weak_noise_raw,144,5,model,2,unripe,0.732591,weak,weak,weak/noise conf 0.73<0.85 roi,,2,unripe,2,unripe,,,False,,,False,,0.714286,2240.0,2355.806152,0.0,0.0,0.0,1.0,396.929688,667.15625,46.664062,50.484375,False,,,,,,,,,,,,,,,
session_20260630_103628,images_weak_noise_raw/weak_20260630_103702_000015.jpg,images_weak_noise_raw,144,6,model,1,ripe,0.70902,weak,weak,weak/noise conf 0.71<0.80,,1,ripe,1,ripe,,,False,,,False,,0.680556,3136.0,3513.029297,0.673913,0.173913,0.847826,0.173913,484.375,531.328125,63.65625,55.1875,False,,,,,,,,,,,,,,,
session_20260630_103628,images_weak_noise_raw/weak_20260630_103702_000015.jpg,images_weak_noise_raw,144,7,model,2,unripe,0.635223,weak,weak,weak/noise conf 0.64<0.85 roi,,2,unripe,2,unripe,,,False,,,False,,0.78125,1600.0,1464.5625,0.0,0.041667,0.041667,1.0,1139.71875,691.65625,53.5,27.375,False,,,,,,,,,,,,,,,
session_20260630_103628,images_weak_noise_raw/weak_20260630_103702_000015.jpg,images_weak_noise_raw,144,8,model,2,unripe,0.609524,weak,weak,weak/noise conf 0.61<0.85,,2,unripe,2,unripe,,,False,,,False,,0.742857,1664.0,1878.958008,0.0,0.0,0.0,1.0,555.15625,361.21875,48.84375,38.46875,False,,,,,,,,,,,,,,,
session_20260630_103628,images_weak_noise_raw/weak_20260630_103702_000015.jpg,images_weak_noise_raw,144,9,model,2,unripe,0.176673,noise,noise,weak/noise conf 0.18<0.85 roi,,2,unripe,2,unripe,,,False,,,False,,0.7,2240.0,2063.78418,0.0,0.029412,0.029412,1.0,1127.59375,680.554688,64.953125,31.773438,False,,,,,,,,,,,,,,,
session_20260630_103628,images_weak_noise_raw/weak_20260630_103702_000015.jpg,images_weak_noise_raw,144,10,model,2,unripe,0.16722,noise,noise,weak/noise conf 0.17<0.85 bad_color gy=0.00,,2,unripe,2,unripe,,,False,,,False,,0.690476,1856.0,1928.756714,0.793103,0.172414,0.965517,0.0,484.53125,405.0,48.171875,40.039062,False,,,,,,,,,,,,,,,
session_20260630_103628,images_weak_noise_raw/weak_20260630_103703_000016.jpg,images_weak_noise_raw,145,0,model,2,unripe,0.82671,weak,color_corrected,weak/noise conf 0.83<0.85 bad_color gy=0.00,unripe_to_ripe_by_mask_color,2,unripe,1,ripe,1,ripe,True,unripe_to_ripe_by_mask_color,0.962264,False,,0.771429,3456.0,3547.814941,0.90566,0.056604,0.962264,0.0,469.15625,480.3125,70.40625,50.390625,False,,,,,,,,,,,,,,,
session_20260630_103628,images_weak_noise_raw/weak_20260630_103703_000016.jpg,images_weak_noise_raw,145,1,model,3,unripe bunch,0.799442,weak,weak,weak/noise tomatoes_inside 0<2,,3,unripe bunch,3,unripe bunch,,,False,,,False,,0.066239,1984.0,27478.3125,0.0,0.0,0.0,1.0,454.9375,388.25,136.03125,202.0,False,,,,,,,,,,,,,,,
session_20260630_103628,images_weak_noise_raw/weak_20260630_103703_000016.jpg,images_weak_noise_raw,145,2,model,2,unripe,0.77865,weak,weak,weak/noise conf 0.78<0.85,,2,unripe,2,unripe,,,False,,,False,,0.632653,1984.0,2159.33252,0.0,0.0,0.0,1.0,542.265625,409.671875,44.265625,48.78125,False,,,,,,,,,,,,,,,
session_20260630_103628,images_weak_noise_raw/weak_20260630_103703_000016.jpg,images_weak_noise_raw,145,3,model,2,unripe,0.750553,weak,weak,weak/noise conf 0.75<0.85,,2,unripe,2,unripe,,,False,,,False,,0.770833,2368.0,2460.446289,0.0,0.0,0.0,1.0,1025.09375,656.9375,58.203125,42.273438,False,,,,,,,,,,,,,,,
session_20260630_103628,images_weak_noise_raw/weak_20260630_103703_000016.jpg,images_weak_noise_raw,145,4,model,2,unripe,0.749087,weak,weak,weak/noise conf 0.75<0.85,,2,unripe,2,unripe,,,False,,,False,,0.714286,3200.0,3737.875977,0.0,0.0,0.0,1.0,1092.75,644.6875,74.6875,50.046875,False,,,,,,,,,,,,,,,
session_20260630_103628,images_weak_noise_raw/weak_20260630_103703_000016.jpg,images_weak_noise_raw,145,5,model,2,unripe,0.692642,weak,weak,weak/noise conf 0.69<0.85 roi,,2,unripe,2,unripe,,,False,,,False,,0.714286,2240.0,2296.84082,0.0,0.0,0.0,1.0,375.03125,668.25,46.5625,49.328125,False,,,,,,,,,,,,,,,
session_20260630_103628,images_weak_noise_raw/weak_20260630_103703_000016.jpg,images_weak_noise_raw,145,6,model,2,unripe,0.638835,weak,weak,weak/noise conf 0.64<0.85 roi,,2,unripe,2,unripe,,,False,,,False,,0.84375,1728.0,1838.598633,0.0,0.04,0.04,1.0,1122.28125,688.335938,60.34375,30.46875,False,,,,,,,,,,,,,,,
session_20260630_103628,images_weak_noise_raw/weak_20260630_103703_000016.jpg,images_weak_noise_raw,145,7,model,2,unripe,0.626125,weak,weak,weak/noise conf 0.63<0.85,,2,unripe,2,unripe,,,False,,,False,,0.517857,1856.0,2394.375732,0.0,0.0,0.0,1.0,543.8125,365.75,49.28125,48.585938,False,,,,,,,,,,,,,,,
session_20260630_103628,images_weak_noise_raw/weak_20260630_103703_000016.jpg,images_weak_noise_raw,145,8,model,2,unripe,0.542863,weak,color_corrected,weak/noise conf 0.54<0.85,unripe_to_ripe_by_mask_color,2,unripe,1,ripe,1,ripe,True,unripe_to_ripe_by_mask_color,0.795455,False,,0.625,3200.0,3662.387695,0.704545,0.181818,0.886364,0.090909,463.59375,530.625,65.65625,55.78125,False,,,,,,,,,,,,,,,
session_20260630_103628,images_weak_noise_raw/weak_20260630_103703_000016.jpg,images_weak_noise_raw,145,9,model,1,ripe,0.299106,noise,noise,weak/noise conf 0.30<0.80,,1,ripe,1,ripe,,,False,,,False,,0.625,1920.0,2053.879395,0.862069,0.034483,0.896552,0.0,463.8125,404.078125,49.6875,41.335938,False,,,,,,,,,,,,,,,
session_20260630_103628,images_weak_noise_raw/weak_20260630_103703_000016.jpg,images_weak_noise_raw,145,10,model,3,unripe bunch,0.245086,noise,noise,weak/noise conf 0.25<0.70 small_bunch_mask tomatoes_inside 0<2,,3,unripe bunch,3,unripe bunch,,,False,,,False,,0.066667,896.0,11771.865234,0.076923,0.0,0.076923,0.923077,1027.5625,642.058594,160.5625,73.316406,False,,,,,,,,,,,,,,,
session_20260630_103628,images_weak_noise_raw/weak_20260630_103703_000016.jpg,images_weak_noise_raw,145,11,model,2,unripe,0.201185,noise,noise,weak/noise conf 0.20<0.85 bad_color gy=0.00,,2,unripe,2,unripe,,,False,,,False,,0.666667,1792.0,2010.670898,0.888889,0.037037,0.925926,0.0,464.03125,404.648438,49.125,40.929688,False,,,,,,,,,,,,,,,
session_20260630_103628,images_weak_noise_raw/weak_20260630_103703_000016.jpg,images_weak_noise_raw,145,12,model,2,unripe,0.157135,noise,noise,weak/noise conf 0.16<0.85,,2,unripe,2,unripe,,,False,,,False,,0.8,1536.0,1218.957153,0.058824,0.0,0.058824,0.882353,482.796875,367.46875,36.335938,33.546875,False,,,,,,,,,,,,,,,
session_20260630_103628,images_weak_noise_raw/weak_20260630_103705_000017.jpg,images_weak_noise_raw,146,0,model,2,unripe,0.731057,weak,weak,weak/noise conf 0.73<0.85,,2,unripe,2,unripe,,,False,,,False,,0.632653,1984.0,2255.976562,0.0,0.0,0.0,1.0,340.578125,426.953125,46.5,48.515625,False,,,,,,,,,,,,,,,
session_20260630_103628,images_weak_noise_raw/weak_20260630_103705_000017.jpg,images_weak_noise_raw,146,1,model,2,unripe,0.682574,weak,weak,weak/noise conf 0.68<0.85,,2,unripe,2,unripe,,,False,,,False,,0.513889,2368.0,3311.359863,0.0,0.0,0.0,1.0,343.9375,373.859375,55.84375,59.296875,False,,,,,,,,,,,,,,,
session_20260630_103628,images_weak_noise_raw/weak_20260630_103705_000017.jpg,images_weak_noise_raw,146,2,model,3,unripe bunch,0.632504,weak,weak,weak/noise conf 0.63<0.70 small_bunch_mask low_bunch_density tomatoes_inside 0<2,,3,unripe bunch,3,unripe bunch,,,False,,,False,,0.030159,1216.0,39768.160156,0.0,0.0,0.0,1.0,249.5625,385.0625,166.4375,238.9375,False,,,,,,,,,,,,,,,
session_20260630_103628,images_weak_noise_raw/weak_20260630_103705_000017.jpg,images_weak_noise_raw,146,3,model,2,unripe,0.590779,weak,weak,weak/noise conf 0.59<0.85 roi,,2,unripe,2,unripe,,,False,,,False,,0.828571,1856.0,1578.13623,0.0,0.0,0.0,1.0,855.953125,684.0625,46.78125,33.734375,False,,,,,,,,,,,,,,,
session_20260630_103628,images_weak_noise_raw/weak_20260630_103705_000017.jpg,images_weak_noise_raw,146,4,model,2,unripe,0.538983,weak,weak,weak/noise conf 0.54<0.85 roi,,2,unripe,2,unripe,,,False,,,False,,0.727273,3584.0,3858.374023,0.0,0.0,0.0,1.0,924.28125,671.5625,83.59375,46.15625,False,,,,,,,,,,,,,,,
session_20260630_103628,images_weak_noise_raw/weak_20260630_103705_000017.jpg,images_weak_noise_raw,146,5,model,2,unripe,0.16722,noise,noise,weak/noise conf 0.17<0.85,,2,unripe,2,unripe,,,False,,,False,,0.673469,2112.0,2178.238525,0.09375,0.0625,0.15625,0.875,258.21875,612.054688,48.90625,44.539062,False,,,,,,,,,,,,,,,
session_20260630_103628,images_weak_noise_raw/weak_20260630_103707_000018.jpg,images_weak_noise_raw,147,0,model,2,unripe,0.622459,weak,weak,weak/noise conf 0.62<0.85 roi,,2,unripe,2,unripe,,,False,,,False,,0.702381,3776.0,4452.763672,0.0,0.0,0.0,1.0,774.625,676.34375,104.40625,42.648438,False,,,,,,,,,,,,,,,
session_20260630_103628,images_weak_noise_raw/weak_20260630_103707_000018.jpg,images_weak_noise_raw,147,1,model,2,unripe,0.386763,weak,weak,weak/noise conf 0.39<0.85,,2,unripe,2,unripe,,,False,,,False,,0.604938,3136.0,4479.321289,0.0,0.0,0.0,1.0,157.078125,361.484375,65.109375,68.796875,False,,,,,,,,,,,,,,,
session_20260630_103628,images_weak_noise_raw/weak_20260630_103707_000018.jpg,images_weak_noise_raw,147,2,model,2,unripe,0.384912,weak,weak,weak/noise conf 0.38<0.85,,2,unripe,2,unripe,,,False,,,False,,0.632653,1984.0,2164.086914,0.0,0.0,0.0,1.0,148.375,427.125,47.109375,45.9375,False,,,,,,,,,,,,,,,
session_20260630_103628,images_weak_noise_raw/weak_20260630_103707_000018.jpg,images_weak_noise_raw,147,3,model,2,unripe,0.345988,weak,weak,weak/noise conf 0.35<0.85 roi,,2,unripe,2,unripe,,,False,,,False,,0.84375,1728.0,1296.384521,0.0,0.190476,0.190476,0.857143,711.46875,695.101562,53.71875,24.132812,False,,,,,,,,,,,,,,,
session_20260630_103628,images_weak_noise_raw/weak_20260630_103707_000018.jpg,images_weak_noise_raw,147,4,model,2,unripe,0.183009,noise,noise,weak/noise conf 0.18<0.85,,2,unripe,2,unripe,,,False,,,False,,0.671875,2752.0,2955.858643,0.069767,0.116279,0.186047,0.883721,27.414062,626.15625,53.773438,54.96875,False,,,,,,,,,,,,,,,
session_20260630_103628,images_weak_noise_raw/weak_20260630_103718_000019.jpg,images_weak_noise_raw,148,0,model,2,unripe,0.804406,weak,review,weak/noise conf 0.80<0.85,near_threshold_unripe_color_mask_support,2,unripe,2,unripe,,,False,,,True,near_threshold_unripe_color_mask_support,0.577778,3328.0,4149.584961,0.0,0.0,0.0,1.0,1130.796875,543.34375,70.640625,58.742188,False,,,,,,,,,,,,,,,
session_20260630_103628,images_weak_noise_raw/weak_20260630_103718_000019.jpg,images_weak_noise_raw,148,1,model,2,unripe,0.782663,weak,weak,weak/noise conf 0.78<0.85,,2,unripe,2,unripe,,,False,,,False,,0.657143,2944.0,3301.913086,0.0,0.0,0.0,1.0,1055.9375,553.078125,69.8125,47.296875,False,,,,,,,,,,,,,,,
session_20260630_103628,images_weak_noise_raw/weak_20260630_103718_000019.jpg,images_weak_noise_raw,148,2,model,2,unripe,0.779993,weak,weak,weak/noise conf 0.78<0.85,,2,unripe,2,unripe,,,False,,,False,,0.609375,2496.0,2693.378906,0.0,0.0,0.0,1.0,414.046875,254.1875,50.109375,53.75,False,,,,,,,,,,,,,,,
session_20260630_103628,images_weak_noise_raw/weak_20260630_103718_000019.jpg,images_weak_noise_raw,148,3,model,1,ripe,0.766291,weak,review,weak/noise conf 0.77<0.80,near_threshold_ripe_color_mask_support,1,ripe,1,ripe,,,False,,,True,near_threshold_ripe_color_mask_support,0.785714,6336.0,7239.591797,0.969388,0.010204,0.979592,0.0,275.96875,339.09375,105.375,68.703125,False,,,,,,,,,,,,,,,
session_20260630_103628,images_weak_noise_raw/weak_20260630_103718_000019.jpg,images_weak_noise_raw,148,4,model,1,ripe,0.718594,weak,weak,weak/noise conf 0.72<0.80,,1,ripe,1,ripe,,,False,,,False,,0.772727,5440.0,5752.758789,0.894737,0.013158,0.907895,0.013158,294.5,408.09375,78.90625,72.90625,False,,,,,,,,,,,,,,,
session_20260630_103628,images_weak_noise_raw/weak_20260630_103718_000019.jpg,images_weak_noise_raw,148,5,model,2,unripe,0.577495,weak,weak,weak/noise conf 0.58<0.85,,2,unripe,2,unripe,,,False,,,False,,0.433333,3328.0,5566.583984,0.0,0.0,0.0,1.0,423.421875,183.96875,66.765625,83.375,False,,,,,,,,,,,,,,,
session_20260630_103628,images_weak_noise_raw/weak_20260630_103718_000019.jpg,images_weak_noise_raw,148,6,model,2,unripe,0.566019,weak,weak,weak/noise conf 0.57<0.85,,2,unripe,2,unripe,,,False,,,False,,0.803571,2880.0,3442.537354,0.0,0.028571,0.028571,0.971429,1192.921875,536.78125,62.609375,54.984375,False,,,,,,,,,,,,,,,
session_20260630_103628,images_weak_noise_raw/weak_20260630_103718_000019.jpg,images_weak_noise_raw,148,7,model,3,unripe bunch,0.560253,noise,noise,weak/noise conf 0.56<0.70 small_bunch_mask low_bunch_density tomatoes_inside 0<2,,3,unripe bunch,3,unripe bunch,,,False,,,False,,0.014493,512.0,32272.242188,0.0,0.0,0.0,1.0,1087.625,515.8125,180.796875,178.5,False,,,,,,,,,,,,,,,
session_20260630_103628,images_weak_noise_raw/weak_20260630_103718_000019.jpg,images_weak_noise_raw,148,8,model,1,ripe,0.486332,weak,weak,weak/noise conf 0.49<0.80,,1,ripe,1,ripe,,,False,,,False,,0.6625,3392.0,4065.1875,0.943396,0.0,0.943396,0.0,280.71875,241.21875,73.0,55.6875,False,,,,,,,,,,,,,,,
session_20260630_103628,images_weak_noise_raw/weak_20260630_103718_000019.jpg,images_weak_noise_raw,148,9,model,2,unripe,0.47658,weak,weak,weak/noise conf 0.48<0.85,,2,unripe,2,unripe,,,False,,,False,,0.828571,3712.0,3870.79541,0.0,0.0,0.0,1.0,1171.359375,592.953125,72.140625,53.65625,False,,,,,,,,,,,,,,,
session_20260630_103628,images_weak_noise_raw/weak_20260630_103718_000019.jpg,images_weak_noise_raw,148,10,model,2,unripe,0.475605,weak,weak,weak/noise conf 0.48<0.85,,2,unripe,2,unripe,,,False,,,False,,0.597222,5504.0,7185.796875,0.0,0.0,0.0,0.981132,36.46875,237.039062,83.59375,85.960938,False,,,,,,,,,,,,,,,
session_20260630_103628,images_weak_noise_raw/weak_20260630_103718_000019.jpg,images_weak_noise_raw,148,11,model,2,unripe,0.356672,weak,weak,weak/noise conf 0.36<0.85 bad_color gy=0.00,,2,unripe,2,unripe,,,False,,,False,,0.6625,3392.0,4054.5979,0.943396,0.0,0.943396,0.0,280.703125,240.734375,72.953125,55.578125,False,,,,,,,,,,,,,,,
session_20260630_103628,images_weak_noise_raw/weak_20260630_103718_000019.jpg,images_weak_noise_raw,148,12,model,2,unripe,0.309858,weak,weak,weak/noise conf 0.31<0.85 roi,,2,unripe,2,unripe,,,False,,,False,,0.770833,2368.0,2541.077881,0.0,0.0,0.0,1.0,1235.09375,638.96875,44.6875,56.863281,False,,,,,,,,,,,,,,,
session_20260630_103628,images_weak_noise_raw/weak_20260630_103718_000019.jpg,images_weak_noise_raw,148,13,model,2,unripe,0.199308,noise,noise,weak/noise conf 0.20<0.85,,2,unripe,2,unripe,,,False,,,False,,0.675,1728.0,2003.190186,0.0,0.0,0.0,1.0,451.65625,256.890625,35.992188,55.65625,False,,,,,,,,,,,,,,,
session_20260630_103628,images_weak_noise_raw/weak_20260630_103719_000020.jpg,images_weak_noise_raw,149,0,model,2,unripe,0.836555,weak,review,weak/noise conf 0.84<0.85,near_threshold_unripe_color_mask_support,2,unripe,2,unripe,,,False,,,True,near_threshold_unripe_color_mask_support,0.6375,3264.0,3978.10376,0.0,0.0,0.0,1.0,863.21875,292.5,69.015625,57.640625,False,,,,,,,,,,,,,,,
session_20260630_103628,images_weak_noise_raw/weak_20260630_103719_000020.jpg,images_weak_noise_raw,149,1,model,2,unripe,0.803174,weak,review,weak/noise conf 0.80<0.85,near_threshold_unripe_color_mask_support,2,unripe,2,unripe,,,False,,,True,near_threshold_unripe_color_mask_support,0.597222,2752.0,3263.774414,0.0,0.0,0.0,1.0,918.8125,285.40625,58.90625,55.40625,False,,,,,,,,,,,,,,,
session_20260630_103628,images_weak_noise_raw/weak_20260630_103719_000020.jpg,images_weak_noise_raw,149,2,model,2,unripe,0.79053,weak,weak,weak/noise conf 0.79<0.85,,2,unripe,2,unripe,,,False,,,False,,0.611111,2816.0,3540.167725,0.0,0.0,0.0,1.0,962.4375,389.875,67.171875,52.703125,False,,,,,,,,,,,,,,,
session_20260630_103628,images_weak_noise_raw/weak_20260630_103719_000020.jpg,images_weak_noise_raw,149,3,model,2,unripe,0.769078,weak,weak,weak/noise conf 0.77<0.85,,2,unripe,2,unripe,,,False,,,False,,0.666667,3072.0,3495.912109,0.0,0.0,0.0,1.0,904.46875,341.046875,66.3125,52.71875,False,,,,,,,,,,,,,,,
session_20260630_103628,images_weak_noise_raw/weak_20260630_103719_000020.jpg,images_weak_noise_raw,149,4,model,2,unripe,0.660173,weak,weak,weak/noise conf 0.66<0.85,,2,unripe,2,unripe,,,False,,,False,,0.595238,1600.0,1859.132812,0.0,0.0,0.0,1.0,954.296875,344.4375,38.53125,48.25,False,,,,,,,,,,,,,,,
session_20260630_103628,images_weak_noise_raw/weak_20260630_103719_000020.jpg,images_weak_noise_raw,149,5,model,2,unripe,0.548674,weak,weak,weak/noise conf 0.55<0.85,,2,unripe,2,unripe,,,False,,,False,,0.652778,3008.0,3247.906738,0.0,0.0,0.0,1.0,786.34375,303.953125,67.335938,48.234375,False,,,,,,,,,,,,,,,
session_20260630_103628,images_weak_noise_raw/weak_20260630_103719_000020.jpg,images_weak_noise_raw,149,6,model,2,unripe,0.305697,weak,weak,weak/noise conf 0.31<0.85,,2,unripe,2,unripe,,,False,,,False,,0.6875,2112.0,2115.075195,0.0,0.0,0.0,1.0,942.6875,422.6875,52.804688,40.054688,False,,,,,,,,,,,,,,,
session_20260630_103628,images_weak_noise_raw/weak_20260630_103719_000020.jpg,images_weak_noise_raw,149,7,model,3,unripe bunch,0.242925,noise,noise,weak/noise conf 0.24<0.70 small_bunch_mask low_bunch_density tomatoes_inside 0<2,,3,unripe bunch,3,unripe bunch,,,False,,,False,,0.029762,960.0,29995.109375,0.0,0.0,0.0,1.0,870.5625,292.375,160.1875,187.25,False,,,,,,,,,,,,,,,
session_20260630_103628,images_weak_noise_raw/weak_20260630_103719_000020.jpg,images_weak_noise_raw,149,8,model,2,unripe,0.162912,noise,noise,weak/noise conf 0.16<0.85 roi,,2,unripe,2,unripe,,,False,,,False,,0.708333,2176.0,2208.732422,0.0,0.0,0.0,1.0,141.765625,0.0,51.515625,42.875,False,,,,,,,,,,,,,,,
session_20260630_103628,images_weak_noise_raw/weak_20260630_103721_000021.jpg,images_weak_noise_raw,150,0,model,2,unripe,0.842865,weak,review,weak/noise conf 0.84<0.85,near_threshold_unripe_color_mask_support,2,unripe,2,unripe,,,False,,,True,near_threshold_unripe_color_mask_support,0.555556,2560.0,3253.592285,0.0,0.0,0.0,1.0,631.21875,285.375,58.921875,55.21875,False,,,,,,,,,,,,,,,
session_20260630_103628,images_weak_noise_raw/weak_20260630_103721_000021.jpg,images_weak_noise_raw,150,1,model,2,unripe,0.823327,weak,review,weak/noise conf 0.82<0.85,near_threshold_unripe_color_mask_support,2,unripe,2,unripe,,,False,,,True,near_threshold_unripe_color_mask_support,0.694444,3200.0,3948.407227,0.0,0.0,0.0,1.0,576.53125,291.1875,68.546875,57.601562,False,,,,,,,,,,,,,,,
session_20260630_103628,images_weak_noise_raw/weak_20260630_103721_000021.jpg,images_weak_noise_raw,150,2,model,2,unripe,0.796925,weak,weak,weak/noise conf 0.80<0.85,,2,unripe,2,unripe,,,False,,,False,,0.6,3072.0,3562.229004,0.0,0.0,0.0,1.0,613.1875,340.703125,68.15625,52.265625,False,,,,,,,,,,,,,,,
session_20260630_103628,images_weak_noise_raw/weak_20260630_103721_000021.jpg,images_weak_noise_raw,150,3,model,2,unripe,0.77865,weak,weak,weak/noise conf 0.78<0.85,,2,unripe,2,unripe,,,False,,,False,,0.625,2560.0,3031.341309,0.0,0.0,0.0,1.0,677.21875,388.773438,57.765625,52.476562,False,,,,,,,,,,,,,,,
session_20260630_103628,images_weak_noise_raw/weak_20260630_103721_000021.jpg,images_weak_noise_raw,150,4,model,2,unripe,0.737159,weak,weak,weak/noise conf 0.74<0.85,,2,unripe,2,unripe,,,False,,,False,,0.698413,2816.0,3337.496094,0.0,0.0,0.0,1.0,993.84375,633.09375,50.09375,66.625,False,,,,,,,,,,,,,,,
session_20260630_103628,images_weak_noise_raw/weak_20260630_103721_000021.jpg,images_weak_noise_raw,150,5,model,2,unripe,0.564099,weak,weak,weak/noise conf 0.56<0.85,,2,unripe,2,unripe,,,False,,,False,,0.775,1984.0,1729.530029,0.0,0.0,0.0,1.0,1075.78125,605.765625,33.390625,51.796875,False,,,,,,,,,,,,,,,
session_20260630_103628,images_weak_noise_raw/weak_20260630_103721_000021.jpg,images_weak_noise_raw,150,6,model,2,unripe,0.546738,weak,weak,weak/noise conf 0.55<0.85,,2,unripe,2,unripe,,,False,,,False,,0.783333,3008.0,3195.744141,0.0,0.0,0.0,1.0,500.0625,304.40625,68.3125,46.78125,False,,,,,,,,,,,,,,,
session_20260630_103628,images_weak_noise_raw/weak_20260630_103721_000021.jpg,images_weak_noise_raw,150,7,model,2,unripe,0.525369,weak,weak,weak/noise conf 0.53<0.85,,2,unripe,2,unripe,,,False,,,False,,0.638889,1472.0,1422.107422,0.0,0.0,0.0,1.0,670.5,349.34375,37.625,37.796875,False,,,,,,,,,,,,,,,
session_20260630_103628,images_weak_noise_raw/weak_20260630_103721_000021.jpg,images_weak_noise_raw,150,8,model,3,unripe bunch,0.412057,weak,weak,weak/noise conf 0.41<0.70 tomatoes_inside 0<2,,3,unripe bunch,3,unripe bunch,,,False,,,False,,0.109474,3328.0,27996.40625,0.0,0.0,0.0,1.0,990.4375,568.4375,192.25,145.625,False,,,,,,,,,,,,,,,
session_20260630_103628,images_weak_noise_raw/weak_20260630_103721_000021.jpg,images_weak_noise_raw,150,9,model,3,unripe bunch,0.397938,weak,weak,weak/noise conf 0.40<0.70 small_bunch_mask low_bunch_density tomatoes_inside 0<2,,3,unripe bunch,3,unripe bunch,,,False,,,False,,0.052521,1600.0,26998.605469,0.0,0.0,0.0,0.888889,527.625,294.59375,213.375,126.53125,False,,,,,,,,,,,,,,,
session_20260630_103628,images_weak_noise_raw/weak_20260630_103721_000021.jpg,images_weak_noise_raw,150,10,model,2,unripe,0.322526,weak,weak,weak/noise conf 0.32<0.85,,2,unripe,2,unripe,,,False,,,False,,0.680556,3136.0,3377.786865,0.0,0.0,0.0,0.978723,679.546875,463.40625,61.015625,55.359375,False,,,,,,,,,,,,,,,
session_20260630_103628,images_weak_noise_raw/weak_20260630_103721_000021.jpg,images_weak_noise_raw,150,11,model,2,unripe,0.309023,weak,weak,weak/noise conf 0.31<0.85 roi,,2,unripe,2,unripe,,,False,,,False,,0.866667,832.0,678.907959,0.0,0.0,0.0,1.0,1013.46875,698.199219,33.085938,20.519531,False,,,,,,,,,,,,,,,
session_20260630_103628,images_weak_noise_raw/weak_20260630_103721_000021.jpg,images_weak_noise_raw,150,12,model,2,unripe,0.26133,noise,noise,weak/noise conf 0.26<0.85,,2,unripe,2,unripe,,,False,,,False,,0.714286,1920.0,1839.65625,0.0,0.0,0.0,1.0,1062.125,521.09375,46.5,39.5625,False,,,,,,,,,,,,,,,
session_20260630_103628,images_weak_noise_raw/weak_20260630_103721_000021.jpg,images_weak_noise_raw,150,13,model,2,unripe,0.237225,noise,noise,weak/noise conf 0.24<0.85,,2,unripe,2,unripe,,,False,,,False,,0.5625,2880.0,3307.003662,0.0,0.0,0.0,1.0,1085.96875,166.65625,50.046875,66.078125,False,,,,,,,,,,,,,,,
session_20260630_103628,images_weak_noise_raw/weak_20260630_103721_000021.jpg,images_weak_noise_raw,150,14,model,2,unripe,0.226785,noise,noise,weak/noise conf 0.23<0.85,,2,unripe,2,unripe,,,False,,,False,,0.690476,1856.0,1750.426758,0.0,0.0,0.0,1.0,1111.28125,602.40625,42.53125,41.15625,False,,,,,,,,,,,,,,,
session_20260630_103628,images_weak_noise_raw/weak_20260630_103721_000021.jpg,images_weak_noise_raw,150,15,model,2,unripe,0.182423,noise,noise,weak/noise conf 0.18<0.85 roi,,2,unripe,2,unripe,,,False,,,False,,0.72,1152.0,1018.256836,0.0,0.0,0.0,1.0,1136.484375,685.5,31.945312,31.875,False,,,,,,,,,,,,,,,
session_20260630_103628,images_weak_noise_raw/weak_20260630_103721_000021.jpg,images_weak_noise_raw,150,16,model,2,unripe,0.168858,noise,noise,weak/noise conf 0.17<0.85 roi,,2,unripe,2,unripe,,,False,,,False,,0.796296,2752.0,2547.67627,0.0,0.0,0.0,1.0,1102.40625,678.828125,64.921875,39.242188,False,,,,,,,,,,,,,,,
session_20260630_103628,images_weak_noise_raw/weak_20260630_103722_000022.jpg,images_weak_noise_raw,151,0,model,2,unripe,0.87235,strong,strong,,,2,unripe,2,unripe,,,False,,,False,,0.636364,4032.0,4917.847656,0.0,0.0,0.0,0.94,490.875,340.953125,79.140625,62.140625,False,,,,,,,,,,,,,,,
session_20260630_103628,images_weak_noise_raw/weak_20260630_103722_000022.jpg,images_weak_noise_raw,151,1,model,2,unripe,0.857766,strong,strong,,,2,unripe,2,unripe,,,False,,,False,,0.714286,2880.0,3269.000732,0.0,0.0,0.0,1.0,595.8125,441.453125,60.765625,53.796875,False,,,,,,,,,,,,,,,
session_20260630_103628,images_weak_noise_raw/weak_20260630_103722_000022.jpg,images_weak_noise_raw,151,2,model,3,unripe bunch,0.768383,strong,strong,,,3,unripe bunch,3,unripe bunch,,,False,,,False,,0.06686,4416.0,34403.589844,0.0,0.0,0.0,0.888889,477.618744,328.609375,192.215607,178.984375,False,supported_by_unripe_singles,,,,,,,,,,,,,,
session_20260630_103628,images_weak_noise_raw/weak_20260630_103722_000022.jpg,images_weak_noise_raw,151,3,model,2,unripe,0.830042,weak,review,weak/noise conf 0.83<0.85,near_threshold_unripe_color_mask_support,2,unripe,2,unripe,,,False,,,True,near_threshold_unripe_color_mask_support,0.6125,3136.0,3690.86377,0.0,0.0,0.0,1.0,533.5,391.90625,70.28125,52.515625,False,,,,,,,,,,,,,,,
session_20260630_103628,images_weak_noise_raw/weak_20260630_103722_000022.jpg,images_weak_noise_raw,151,4,model,2,unripe,0.809277,weak,review,weak/noise conf 0.81<0.85,near_threshold_unripe_color_mask_support,2,unripe,2,unripe,,,False,,,True,near_threshold_unripe_color_mask_support,0.583333,2688.0,3372.734375,0.0,0.0,0.0,1.0,558.1875,333.875,58.65625,57.5,False,,,,,,,,,,,,,,,
session_20260630_103628,images_weak_noise_raw/weak_20260630_103722_000022.jpg,images_weak_noise_raw,151,5,model,2,unripe,0.70253,weak,weak,weak/noise conf 0.70<0.85,,2,unripe,2,unripe,,,False,,,False,,0.595238,1600.0,1798.391968,0.0,0.0,0.0,1.0,588.421875,403.796875,44.671875,40.257812,False,,,,,,,,,,,,,,,
session_20260630_103628,images_weak_noise_raw/weak_20260630_103722_000022.jpg,images_weak_noise_raw,151,6,model,2,unripe,0.433981,weak,weak,weak/noise conf 0.43<0.85 roi,,2,unripe,2,unripe,,,False,,,False,,0.673469,2112.0,2229.824707,0.0,0.0,0.0,1.0,1054.859375,669.578125,48.65625,45.828125,False,,,,,,,,,,,,,,,
session_20260630_103628,images_weak_noise_raw/weak_20260630_103722_000022.jpg,images_weak_noise_raw,151,7,model,1,ripe,0.38122,weak,weak,weak/noise conf 0.38<0.80,,1,ripe,1,ripe,,,False,,,False,,0.571429,1792.0,2110.063477,0.466667,0.066667,0.533333,0.2,534.484375,575.265625,47.71875,44.21875,False,,,,,,,,,,,,,,,
session_20260630_103628,images_weak_noise_raw/weak_20260630_103722_000022.jpg,images_weak_noise_raw,151,8,model,1,ripe,0.296654,noise,noise,weak/noise conf 0.30<0.80,,1,ripe,1,ripe,,,False,,,False,,0.708333,1088.0,925.453491,0.733333,0.066667,0.8,0.066667,587.679688,231.015625,38.335938,24.140625,False,,,,,,,,,,,,,,,
session_20260630_103628,images_weak_noise_raw/weak_20260630_103722_000022.jpg,images_weak_noise_raw,151,9,model,2,unripe,0.29098,noise,noise,weak/noise conf 0.29<0.85,,2,unripe,2,unripe,,,False,,,False,,0.65,3328.0,3658.828125,0.021277,0.0,0.021277,0.978723,599.75,521.8125,67.0,54.609375,False,,,,,,,,,,,,,,,
session_20260630_103628,images_weak_noise_raw/weak_20260630_103722_000022.jpg,images_weak_noise_raw,151,10,model,2,unripe,0.279829,noise,noise,weak/noise conf 0.28<0.85,,2,unripe,2,unripe,,,False,,,False,,0.880952,2368.0,2341.05835,0.0,0.0,0.0,1.0,1004.390625,584.46875,51.5625,45.402344,False,,,,,,,,,,,,,,,
session_20260630_103628,images_weak_noise_raw/weak_20260630_103722_000022.jpg,images_weak_noise_raw,151,11,model,2,unripe,0.265118,noise,noise,weak/noise conf 0.27<0.85,,2,unripe,2,unripe,,,False,,,False,,0.5,960.0,1278.40271,0.0,0.0,0.0,1.0,648.679688,452.296875,32.148438,39.765625,False,,,,,,,,,,,,,,,
session_20260630_103628,images_weak_noise_raw/weak_20260630_103722_000022.jpg,images_weak_noise_raw,151,12,model,2,unripe,0.237225,noise,noise,weak/noise conf 0.24<0.85 roi,,2,unripe,2,unripe,,,False,,,False,,0.8,1536.0,1345.73291,0.0,0.0,0.0,1.0,1025.078125,673.96875,31.828125,42.28125,False,,,,,,,,,,,,,,,
session_20260630_103628,images_weak_noise_raw/weak_20260630_103722_000022.jpg,images_weak_noise_raw,151,13,model,3,unripe bunch,0.172731,noise,noise,weak/noise conf 0.17<0.70 roi tomatoes_inside 0<2,,3,unripe bunch,3,unripe bunch,,,False,,,False,,0.177778,2048.0,9674.542969,0.0,0.0,0.0,0.933333,967.125,653.875,148.5,65.148438,False,,,,,,,,,,,,,,,
session_20260630_103628,images_weak_noise_raw/weak_20260630_103722_000022.jpg,images_weak_noise_raw,151,14,model,2,unripe,0.161319,noise,noise,weak/noise conf 0.16<0.85,,2,unripe,2,unripe,,,False,,,False,,0.673469,2112.0,2101.412109,0.0,0.0,0.0,1.0,1055.328125,619.28125,46.828125,44.875,False,,,,,,,,,,,,,,,
session_20260630_103628,images_weak_noise_raw/weak_20260630_103726_000023.jpg,images_weak_noise_raw,152,0,model,2,unripe,0.715424,weak,weak,weak/noise conf 0.72<0.85,,2,unripe,2,unripe,,,False,,,False,,0.688889,7936.0,10414.954102,0.0,0.0,0.0,1.0,330.9375,540.953125,115.0625,90.515625,False,,,,,,,,,,,,,,,
session_20260630_103628,images_weak_noise_raw/weak_20260630_103726_000023.jpg,images_weak_noise_raw,152,1,model,2,unripe,0.672331,weak,weak,weak/noise conf 0.67<0.85,,2,unripe,2,unripe,,,False,,,False,,0.7,5376.0,6287.691406,0.0,0.0,0.0,1.0,434.59375,541.15625,71.375,88.09375,False,,,,,,,,,,,,,,,
session_20260630_103628,images_weak_noise_raw/weak_20260630_103726_000023.jpg,images_weak_noise_raw,152,2,model,2,unripe,0.593609,weak,weak,weak/noise conf 0.59<0.85,,2,unripe,2,unripe,,,False,,,False,,0.760417,9344.0,11210.199219,0.0,0.0,0.0,1.0,444.0625,627.4375,121.4375,92.3125,False,,,,,,,,,,,,,,,
session_20260630_103628,images_weak_noise_raw/weak_20260630_103726_000023.jpg,images_weak_noise_raw,152,3,model,2,unripe,0.465873,weak,weak,weak/noise conf 0.47<0.85,,2,unripe,2,unripe,,,False,,,False,,0.704762,9472.0,12203.359375,0.0,0.0,0.0,1.0,382.6875,432.625,113.125,107.875,False,,,,,,,,,,,,,,,
session_20260630_103628,images_weak_noise_raw/weak_20260630_103726_000023.jpg,images_weak_noise_raw,152,4,model,2,unripe,0.370224,weak,weak,weak/noise conf 0.37<0.85,,2,unripe,2,unripe,,,False,,,False,,0.616667,11840.0,16709.271484,0.0,0.0,0.0,0.983607,242.8125,447.75,154.046875,108.46875,False,,,,,,,,,,,,,,,
session_20260630_103628,images_weak_noise_raw/weak_20260630_103728_000024.jpg,images_weak_noise_raw,153,0,model,2,unripe,0.846959,weak,review,weak/noise conf 0.85<0.85,near_threshold_unripe_color_mask_support,2,unripe,2,unripe,,,False,,,True,near_threshold_unripe_color_mask_support,0.704545,3968.0,4521.736816,0.0,0.0,0.0,1.0,210.125,410.953125,79.65625,56.765625,False,,,,,,,,,,,,,,,
session_20260630_103628,images_weak_noise_raw/weak_20260630_103728_000024.jpg,images_weak_noise_raw,153,1,model,2,unripe,0.836555,weak,review,weak/noise conf 0.84<0.85,near_threshold_unripe_color_mask_support,2,unripe,2,unripe,,,False,,,True,near_threshold_unripe_color_mask_support,0.575,2944.0,3950.914062,0.0,0.0,0.0,1.0,275.9375,401.75,68.5625,57.625,False,,,,,,,,,,,,,,,
session_20260630_103628,images_weak_noise_raw/weak_20260630_103728_000024.jpg,images_weak_noise_raw,153,2,model,2,unripe,0.827826,weak,review,weak/noise conf 0.83<0.85,near_threshold_unripe_color_mask_support,2,unripe,2,unripe,,,False,,,True,near_threshold_unripe_color_mask_support,0.7,3136.0,3336.700684,0.0,0.0,0.0,1.0,255.0625,458.90625,66.859375,49.90625,False,,,,,,,,,,,,,,,
session_20260630_103628,images_weak_noise_raw/weak_20260630_103728_000024.jpg,images_weak_noise_raw,153,3,model,3,unripe bunch,0.757075,noise,noise,weak/noise small_bunch_mask low_bunch_density tomatoes_inside 0<2,,3,unripe bunch,3,unripe bunch,,,False,,,False,,0.019231,897.800049,42962.640625,0.0,0.0,0.0,0.944444,210.945312,390.838287,167.814087,256.013306,False,,,,,,,,,,,,,,,
session_20260630_103628,images_weak_noise_raw/weak_20260630_103728_000024.jpg,images_weak_noise_raw,153,4,model,3,unripe bunch,0.74614,noise,noise,weak/noise small_bunch_mask low_bunch_density tomatoes_inside 0<2,,3,unripe bunch,3,unripe bunch,,,False,,,False,,0.019969,832.0,38391.027344,0.0,0.0,0.0,1.0,220.0625,398.1875,163.0625,235.4375,False,,,,,,,,,,,,,,,
session_20260630_103628,images_weak_noise_raw/weak_20260630_103728_000024.jpg,images_weak_noise_raw,153,5,model,2,unripe,0.73412,weak,weak,weak/noise conf 0.73<0.85,,2,unripe,2,unripe,,,False,,,False,,0.591837,1856.0,2390.496582,0.0,0.0,0.0,1.0,307.96875,460.75,50.359375,47.46875,False,,,,,,,,,,,,,,,
session_20260630_103628,images_weak_noise_raw/weak_20260630_103728_000024.jpg,images_weak_noise_raw,153,6,model,2,unripe,0.723309,weak,weak,weak/noise conf 0.72<0.85,,2,unripe,2,unripe,,,False,,,False,,0.7,3136.0,3300.91626,0.0,0.0,0.0,1.0,316.34375,506.9375,68.390625,48.265625,False,,,,,,,,,,,,,,,
session_20260630_103628,images_weak_noise_raw/weak_20260630_103728_000024.jpg,images_weak_noise_raw,153,7,model,2,unripe,0.699254,weak,weak,weak/noise conf 0.70<0.85,,2,unripe,2,unripe,,,False,,,False,,0.722222,3328.0,3933.442627,0.0,0.0,0.0,1.0,323.59375,578.8125,68.148438,57.71875,False,,,,,,,,,,,,,,,
session_20260630_103628,images_weak_noise_raw/weak_20260630_103728_000024.jpg,images_weak_noise_raw,153,8,model,3,unripe bunch,0.698432,weak,weak,weak/noise conf 0.70<0.70 small_bunch_mask tomatoes_inside 0<2,,3,unripe bunch,3,unripe bunch,,,False,,,False,,0.093985,1122.250122,10177.958008,0.0,0.0,0.0,1.0,741.632446,584.876587,85.686707,118.781067,False,,,,,,,,,,,,,,,
session_20260630_103628,images_weak_noise_raw/weak_20260630_103728_000024.jpg,images_weak_noise_raw,153,9,model,2,unripe,0.603932,weak,weak,weak/noise conf 0.60<0.85,,2,unripe,2,unripe,,,False,,,False,,0.733333,1408.0,1499.397583,0.0,0.0,0.0,1.0,752.765625,594.210938,39.859375,37.617188,False,,,,,,,,,,,,,,,
session_20260630_103628,images_weak_noise_raw/weak_20260630_103728_000024.jpg,images_weak_noise_raw,153,10,model,2,unripe,0.437823,weak,weak,weak/noise conf 0.44<0.85 roi,,2,unripe,2,unripe,,,False,,,False,,0.666667,1792.0,1989.651367,0.0,0.0,0.0,1.0,794.078125,673.203125,49.203125,40.4375,False,,,,,,,,,,,,,,,
session_20260630_103628,images_weak_noise_raw/weak_20260630_103728_000024.jpg,images_weak_noise_raw,153,11,model,3,unripe bunch,0.422505,weak,weak,weak/noise conf 0.42<0.70 small_bunch_mask tomatoes_inside 0<2,,3,unripe bunch,3,unripe bunch,,,False,,,False,,0.088889,1024.0,10207.289062,0.5,0.0,0.5,0.25,731.125,599.6875,92.609375,110.21875,False,,,,,,,,,,,,,,,
session_20260630_103628,images_weak_noise_raw/weak_20260630_103728_000024.jpg,images_weak_noise_raw,153,12,model,2,unripe,0.354881,weak,weak,weak/noise conf 0.35<0.85,,2,unripe,2,unripe,,,False,,,False,,0.9,1152.0,992.151123,0.0,0.0,0.0,1.0,731.414062,611.171875,35.632812,27.84375,False,,,,,,,,,,,,,,,
session_20260630_103628,images_weak_noise_raw/weak_20260630_103728_000024.jpg,images_weak_noise_raw,153,13,model,2,unripe,0.259074,noise,noise,weak/noise conf 0.26<0.85,,2,unripe,2,unripe,,,False,,,False,,0.742857,1664.0,1396.740234,0.0,0.0,0.0,0.818182,758.921875,651.8125,41.15625,33.9375,False,,,,,,,,,,,,,,,
session_20260630_103628,images_weak_noise_raw/weak_20260630_103728_000024.jpg,images_weak_noise_raw,153,14,model,2,unripe,0.235111,noise,noise,weak/noise conf 0.24<0.85,,2,unripe,2,unripe,,,False,,,False,,0.755102,2368.0,2449.449707,0.0,0.0,0.0,1.0,817.578125,290.0,49.328125,49.65625,False,,,,,,,,,,,,,,,
session_20260630_103628,images_weak_noise_raw/weak_20260630_103728_000024.jpg,images_weak_noise_raw,153,15,model,1,ripe,0.206254,noise,noise,weak/noise conf 0.21<0.80 roi,,1,ripe,1,ripe,,,False,,,False,,0.777778,448.0,376.37323,1.0,0.0,1.0,0.0,192.441406,700.521484,22.332031,16.853516,False,,,,,,,,,,,,,,,
session_20260630_103628,images_weak_noise_raw/weak_20260630_103728_000024.jpg,images_weak_noise_raw,153,16,model,1,ripe,0.19498,noise,noise,weak/noise conf 0.19<0.80 roi,,1,ripe,1,ripe,,,False,,,False,,0.514286,1152.0,1255.718262,0.75,0.0,0.75,0.0625,204.625,671.078125,45.1875,27.789062,False,,,,,,,,,,,,,,,
session_20260630_103628,images_weak_noise_raw/weak_20260630_103728_000024.jpg,images_weak_noise_raw,153,17,model,2,unripe,0.192539,noise,noise,weak/noise conf 0.19<0.85 bad_color gy=0.00,,2,unripe,2,unripe,,,False,,,False,,0.766667,1472.0,1508.110107,0.6,0.0,0.6,0.0,785.03125,594.265625,35.914062,41.992188,False,,,,,,,,,,,,,,,
session_20260630_103628,images_weak_noise_raw/weak_20260630_103728_000024.jpg,images_weak_noise_raw,153,18,model,1,ripe,0.188323,noise,noise,weak/noise conf 0.19<0.80 roi,,1,ripe,1,ripe,,,False,,,False,,0.714286,1280.0,1071.200317,0.777778,0.0,0.777778,0.111111,203.0625,693.59375,47.296875,22.648438,False,,,,,,,,,,,,,,,
session_20260630_103628,images_weak_noise_raw/weak_20260630_103729_000025.jpg,images_weak_noise_raw,154,0,model,2,unripe,0.732591,weak,weak,weak/noise conf 0.73<0.85,,2,unripe,2,unripe,,,False,,,False,,0.734848,6208.0,7020.466797,0.0,0.0,0.0,1.0,3.875,19.71875,88.65625,79.1875,False,,,,,,,,,,,,,,,
session_20260630_103628,images_weak_noise_raw/weak_20260630_103729_000025.jpg,images_weak_noise_raw,154,1,model,2,unripe,0.615088,weak,weak,weak/noise conf 0.62<0.85 roi,,2,unripe,2,unripe,,,False,,,False,,0.65,3328.0,4359.155273,0.0,0.0,0.0,1.0,0.0,99.34375,60.78125,71.71875,False,,,,,,,,,,,,,,,
session_20260630_103628,images_weak_noise_raw/weak_20260630_103729_000025.jpg,images_weak_noise_raw,154,2,model,2,unripe,0.609524,weak,weak,weak/noise conf 0.61<0.85,,2,unripe,2,unripe,,,False,,,False,,0.607143,2176.0,2852.856445,0.0,0.0,0.0,1.0,657.6875,289.953125,55.328125,51.5625,False,,,,,,,,,,,,,,,
session_20260630_103628,images_weak_noise_raw/weak_20260630_103729_000025.jpg,images_weak_noise_raw,154,3,model,2,unripe,0.280616,noise,noise,weak/noise conf 0.28<0.85,,2,unripe,2,unripe,,,False,,,False,,0.666667,5632.0,6884.320312,0.0,0.0,0.0,1.0,70.0,269.4375,89.625,76.8125,False,,,,,,,,,,,,,,,
session_20260630_103628,images_weak_noise_raw/weak_20260630_103729_000025.jpg,images_weak_noise_raw,154,4,model,3,unripe bunch,0.255343,noise,noise,weak/noise conf 0.26<0.70 small_bunch_mask low_bunch_density tomatoes_inside 0<2,,3,unripe bunch,3,unripe bunch,,,False,,,False,,0.027778,832.0,28013.34375,0.0,0.0,0.0,1.0,3.4375,22.0625,139.5,200.8125,False,,,,,,,,,,,,,,,
session_20260630_103628,images_weak_noise_raw/weak_20260630_103734_000026.jpg,images_weak_noise_raw,155,0,model,2,unripe,0.789233,weak,weak,weak/noise conf 0.79<0.85,,2,unripe,2,unripe,,,False,,,False,,0.784461,20032.0,23325.929688,0.0,0.0,0.0,1.0,698.5,512.40625,160.28125,145.53125,False,,,,,,,,,,,,,,,
session_20260630_103628,images_weak_noise_raw/weak_20260630_103734_000026.jpg,images_weak_noise_raw,155,1,model,2,unripe,0.579401,weak,weak,weak/noise conf 0.58<0.85,,2,unripe,2,unripe,,,False,,,False,,0.638889,5888.0,7517.425781,0.0,0.0,0.0,1.0,669.90625,244.375,86.625,86.78125,False,,,,,,,,,,,,,,,
session_20260630_103628,images_weak_noise_raw/weak_20260630_103734_000026.jpg,images_weak_noise_raw,155,2,model,2,unripe,0.571766,weak,weak,weak/noise conf 0.57<0.85 roi,,2,unripe,2,unripe,,,False,,,False,,0.74359,3712.0,4204.226562,0.0,0.0,0.0,1.0,735.4375,674.3125,93.6875,44.875,False,,,,,,,,,,,,,,,
session_20260630_103628,images_weak_noise_raw/weak_20260630_103736_000027.jpg,images_weak_noise_raw,156,0,model,2,unripe,0.837621,weak,review,weak/noise conf 0.84<0.85,near_threshold_unripe_color_mask_support,2,unripe,2,unripe,,,False,,,True,near_threshold_unripe_color_mask_support,0.642857,1728.0,2017.616577,0.0,0.0,0.0,1.0,331.40625,197.25,50.234375,40.164062,False,,,,,,,,,,,,,,,
session_20260630_103628,images_weak_noise_raw/weak_20260630_103736_000027.jpg,images_weak_noise_raw,156,1,model,2,unripe,0.815233,weak,review,weak/noise conf 0.82<0.85,near_threshold_unripe_color_mask_support,2,unripe,2,unripe,,,False,,,True,near_threshold_unripe_color_mask_support,0.5625,1728.0,2253.341797,0.0,0.0,0.0,1.0,287.0,200.421875,53.710938,41.953125,False,,,,,,,,,,,,,,,
session_20260630_103628,images_weak_noise_raw/weak_20260630_103736_000027.jpg,images_weak_noise_raw,156,2,model,2,unripe,0.774583,weak,weak,weak/noise conf 0.77<0.85,,2,unripe,2,unripe,,,False,,,False,,0.666667,1792.0,1935.483398,0.0,0.0,0.0,1.0,356.21875,265.5625,49.6875,38.953125,False,,,,,,,,,,,,,,,
session_20260630_103628,images_weak_noise_raw/weak_20260630_103736_000027.jpg,images_weak_noise_raw,156,3,model,3,unripe bunch,0.767687,noise,noise,weak/noise small_bunch_mask low_bunch_density tomatoes_inside 0<2,,3,unripe bunch,3,unripe bunch,,,False,,,False,,0.014501,292.917297,19836.046875,0.0,0.0,0.0,1.0,281.670013,193.004196,124.815102,158.923447,False,,,,,,,,,,,,,,,
session_20260630_103628,images_weak_noise_raw/weak_20260630_103736_000027.jpg,images_weak_noise_raw,156,4,model,2,unripe,0.73412,weak,weak,weak/noise conf 0.73<0.85,,2,unripe,2,unripe,,,False,,,False,,0.66,2112.0,2556.754883,0.0,0.0,0.0,1.0,317.046875,232.640625,67.546875,37.851562,False,,,,,,,,,,,,,,,
session_20260630_103628,images_weak_noise_raw/weak_20260630_103736_000027.jpg,images_weak_noise_raw,156,5,model,2,unripe,0.70253,weak,weak,weak/noise conf 0.70<0.85,,2,unripe,2,unripe,,,False,,,False,,0.72,1152.0,1198.922729,0.0,0.0,0.0,1.0,353.453125,234.59375,35.117188,34.140625,False,,,,,,,,,,,,,,,
session_20260630_103628,images_weak_noise_raw/weak_20260630_103736_000027.jpg,images_weak_noise_raw,156,6,model,3,unripe bunch,0.67405,noise,noise,weak/noise conf 0.67<0.70 small_bunch_mask low_bunch_density tomatoes_inside 0<2,,3,unripe bunch,3,unripe bunch,,,False,,,False,,0.005348,128.0,21974.599609,0.0,0.0,0.0,1.0,280.6875,142.0625,134.96875,162.8125,False,,,,,,,,,,,,,,,
session_20260630_103628,images_weak_noise_raw/weak_20260630_103736_000027.jpg,images_weak_noise_raw,156,7,model,1,ripe,0.353094,weak,weak,weak/noise conf 0.35<0.80,,1,ripe,1,ripe,,,False,,,False,,0.514286,1152.0,1561.846924,0.933333,0.0,0.933333,0.066667,267.007812,384.765625,46.335938,33.707031,False,,,,,,,,,,,,,,,
session_20260630_103628,images_weak_noise_raw/weak_20260630_103736_000027.jpg,images_weak_noise_raw,156,8,model,1,ripe,0.262084,noise,noise,weak/noise conf 0.26<0.80,,1,ripe,1,ripe,,,False,,,False,,0.611111,2816.0,3106.608887,0.825,0.0,0.825,0.075,271.34375,388.0625,49.140625,63.21875,False,,,,,,,,,,,,,,,
session_20260630_103628,images_weak_noise_raw/weak_20260630_103736_000027.jpg,images_weak_noise_raw,156,9,model,2,unripe,0.227471,noise,noise,weak/noise conf 0.23<0.85 bad_color gy=0.00 tomato_sanity_failed warm=0.00 red=0.00 gy=0.00,,2,unripe,2,unripe,,,False,,,False,,0.666667,1280.0,1147.349609,0.0,0.0,0.0,0.0,1010.890625,630.351562,31.414062,36.523438,False,,,,,,,,,,,,,,,
session_20260630_103628,images_weak_noise_raw/weak_20260630_103736_000027.jpg,images_weak_noise_raw,156,10,model,2,unripe,0.222024,noise,noise,weak/noise conf 0.22<0.85,,2,unripe,2,unripe,,,False,,,False,,0.6,1152.0,1364.569702,0.0,0.0,0.0,0.857143,973.890625,601.152344,36.21875,37.675781,False,,,,,,,,,,,,,,,
session_20260630_103628,images_weak_noise_raw/weak_20260630_103736_000027.jpg,images_weak_noise_raw,156,11,model,1,ripe,0.180683,noise,noise,weak/noise conf 0.18<0.80,,1,ripe,1,ripe,,,False,,,False,,0.657143,1472.0,1316.160156,0.826087,0.0,0.826087,0.086957,276.859375,420.671875,43.375,30.34375,False,,,,,,,,,,,,,,,
session_20260630_103628,images_weak_noise_raw/weak_20260630_103736_000027.jpg,images_weak_noise_raw,156,12,model,2,unripe,0.174412,noise,noise,weak/noise conf 0.17<0.85,,2,unripe,2,unripe,,,False,,,False,,0.428571,1152.0,1491.693359,0.714286,0.071429,0.785714,0.142857,453.03125,126.671875,43.375,34.390625,False,,,,,,,,,,,,,,,
session_20260630_103628,images_weak_noise_raw/weak_20260630_103736_000027.jpg,images_weak_noise_raw,156,13,model,2,unripe,0.150527,noise,noise,weak/noise conf 0.15<0.85,,2,unripe,2,unripe,,,False,,,False,,0.733333,1408.0,1693.390137,0.0,0.0,0.0,1.0,1096.46875,220.78125,39.28125,43.109375,False,,,,,,,,,,,,,,,
session_20260630_103628,images_weak_noise_raw/weak_20260630_103737_000028.jpg,images_weak_noise_raw,157,0,model,2,unripe,0.811677,weak,review,weak/noise conf 0.81<0.85,near_threshold_unripe_color_mask_support,2,unripe,2,unripe,,,False,,,True,near_threshold_unripe_color_mask_support,0.666667,2048.0,2386.324951,0.0,0.0,0.0,1.0,110.125,200.234375,55.617188,42.90625,False,,,,,,,,,,,,,,,
session_20260630_103628,images_weak_noise_raw/weak_20260630_103737_000028.jpg,images_weak_noise_raw,157,1,model,2,unripe,0.81048,weak,review,weak/noise conf 0.81<0.85,near_threshold_unripe_color_mask_support,2,unripe,2,unripe,,,False,,,True,near_threshold_unripe_color_mask_support,0.541667,1664.0,2284.971191,0.0,0.0,0.0,1.0,156.453125,195.78125,54.515625,41.914062,False,,,,,,,,,,,,,,,
session_20260630_103628,images_weak_noise_raw/weak_20260630_103737_000028.jpg,images_weak_noise_raw,157,2,model,3,unripe bunch,0.808068,noise,noise,weak/noise small_bunch_mask low_bunch_density tomatoes_inside 0<2,,3,unripe bunch,3,unripe bunch,,,False,,,False,,0.011765,264.375488,20751.265625,0.0,0.0,0.0,1.0,106.636139,181.73613,133.276825,155.700485,False,,,,,,,,,,,,,,,
session_20260630_103628,images_weak_noise_raw/weak_20260630_103737_000028.jpg,images_weak_noise_raw,157,3,model,3,unripe bunch,0.764186,noise,noise,weak/noise small_bunch_mask low_bunch_density bad_color gy=0.00 tomatoes_inside 0<2,,3,unripe bunch,3,unripe bunch,,,False,,,False,,0.008961,320.0,31869.369141,0.0,0.0,0.0,0.0,106.09375,166.3125,135.21875,235.6875,False,,,,,,,,,,,,,,,
session_20260630_103628,images_weak_noise_raw/weak_20260630_103737_000028.jpg,images_weak_noise_raw,157,4,model,2,unripe,0.750553,weak,weak,weak/noise conf 0.75<0.85,,2,unripe,2,unripe,,,False,,,False,,0.738095,1984.0,2160.859375,0.0,0.0,0.0,1.0,189.015625,266.46875,50.84375,42.5,False,,,,,,,,,,,,,,,
session_20260630_103628,images_weak_noise_raw/weak_20260630_103737_000028.jpg,images_weak_noise_raw,157,5,model,2,unripe,0.74614,weak,weak,weak/noise conf 0.75<0.85,,2,unripe,2,unripe,,,False,,,False,,0.733333,1408.0,1439.6875,0.0,0.0,0.0,1.0,179.796875,234.171875,40.0,35.992188,False,,,,,,,,,,,,,,,
session_20260630_103628,images_weak_noise_raw/weak_20260630_103737_000028.jpg,images_weak_noise_raw,157,6,model,2,unripe,0.743169,weak,weak,weak/noise conf 0.74<0.85,,2,unripe,2,unripe,,,False,,,False,,0.711111,2048.0,2226.126465,0.0,0.0,0.0,1.0,143.71875,233.25,58.1875,38.257812,False,,,,,,,,,,,,,,,
session_20260630_103628,images_weak_noise_raw/weak_20260630_103737_000028.jpg,images_weak_noise_raw,157,7,model,2,unripe,0.449392,weak,weak,weak/noise conf 0.45<0.85,,2,unripe,2,unripe,,,False,,,False,,0.666667,1792.0,2017.382812,0.0,0.0,0.0,1.0,196.203125,317.78125,50.0,40.347656,False,,,,,,,,,,,,,,,
session_20260630_103628,images_weak_noise_raw/weak_20260630_103737_000028.jpg,images_weak_noise_raw,157,8,model,2,unripe,0.379378,weak,weak,weak/noise conf 0.38<0.85,,2,unripe,2,unripe,,,False,,,False,,0.7,1344.0,1120.819336,0.0,0.0,0.0,0.5,849.0,620.265625,31.296875,35.8125,False,,,,,,,,,,,,,,,
session_20260630_103628,images_weak_noise_raw/weak_20260630_103737_000028.jpg,images_weak_noise_raw,157,9,model,2,unripe,0.332853,weak,weak,weak/noise conf 0.33<0.85,,2,unripe,2,unripe,,,False,,,False,,0.47619,1280.0,1668.928955,0.833333,0.0,0.833333,0.166667,287.78125,123.96875,44.992188,37.09375,False,,,,,,,,,,,,,,,
session_20260630_103628,images_weak_noise_raw/weak_20260630_103737_000028.jpg,images_weak_noise_raw,157,10,model,2,unripe,0.283781,noise,noise,weak/noise conf 0.28<0.85,,2,unripe,2,unripe,,,False,,,False,,0.555556,1280.0,1290.471313,0.0,0.0,0.0,0.9,815.21875,596.734375,33.289062,38.765625,False,,,,,,,,,,,,,,,
session_20260630_103628,images_weak_noise_raw/weak_20260630_103737_000028.jpg,images_weak_noise_raw,157,11,model,2,unripe,0.206894,noise,noise,weak/noise conf 0.21<0.85,,2,unripe,2,unripe,,,False,,,False,,0.8,1536.0,1256.43042,0.0,0.0,0.0,1.0,549.375,413.25,34.203125,36.734375,False,,,,,,,,,,,,,,,
session_20260630_103628,images_weak_noise_raw/weak_20260630_103739_000029.jpg,images_weak_noise_raw,158,0,model,2,unripe,0.796925,weak,weak,weak/noise conf 0.80<0.85,,2,unripe,2,unripe,,,False,,,False,,0.6,2304.0,2358.972168,0.0,0.0,0.0,1.0,142.640625,342.726562,65.484375,36.023438,False,,,,,,,,,,,,,,,
session_20260630_103628,images_weak_noise_raw/weak_20260630_103739_000029.jpg,images_weak_noise_raw,158,1,model,2,unripe,0.779993,weak,weak,weak/noise conf 0.78<0.85,,2,unripe,2,unripe,,,False,,,False,,0.738095,1984.0,2141.8396,0.0,0.0,0.0,1.0,185.171875,371.234375,48.046875,44.578125,False,,,,,,,,,,,,,,,
session_20260630_103628,images_weak_noise_raw/weak_20260630_103739_000029.jpg,images_weak_noise_raw,158,2,model,2,unripe,0.744657,weak,weak,weak/noise conf 0.74<0.85,,2,unripe,2,unripe,,,False,,,False,,0.666667,2048.0,2232.701172,0.0,0.0,0.0,1.0,108.242188,309.890625,55.632812,40.132812,False,,,,,,,,,,,,,,,
session_20260630_103628,images_weak_noise_raw/weak_20260630_103739_000029.jpg,images_weak_noise_raw,158,3,model,2,unripe,0.741675,weak,weak,weak/noise conf 0.74<0.85,,2,unripe,2,unripe,,,False,,,False,,0.604167,1856.0,2009.382568,0.0,0.0,0.0,1.0,191.1875,422.84375,49.671875,40.453125,False,,,,,,,,,,,,,,,
session_20260630_103628,images_weak_noise_raw/weak_20260630_103739_000029.jpg,images_weak_noise_raw,158,4,model,2,unripe,0.735642,weak,weak,weak/noise conf 0.74<0.85,,2,unripe,2,unripe,,,False,,,False,,0.642857,1728.0,2085.901367,0.0,0.0,0.0,1.0,155.5,302.703125,51.109375,40.8125,False,,,,,,,,,,,,,,,
session_20260630_103628,images_weak_noise_raw/weak_20260630_103739_000029.jpg,images_weak_noise_raw,158,5,model,3,unripe bunch,0.690142,noise,noise,weak/noise conf 0.69<0.70 small_bunch_mask low_bunch_density bad_color gy=0.00 tomatoes_inside 0<2,,3,unripe bunch,3,unripe bunch,,,False,,,False,,0.006536,256.0,34996.792969,0.0,0.0,0.0,0.0,103.3125,295.25,133.703125,261.75,False,,,,,,,,,,,,,,,
session_20260630_103628,images_weak_noise_raw/weak_20260630_103739_000029.jpg,images_weak_noise_raw,158,6,model,2,unripe,0.5,weak,weak,weak/noise conf 0.50<0.85,,2,unripe,2,unripe,,,False,,,False,,0.833333,1280.0,1298.856934,0.0,0.0,0.0,1.0,176.9375,344.007812,41.972656,30.945312,False,,,,,,,,,,,,,,,
session_20260630_103628,images_weak_noise_raw/weak_20260630_103739_000029.jpg,images_weak_noise_raw,158,7,model,1,ripe,0.468791,weak,weak,weak/noise conf 0.47<0.80,,1,ripe,1,ripe,,,False,,,False,,0.541667,832.0,1060.980469,0.615385,0.153846,0.769231,0.153846,87.625,504.703125,38.625,27.46875,False,,,,,,,,,,,,,,,
session_20260630_103628,images_weak_noise_raw/weak_20260630_103739_000029.jpg,images_weak_noise_raw,158,8,model,1,ripe,0.272025,noise,noise,weak/noise conf 0.27<0.80,,1,ripe,1,ripe,,,False,,,False,,0.628571,1408.0,1140.30835,0.909091,0.045455,0.954545,0.045455,102.65625,535.664062,41.90625,27.210938,False,,,,,,,,,,,,,,,
session_20260630_103628,images_weak_noise_raw/weak_20260630_103740_000030.jpg,images_weak_noise_raw,159,0,model,3,unripe bunch,0.773215,weak,weak,weak/noise small_bunch_mask tomatoes_inside 0<2,,3,unripe bunch,3,unripe bunch,,,False,,,False,,0.110811,464.968811,3727.037598,0.0,0.0,0.0,1.0,1089.265625,372.858398,43.457809,85.762207,False,,,,,,,,,,,,,,,
session_20260630_103628,images_weak_noise_raw/weak_20260630_103740_000030.jpg,images_weak_noise_raw,159,1,model,3,unripe bunch,0.720958,weak,weak,weak/noise small_bunch_mask tomatoes_inside 0<2,,3,unripe bunch,3,unripe bunch,,,False,,,False,,0.06576,286.611755,3986.94873,0.0,0.0,0.0,1.0,288.371216,508.374054,62.543427,63.746887,False,,,,,,,,,,,,,,,
session_20260630_103628,images_weak_noise_raw/weak_20260630_103740_000030.jpg,images_weak_noise_raw,159,2,model,2,unripe,0.66888,weak,weak,weak/noise conf 0.67<0.85,,2,unripe,2,unripe,,,False,,,False,,0.65,1664.0,1628.806641,0.0,0.0,0.0,1.0,245.890625,607.75,32.414062,50.25,False,,,,,,,,,,,,,,,
session_20260630_103628,images_weak_noise_raw/weak_20260630_103740_000030.jpg,images_weak_noise_raw,159,3,model,3,unripe bunch,0.599251,weak,weak,weak/noise conf 0.60<0.70 small_bunch_mask low_bunch_density tomatoes_inside 0<2,,3,unripe bunch,3,unripe bunch,,,False,,,False,,0.038647,1024.0,23200.826172,0.0,0.0,0.0,1.0,252.9375,543.8125,137.84375,168.3125,False,,,,,,,,,,,,,,,
session_20260630_103628,images_weak_noise_raw/weak_20260630_103740_000030.jpg,images_weak_noise_raw,159,4,model,3,unripe bunch,0.560253,weak,weak,weak/noise conf 0.56<0.70 small_bunch_mask tomatoes_inside 0<2,,3,unripe bunch,3,unripe bunch,,,False,,,False,,0.098529,379.913544,3574.474609,0.0,0.0,0.0,1.0,1170.623535,534.597351,45.573944,78.432419,False,,,,,,,,,,,,,,,
session_20260630_103628,images_weak_noise_raw/weak_20260630_103740_000030.jpg,images_weak_noise_raw,159,5,model,2,unripe,0.474631,weak,weak,weak/noise conf 0.47<0.85,,2,unripe,2,unripe,,,False,,,False,,0.625,2240.0,2337.290771,0.0,0.0,0.0,1.0,302.195312,587.90625,51.617188,45.28125,False,,,,,,,,,,,,,,,
session_20260630_103628,images_weak_noise_raw/weak_20260630_103740_000030.jpg,images_weak_noise_raw,159,6,model,2,unripe,0.433981,weak,weak,weak/noise conf 0.43<0.85,,2,unripe,2,unripe,,,False,,,False,,0.6,768.0,766.219727,0.0,0.0,0.0,1.0,1103.078125,433.820312,31.324219,24.460938,False,,,,,,,,,,,,,,,
session_20260630_103628,images_weak_noise_raw/weak_20260630_103740_000030.jpg,images_weak_noise_raw,159,7,model,3,unripe bunch,0.389546,weak,weak,weak/noise conf 0.39<0.70 small_bunch_mask low_bunch_density tomatoes_inside 0<2,,3,unripe bunch,3,unripe bunch,,,False,,,False,,0.055556,896.0,14192.286133,0.0,0.5,0.5,0.166667,1041.351562,537.4375,87.085938,162.96875,False,,,,,,,,,,,,,,,
session_20260630_103628,images_weak_noise_raw/weak_20260630_103740_000030.jpg,images_weak_noise_raw,159,8,model,2,unripe,0.331986,weak,weak,weak/noise conf 0.33<0.85,,2,unripe,2,unripe,,,False,,,False,,0.9,1152.0,759.890625,0.0,0.0,0.0,1.0,1175.328125,578.414062,26.0,29.226562,False,,,,,,,,,,,,,,,
session_20260630_103628,images_weak_noise_raw/weak_20260630_103740_000030.jpg,images_weak_noise_raw,159,9,model,2,unripe,0.304042,noise,noise,weak/noise conf 0.30<0.85 bad_color gy=0.00 tomato_sanity_failed warm=0.00 red=0.00 gy=0.00,,2,unripe,2,unripe,,,False,,,False,,0.72,1152.0,907.741455,0.0,0.0,0.0,0.0,1119.125,463.765625,30.03125,30.226562,False,,,,,,,,,,,,,,,
session_20260630_103628,images_weak_noise_raw/weak_20260630_103740_000030.jpg,images_weak_noise_raw,159,10,model,2,unripe,0.260576,noise,noise,weak/noise conf 0.26<0.85,,2,unripe,2,unripe,,,False,,,False,,0.8,1280.0,1013.619385,0.0,0.0,0.0,1.0,1181.75,582.890625,32.65625,31.039062,False,,,,,,,,,,,,,,,
session_20260630_103628,images_weak_noise_raw/weak_20260630_103740_000030.jpg,images_weak_noise_raw,159,11,model,2,unripe,0.24726,noise,noise,weak/noise conf 0.25<0.85 roi,,2,unripe,2,unripe,,,False,,,False,,0.666667,1280.0,1300.809814,0.0,0.666667,0.666667,0.733333,1061.515625,666.4375,35.171875,36.984375,False,,,,,,,,,,,,,,,
session_20260630_103628,images_weak_noise_raw/weak_20260630_103740_000030.jpg,images_weak_noise_raw,159,12,model,2,unripe,0.216674,noise,noise,weak/noise conf 0.22<0.85,,2,unripe,2,unripe,,,False,,,False,,0.8,2048.0,2038.313965,0.0,0.090909,0.090909,1.0,301.3125,345.511719,57.109375,35.691406,False,,,,,,,,,,,,,,,
session_20260630_103628,images_weak_noise_raw/weak_20260630_103740_000030.jpg,images_weak_noise_raw,159,13,model,2,unripe,0.205615,noise,noise,weak/noise conf 0.21<0.85,,2,unripe,2,unripe,,,False,,,False,,0.8,1536.0,1282.756348,0.0,0.0,0.0,1.0,354.78125,593.859375,31.820312,40.3125,False,,,,,,,,,,,,,,,
session_20260630_103628,images_weak_noise_raw/weak_20260630_103740_000030.jpg,images_weak_noise_raw,159,14,model,2,unripe,0.204342,noise,noise,weak/noise conf 0.20<0.85,,2,unripe,2,unripe,,,False,,,False,,0.6,1152.0,1184.966187,0.0,0.5625,0.5625,0.9375,862.8125,82.835938,37.515625,31.585938,False,,,,,,,,,,,,,,,
session_20260630_103628,images_weak_noise_raw/weak_20260630_103740_000030.jpg,images_weak_noise_raw,159,15,model,3,unripe bunch,0.194367,noise,noise,weak/noise conf 0.19<0.70 small_bunch_mask bad_color gy=0.00 tomatoes_inside 0<2,,3,unripe bunch,3,unripe bunch,,,False,,,False,,0.098039,1600.0,14024.742188,0.461538,0.230769,0.692308,0.0,697.4375,31.34375,130.046875,107.84375,False,,,,,,,,,,,,,,,
session_20260630_103628,images_weak_noise_raw/weak_20260630_103740_000030.jpg,images_weak_noise_raw,159,16,model,2,unripe,0.185947,noise,noise,weak/noise conf 0.19<0.85 roi,,2,unripe,2,unripe,,,False,,,False,,0.75,960.0,673.841125,0.0,0.0,0.0,1.0,1115.695312,671.921875,26.320312,25.601562,False,,,,,,,,,,,,,,,
session_20260630_103628,images_weak_noise_raw/weak_20260630_103740_000030.jpg,images_weak_noise_raw,159,17,model,2,unripe,0.18418,noise,noise,weak/noise conf 0.18<0.85,,2,unripe,2,unripe,,,False,,,False,,0.666667,1024.0,1087.571045,0.0,0.0,0.0,1.0,285.828125,506.09375,36.648438,29.675781,False,,,,,,,,,,,,,,,
session_20260630_103628,images_weak_noise_raw/weak_20260630_103740_000030.jpg,images_weak_noise_raw,159,18,model,2,unripe,0.172174,noise,noise,weak/noise conf 0.17<0.85,,2,unripe,2,unripe,,,False,,,False,,0.8,1536.0,1439.124756,0.0,0.0,0.0,1.0,752.96875,315.09375,34.6875,41.488281,False,,,,,,,,,,,,,,,
session_20260630_103628,images_weak_noise_raw/weak_20260630_103742_000031.jpg,images_weak_noise_raw,160,0,model,3,unripe bunch,0.710629,noise,noise,weak/noise small_bunch_mask low_bunch_density tomatoes_inside 0<2,,3,unripe bunch,3,unripe bunch,,,False,,,False,,0.003448,128.0,33892.6875,0.0,0.0,0.0,1.0,68.9375,400.875,149.78125,226.28125,False,,,,,,,,,,,,,,,
session_20260630_103628,images_weak_noise_raw/weak_20260630_103742_000031.jpg,images_weak_noise_raw,160,1,model,3,unripe bunch,0.61231,weak,weak,weak/noise conf 0.61<0.70 small_bunch_mask low_bunch_density tomatoes_inside 0<2,,3,unripe bunch,3,unripe bunch,,,False,,,False,,0.028571,1152.0,38028.46875,0.0,0.5,0.5,1.0,868.65625,383.125,163.34375,232.8125,False,,,,,,,,,,,,,,,
session_20260630_103628,images_weak_noise_raw/weak_20260630_103742_000031.jpg,images_weak_noise_raw,160,2,model,2,unripe,0.607663,weak,weak,weak/noise conf 0.61<0.85,,2,unripe,2,unripe,,,False,,,False,,0.6875,704.0,688.835388,0.0,0.0,0.0,1.0,944.148438,581.890625,26.726562,25.773438,False,,,,,,,,,,,,,,,
session_20260630_103628,images_weak_noise_raw/weak_20260630_103742_000031.jpg,images_weak_noise_raw,160,3,model,2,unripe,0.586996,weak,weak,weak/noise conf 0.59<0.85,,2,unripe,2,unripe,,,False,,,False,,0.75,1728.0,2038.730713,0.0,0.0,0.0,1.0,88.742188,536.96875,45.210938,45.09375,False,,,,,,,,,,,,,,,
session_20260630_103628,images_weak_noise_raw/weak_20260630_103742_000031.jpg,images_weak_noise_raw,160,4,model,2,unripe,0.571766,weak,weak,weak/noise conf 0.57<0.85,,2,unripe,2,unripe,,,False,,,False,,0.690476,1856.0,1605.469238,0.0,0.0,0.0,1.0,146.71875,471.34375,38.46875,41.734375,False,,,,,,,,,,,,,,,
session_20260630_103628,images_weak_noise_raw/weak_20260630_103742_000031.jpg,images_weak_noise_raw,160,5,model,2,unripe,0.542863,weak,weak,weak/noise conf 0.54<0.85,,2,unripe,2,unripe,,,False,,,False,,0.604167,1856.0,1704.605957,0.0,0.0,0.0,1.0,71.203125,495.8125,34.328125,49.65625,False,,,,,,,,,,,,,,,
session_20260630_103628,images_weak_noise_raw/weak_20260630_103742_000031.jpg,images_weak_noise_raw,160,6,model,2,unripe,0.513668,weak,weak,weak/noise conf 0.51<0.85,,2,unripe,2,unripe,,,False,,,False,,0.8,1536.0,1262.820557,0.0,0.0,0.0,1.0,150.078125,436.59375,37.21875,33.929688,False,,,,,,,,,,,,,,,
session_20260630_103628,images_weak_noise_raw/weak_20260630_103742_000031.jpg,images_weak_noise_raw,160,7,model,2,unripe,0.468791,weak,weak,weak/noise conf 0.47<0.85,,2,unripe,2,unripe,,,False,,,False,,0.6,960.0,935.072815,0.125,0.0,0.125,0.875,1123.6875,413.75,32.710938,28.585938,False,,,,,,,,,,,,,,,
session_20260630_103628,images_weak_noise_raw/weak_20260630_103742_000031.jpg,images_weak_noise_raw,160,8,model,2,unripe,0.468791,weak,weak,weak/noise conf 0.47<0.85,,2,unripe,2,unripe,,,False,,,False,,0.6,1152.0,1052.439453,0.0,0.0,0.0,1.0,113.859375,391.4375,39.109375,26.910156,False,,,,,,,,,,,,,,,
session_20260630_103628,images_weak_noise_raw/weak_20260630_103742_000031.jpg,images_weak_noise_raw,160,9,model,2,unripe,0.466845,weak,weak,weak/noise conf 0.47<0.85,,2,unripe,2,unripe,,,False,,,False,,0.6875,2112.0,2187.047607,0.0,0.125,0.125,1.0,892.21875,544.859375,55.171875,39.640625,False,,,,,,,,,,,,,,,
session_20260630_103628,images_weak_noise_raw/weak_20260630_103742_000031.jpg,images_weak_noise_raw,160,10,model,2,unripe,0.418697,weak,weak,weak/noise conf 0.42<0.85,,2,unripe,2,unripe,,,False,,,False,,0.8,1280.0,1064.00415,0.0,0.0,0.0,1.0,1148.125,442.332031,35.324219,30.121094,False,,,,,,,,,,,,,,,
session_20260630_103628,images_weak_noise_raw/weak_20260630_103742_000031.jpg,images_weak_noise_raw,160,11,model,2,unripe,0.351311,noise,noise,weak/noise conf 0.35<0.85 roi bad_color gy=0.00 tomato_sanity_failed warm=0.00 red=0.00 gy=0.00,,2,unripe,2,unripe,,,False,,,False,,0.766667,1472.0,1157.313599,0.0,0.0,0.0,0.0,499.875,677.914062,32.140625,36.007812,False,,,,,,,,,,,,,,,
session_20260630_103628,images_weak_noise_raw/weak_20260630_103742_000031.jpg,images_weak_noise_raw,160,12,model,2,unripe,0.32853,weak,weak,weak/noise conf 0.33<0.85,,2,unripe,2,unripe,,,False,,,False,,0.8,1280.0,1230.209839,0.083333,0.0,0.083333,0.916667,443.453125,595.296875,34.261719,35.90625,False,,,,,,,,,,,,,,,
session_20260630_103628,images_weak_noise_raw/weak_20260630_103742_000031.jpg,images_weak_noise_raw,160,13,model,2,unripe,0.324236,weak,weak,weak/noise conf 0.32<0.85,,2,unripe,2,unripe,,,False,,,False,,0.875,896.0,688.950806,0.0,0.0,0.0,1.0,1012.140625,468.914062,26.714844,25.789062,False,,,,,,,,,,,,,,,
session_20260630_103628,images_weak_noise_raw/weak_20260630_103742_000031.jpg,images_weak_noise_raw,160,14,model,2,unripe,0.295026,noise,noise,weak/noise conf 0.30<0.85 bad_color gy=0.00,,2,unripe,2,unripe,,,False,,,False,,0.65,832.0,790.814148,0.8,0.1,0.9,0.0,1122.796875,385.3125,31.117188,25.414062,False,,,,,,,,,,,,,,,
session_20260630_103628,images_weak_noise_raw/weak_20260630_103742_000031.jpg,images_weak_noise_raw,160,15,model,2,unripe,0.216012,noise,noise,weak/noise conf 0.22<0.85 bad_color gy=0.00,,2,unripe,2,unripe,,,False,,,False,,0.5,960.0,1066.672607,0.8,0.2,1.0,0.0,877.507812,524.359375,35.882812,29.726562,False,,,,,,,,,,,,,,,
session_20260630_103628,images_weak_noise_raw/weak_20260630_103742_000031.jpg,images_weak_noise_raw,160,16,model,2,unripe,0.20947,noise,noise,weak/noise conf 0.21<0.85,,2,unripe,2,unripe,,,False,,,False,,0.68,1088.0,980.777344,0.0,0.0,0.0,1.0,933.578125,304.84375,30.890625,31.75,False,,,,,,,,,,,,,,,
session_20260630_103628,images_weak_noise_raw/weak_20260630_103742_000031.jpg,images_weak_noise_raw,160,17,model,2,unripe,0.191327,noise,noise,weak/noise conf 0.19<0.85,,2,unripe,2,unripe,,,False,,,False,,0.875,896.0,618.392456,0.0,0.0,0.0,1.0,934.5625,539.078125,22.664062,27.285156,False,,,,,,,,,,,,,,,
session_20260630_103628,images_weak_noise_raw/weak_20260630_103742_000031.jpg,images_weak_noise_raw,160,18,model,2,unripe,0.189521,noise,noise,weak/noise conf 0.19<0.85,,2,unripe,2,unripe,,,False,,,False,,0.75,768.0,547.921021,0.0,0.0,0.0,1.0,1164.234375,460.78125,27.515625,19.913086,False,,,,,,,,,,,,,,,
session_20260630_103628,images_weak_noise_raw/weak_20260630_103742_000031.jpg,images_weak_noise_raw,160,19,model,2,unripe,0.189521,noise,noise,weak/noise conf 0.19<0.85,,2,unripe,2,unripe,,,False,,,False,,0.638889,1472.0,1243.664551,0.0,0.0,0.0,1.0,982.75,420.515625,34.53125,36.015625,False,,,,,,,,,,,,,,,
session_20260630_103628,images_weak_noise_raw/weak_20260630_103742_000031.jpg,images_weak_noise_raw,160,20,model,2,unripe,0.17385,noise,noise,weak/noise conf 0.17<0.85,,2,unripe,2,unripe,,,False,,,False,,0.809524,2176.0,1857.186279,0.0,0.0,0.0,0.894737,145.921875,527.28125,40.859375,45.453125,False,,,,,,,,,,,,,,,
session_20260630_103628,images_weak_noise_raw/weak_20260630_103742_000031.jpg,images_weak_noise_raw,160,21,model,2,unripe,0.168311,noise,noise,weak/noise conf 0.17<0.85 bad_color gy=0.00,,2,unripe,2,unripe,,,False,,,False,,0.533333,1024.0,1153.541504,1.0,0.0,1.0,0.0,876.9375,401.53125,29.238281,39.453125,False,,,,,,,,,,,,,,,
session_20260630_103628,images_weak_noise_raw/weak_20260630_103742_000031.jpg,images_weak_noise_raw,160,22,model,3,unripe bunch,0.157135,noise,noise,weak/noise conf 0.16<0.70 tomatoes_inside 0<2,,3,unripe bunch,3,unripe bunch,,,False,,,False,,0.356061,3008.0,7073.49707,0.333333,0.041667,0.375,0.583333,1116.125,392.03125,77.664062,91.078125,False,,,,,,,,,,,,,,,
session_20260630_103628,images_weak_noise_raw/weak_20260630_103742_000031.jpg,images_weak_noise_raw,160,23,model,2,unripe,0.156618,noise,noise,weak/noise conf 0.16<0.85,,2,unripe,2,unripe,,,False,,,False,,0.666667,1792.0,1889.054688,0.0,0.1,0.1,0.9,469.890625,648.019531,34.203125,55.230469,False,,,,,,,,,,,,,,,
session_20260630_103628,images_weak_noise_raw/weak_20260630_103742_000031.jpg,images_weak_noise_raw,160,24,model,2,unripe,0.151027,noise,noise,weak/noise conf 0.15<0.85,,2,unripe,2,unripe,,,False,,,False,,0.88,1408.0,960.984375,0.0,0.0,0.0,1.0,947.828125,533.65625,31.125,30.875,False,,,,,,,,,,,,,,,
session_20260630_103628,images_weak_noise_raw/weak_20260630_103743_000032.jpg,images_weak_noise_raw,161,0,model,2,unripe,0.774583,weak,weak,weak/noise conf 0.77<0.85,,2,unripe,2,unripe,,,False,,,False,,0.755102,2368.0,2631.405762,0.0,0.0,0.0,1.0,73.09375,557.25,52.859375,49.78125,False,,,,,,,,,,,,,,,
session_20260630_103628,images_weak_noise_raw/weak_20260630_103743_000032.jpg,images_weak_noise_raw,161,1,model,3,unripe bunch,0.759223,weak,weak,weak/noise small_bunch_mask low_bunch_density tomatoes_inside 0<2,,3,unripe bunch,3,unripe bunch,,,False,,,False,,0.023214,832.0,33405.796875,0.0,0.0,0.0,1.0,0.875,481.5,154.5,216.21875,False,,,,,,,,,,,,,,,
session_20260630_103628,images_weak_noise_raw/weak_20260630_103743_000032.jpg,images_weak_noise_raw,161,2,model,3,unripe bunch,0.72952,weak,weak,weak/noise small_bunch_mask low_bunch_density tomatoes_inside 0<2,,3,unripe bunch,3,unripe bunch,,,False,,,False,,0.042763,1664.0,35001.347656,0.0,0.277778,0.277778,0.888889,902.03125,464.625,139.65625,250.625,False,,,,,,,,,,,,,,,
session_20260630_103628,images_weak_noise_raw/weak_20260630_103743_000032.jpg,images_weak_noise_raw,161,3,model,2,unripe,0.675764,weak,weak,weak/noise conf 0.68<0.85 roi,,2,unripe,2,unripe,,,False,,,False,,0.65,1664.0,2036.732422,0.0,0.0,0.0,1.0,0.761719,586.140625,35.566406,57.265625,False,,,,,,,,,,,,,,,
session_20260630_103628,images_weak_noise_raw/weak_20260630_103743_000032.jpg,images_weak_noise_raw,161,4,model,2,unripe,0.583203,weak,weak,weak/noise conf 0.58<0.85,,2,unripe,2,unripe,,,False,,,False,,0.52381,1408.0,1407.280273,0.0,0.0,0.0,1.0,47.4375,463.921875,41.5625,33.859375,False,,,,,,,,,,,,,,,
session_20260630_103628,images_weak_noise_raw/weak_20260630_103743_000032.jpg,images_weak_noise_raw,161,5,model,2,unripe,0.571766,weak,weak,weak/noise conf 0.57<0.85 roi,,2,unripe,2,unripe,,,False,,,False,,0.875,896.0,841.433838,0.0,0.0,0.0,1.0,987.234375,680.0,28.328125,29.703125,False,,,,,,,,,,,,,,,
session_20260630_103628,images_weak_noise_raw/weak_20260630_103743_000032.jpg,images_weak_noise_raw,161,6,model,2,unripe,0.55254,weak,weak,weak/noise conf 0.55<0.85,,2,unripe,2,unripe,,,False,,,False,,0.805556,1856.0,2026.868408,0.0,0.0,0.0,1.0,60.515625,560.09375,43.40625,46.695312,False,,,,,,,,,,,,,,,
session_20260630_103628,images_weak_noise_raw/weak_20260630_103743_000032.jpg,images_weak_noise_raw,161,7,model,2,unripe,0.533155,weak,weak,weak/noise conf 0.53<0.85,,2,unripe,2,unripe,,,False,,,False,,0.675,3456.0,4062.106934,0.025,0.0,0.025,0.775,78.203125,618.46875,72.578125,55.96875,False,,,,,,,,,,,,,,,
session_20260630_103628,images_weak_noise_raw/weak_20260630_103743_000032.jpg,images_weak_noise_raw,161,8,model,2,unripe,0.482429,weak,weak,weak/noise conf 0.48<0.85,,2,unripe,2,unripe,,,False,,,False,,0.791667,1216.0,965.472107,0.0,0.0,0.0,1.0,1055.90625,545.703125,33.445312,28.867188,False,,,,,,,,,,,,,,,
session_20260630_103628,images_weak_noise_raw/weak_20260630_103743_000032.jpg,images_weak_noise_raw,161,9,model,2,unripe,0.449392,weak,weak,weak/noise conf 0.45<0.85,,2,unripe,2,unripe,,,False,,,False,,0.76,1216.0,1030.345825,0.0,0.0,0.0,1.0,1213.609375,521.996094,34.074219,30.238281,False,,,,,,,,,,,,,,,
session_20260630_103628,images_weak_noise_raw/weak_20260630_103743_000032.jpg,images_weak_noise_raw,161,10,model,2,unripe,0.445529,weak,weak,weak/noise conf 0.45<0.85,,2,unripe,2,unripe,,,False,,,False,,0.888889,2048.0,1505.095215,0.0,0.0,0.0,0.909091,86.765625,518.84375,39.4375,38.164062,False,,,,,,,,,,,,,,,
session_20260630_103628,images_weak_noise_raw/weak_20260630_103743_000032.jpg,images_weak_noise_raw,161,11,model,2,unripe,0.392337,weak,weak,weak/noise conf 0.39<0.85 bad_color gy=0.00,,2,unripe,2,unripe,,,False,,,False,,0.733333,1408.0,1289.156982,0.909091,0.090909,1.0,0.0,910.140625,612.5625,39.046875,33.015625,False,,,,,,,,,,,,,,,
session_20260630_103628,images_weak_noise_raw/weak_20260630_103743_000032.jpg,images_weak_noise_raw,161,12,model,2,unripe,0.361165,weak,weak,weak/noise conf 0.36<0.85,,2,unripe,2,unripe,,,False,,,False,,0.9,1152.0,975.015137,0.0,0.0,0.0,1.0,1189.8125,490.773438,33.8125,28.835938,False,,,,,,,,,,,,,,,
session_20260630_103628,images_weak_noise_raw/weak_20260630_103743_000032.jpg,images_weak_noise_raw,161,13,model,2,unripe,0.307358,weak,weak,weak/noise conf 0.31<0.85 roi,,2,unripe,2,unripe,,,False,,,False,,0.85,1088.0,839.065247,0.0,0.0,0.0,1.0,1234.90625,532.015625,31.523438,26.617188,False,,,,,,,,,,,,,,,
session_20260630_103628,images_weak_noise_raw/weak_20260630_103743_000032.jpg,images_weak_noise_raw,161,14,model,2,unripe,0.289371,noise,noise,weak/noise conf 0.29<0.85 bad_color gy=0.00,,2,unripe,2,unripe,,,False,,,False,,0.75,960.0,765.307739,0.733333,0.066667,0.8,0.0,1185.671875,460.238281,35.117188,21.792969,False,,,,,,,,,,,,,,,
session_20260630_103628,images_weak_noise_raw/weak_20260630_103743_000032.jpg,images_weak_noise_raw,161,15,model,2,unripe,0.284576,noise,noise,weak/noise conf 0.28<0.85,,2,unripe,2,unripe,,,False,,,False,,0.571429,1536.0,1542.105103,0.0,0.210526,0.210526,0.842105,926.15625,631.921875,36.757812,41.953125,False,,,,,,,,,,,,,,,
session_20260630_103628,images_weak_noise_raw/weak_20260630_103743_000032.jpg,images_weak_noise_raw,161,16,model,2,unripe,0.218003,noise,noise,weak/noise conf 0.22<0.85,,2,unripe,2,unripe,,,False,,,False,,0.666667,1280.0,1105.594727,0.0,0.0,0.0,1.0,46.328125,509.296875,35.835938,30.851562,False,,,,,,,,,,,,,,,
session_20260630_103628,images_weak_noise_raw/weak_20260630_103743_000032.jpg,images_weak_noise_raw,161,17,model,2,unripe,0.183009,noise,noise,weak/noise conf 0.18<0.85 bad_color gy=0.00,,2,unripe,2,unripe,,,False,,,False,,0.766667,1472.0,1623.651123,1.0,0.0,1.0,0.0,907.265625,473.328125,36.460938,44.53125,False,,,,,,,,,,,,,,,
session_20260630_103628,images_weak_noise_raw/weak_20260630_103743_000032.jpg,images_weak_noise_raw,161,18,model,2,unripe,0.162379,noise,noise,weak/noise conf 0.16<0.85 roi,,2,unripe,2,unripe,,,False,,,False,,0.777778,896.0,868.894958,0.0,0.0,0.0,0.666667,414.859375,696.765625,38.023438,22.851562,False,,,,,,,,,,,,,,,
session_20260630_103628,images_weak_noise_raw/weak_20260630_103743_000032.jpg,images_weak_noise_raw,161,19,model,2,unripe,0.157135,noise,noise,weak/noise conf 0.16<0.85,,2,unripe,2,unripe,,,False,,,False,,0.666667,1280.0,1271.486084,0.0,0.0,0.0,1.0,967.640625,362.9375,37.140625,34.234375,False,,,,,,,,,,,,,,,
session_20260630_103628,images_weak_noise_raw/weak_20260630_103743_000032.jpg,images_weak_noise_raw,161,20,model,2,unripe,0.153547,noise,noise,weak/noise conf 0.15<0.85,,2,unripe,2,unripe,,,False,,,False,,0.733333,1408.0,1433.717407,0.0,0.0,0.0,1.0,594.1875,248.722656,34.34375,41.746094,False,,,,,,,,,,,,,,,
session_20260630_103628,images_weak_noise_raw/weak_20260630_103745_000033.jpg,images_weak_noise_raw,162,0,model,3,unripe bunch,0.871477,weak,weak,weak/noise tomatoes_inside 0<2,,3,unripe bunch,3,unripe bunch,,,False,,,False,,0.066239,2046.484375,29653.240234,0.1,0.2,0.3,0.5,1134.765625,410.857422,144.853516,204.711914,False,,,,,,,,,,,,,,,
session_20260630_103628,images_weak_noise_raw/weak_20260630_103745_000033.jpg,images_weak_noise_raw,162,1,model,3,unripe bunch,0.695131,weak,weak,weak/noise conf 0.70<0.70 small_bunch_mask low_bunch_density tomatoes_inside 0<2,,3,unripe bunch,3,unripe bunch,,,False,,,False,,0.045333,1088.0,20991.429688,0.0,0.0,0.0,1.0,1150.375,417.375,107.8125,194.703125,False,,,,,,,,,,,,,,,
session_20260630_103628,images_weak_noise_raw/weak_20260630_103745_000033.jpg,images_weak_noise_raw,162,2,model,2,unripe,0.66888,weak,weak,weak/noise conf 0.67<0.85,,2,unripe,2,unripe,,,False,,,False,,0.766667,1472.0,1417.152344,0.0,0.0,0.0,1.0,1174.625,523.734375,39.640625,35.75,False,,,,,,,,,,,,,,,
session_20260630_103628,images_weak_noise_raw/weak_20260630_103745_000033.jpg,images_weak_noise_raw,162,3,model,3,unripe bunch,0.641534,weak,weak,weak/noise conf 0.64<0.70 tomatoes_inside 0<2,,3,unripe bunch,3,unripe bunch,,,False,,,False,,0.125,3712.0,27586.582031,0.0,0.432432,0.432432,0.810811,800.125,489.125,121.59375,226.875,False,,,,,,,,,,,,,,,
session_20260630_103628,images_weak_noise_raw/weak_20260630_103745_000033.jpg,images_weak_noise_raw,162,4,model,2,unripe,0.611382,weak,weak,weak/noise conf 0.61<0.85,,2,unripe,2,unripe,,,False,,,False,,0.685714,1536.0,1499.007935,0.0,0.0,0.0,1.0,1202.640625,559.015625,35.257812,42.515625,False,,,,,,,,,,,,,,,
session_20260630_103628,images_weak_noise_raw/weak_20260630_103745_000033.jpg,images_weak_noise_raw,162,5,model,2,unripe,0.569853,weak,color_corrected,weak/noise conf 0.57<0.85,unripe_to_ripe_by_mask_color,2,unripe,1,ripe,1,ripe,True,unripe_to_ripe_by_mask_color,0.894737,False,,0.595238,1600.0,1673.151123,0.578947,0.421053,1.0,0.105263,1164.421875,479.5625,46.328125,36.115234,False,,,,,,,,,,,,,,,
session_20260630_103628,images_weak_noise_raw/weak_20260630_103745_000033.jpg,images_weak_noise_raw,162,6,model,2,unripe,0.466845,weak,weak,weak/noise conf 0.47<0.85,,2,unripe,2,unripe,,,False,,,False,,0.64,1024.0,905.230469,0.0,0.0,0.0,1.0,906.960938,382.9375,29.679688,30.5,False,,,,,,,,,,,,,,,
session_20260630_103628,images_weak_noise_raw/weak_20260630_103745_000033.jpg,images_weak_noise_raw,162,7,model,2,unripe,0.420599,weak,weak,weak/noise conf 0.42<0.85,,2,unripe,2,unripe,,,False,,,False,,0.595238,1600.0,2172.4375,0.64,0.24,0.88,0.08,795.851562,609.59375,51.523438,42.164062,False,,,,,,,,,,,,,,,
session_20260630_103628,images_weak_noise_raw/weak_20260630_103745_000033.jpg,images_weak_noise_raw,162,8,model,2,unripe,0.414899,weak,weak,weak/noise conf 0.41<0.85 roi bad_color gy=0.00,,2,unripe,2,unripe,,,False,,,False,,0.7,1792.0,1736.681396,0.785714,0.214286,1.0,0.0,805.53125,685.109375,52.21875,33.257812,False,,,,,,,,,,,,,,,
session_20260630_103628,images_weak_noise_raw/weak_20260630_103745_000033.jpg,images_weak_noise_raw,162,9,model,1,ripe,0.414899,weak,weak,weak/noise conf 0.41<0.80,,1,ripe,1,ripe,,,False,,,False,,0.78125,3200.0,3033.814453,0.73913,0.108696,0.847826,0.130435,806.0,501.328125,53.3125,56.90625,False,,,,,,,,,,,,,,,
session_20260630_103628,images_weak_noise_raw/weak_20260630_103745_000033.jpg,images_weak_noise_raw,162,10,model,2,unripe,0.344222,weak,weak,weak/noise conf 0.34<0.85 roi,,2,unripe,2,unripe,,,False,,,False,,0.742857,1664.0,1562.736572,0.0,0.0,0.0,1.0,1232.1875,574.484375,36.851562,42.40625,False,,,,,,,,,,,,,,,
session_20260630_103628,images_weak_noise_raw/weak_20260630_103745_000033.jpg,images_weak_noise_raw,162,11,model,1,ripe,0.282988,noise,noise,weak/noise conf 0.28<0.80,,1,ripe,1,ripe,,,False,,,False,,0.571429,1280.0,1469.015991,0.95,0.0,0.95,0.0,1165.851562,417.09375,45.617188,32.203125,False,,,,,,,,,,,,,,,
session_20260630_103628,images_weak_noise_raw/weak_20260630_103745_000033.jpg,images_weak_noise_raw,162,12,model,2,unripe,0.189521,noise,noise,weak/noise conf 0.19<0.85,,2,unripe,2,unripe,,,False,,,False,,0.8,1280.0,1115.349609,0.0,0.0,0.0,1.0,1013.171875,600.875,30.09375,37.0625,False,,,,,,,,,,,,,,,
session_20260630_103628,images_weak_noise_raw/weak_20260630_103745_000033.jpg,images_weak_noise_raw,162,13,model,1,ripe,0.187727,noise,noise,weak/noise conf 0.19<0.80,,1,ripe,1,ripe,,,False,,,False,,0.6,1152.0,1320.731567,0.882353,0.0,0.882353,0.0,1137.546875,460.556641,42.234375,31.271484,False,,,,,,,,,,,,,,,
session_20260630_103628,images_weak_noise_raw/weak_20260630_103746_000034.jpg,images_weak_noise_raw,163,0,model,3,unripe bunch,0.831689,weak,weak,weak/noise small_bunch_mask low_bunch_density tomatoes_inside 0<2,,3,unripe bunch,3,unripe bunch,,,False,,,False,,0.045118,1539.662476,31361.863281,0.0,0.277778,0.277778,0.722222,1068.775391,423.456726,149.430176,209.876373,False,,,,,,,,,,,,,,,
session_20260630_103628,images_weak_noise_raw/weak_20260630_103746_000034.jpg,images_weak_noise_raw,163,1,model,2,unripe,0.744657,weak,color_corrected,weak/noise conf 0.74<0.85 bad_color gy=0.05,unripe_to_ripe_by_mask_color,2,unripe,1,ripe,1,ripe,True,unripe_to_ripe_by_mask_color,0.90909,False,,0.571429,1536.0,1809.420776,0.590909,0.363636,0.954545,0.045455,1096.695312,492.0625,48.554688,37.265625,False,,,,,,,,,,,,,,,
session_20260630_103628,images_weak_noise_raw/weak_20260630_103746_000034.jpg,images_weak_noise_raw,163,2,model,3,unripe bunch,0.72487,weak,weak,weak/noise small_bunch_mask low_bunch_density tomatoes_inside 0<2,,3,unripe bunch,3,unripe bunch,,,False,,,False,,0.031579,960.0,27320.800781,0.0,0.0,0.0,1.0,1087.125,441.0,140.625,194.28125,False,,,,,,,,,,,,,,,
session_20260630_103628,images_weak_noise_raw/weak_20260630_103746_000034.jpg,images_weak_noise_raw,163,3,model,2,unripe,0.717012,weak,weak,weak/noise conf 0.72<0.85,,2,unripe,2,unripe,,,False,,,False,,0.733333,1408.0,1530.052734,0.0,0.0,0.0,1.0,1104.9375,539.078125,42.28125,36.1875,False,,,,,,,,,,,,,,,
session_20260630_103628,images_weak_noise_raw/weak_20260630_103746_000034.jpg,images_weak_noise_raw,163,4,model,2,unripe,0.656659,weak,weak,weak/noise conf 0.66<0.85,,2,unripe,2,unripe,,,False,,,False,,0.7,4032.0,4437.0625,0.0,0.0,0.0,1.0,205.25,206.03125,63.5,69.875,False,,,,,,,,,,,,,,,
session_20260630_103628,images_weak_noise_raw/weak_20260630_103746_000034.jpg,images_weak_noise_raw,163,5,model,2,unripe,0.644224,weak,weak,weak/noise conf 0.64<0.85,,2,unripe,2,unripe,,,False,,,False,,0.583333,1344.0,1537.622681,0.0,0.0,0.0,1.0,1137.28125,579.054688,39.640625,38.789062,False,,,,,,,,,,,,,,,
session_20260630_103628,images_weak_noise_raw/weak_20260630_103746_000034.jpg,images_weak_noise_raw,163,6,model,3,unripe bunch,0.641534,weak,weak,weak/noise conf 0.64<0.70 tomatoes_inside 0<2,,3,unripe bunch,3,unripe bunch,,,False,,,False,,0.133903,3008.0,20591.785156,0.060606,0.242424,0.30303,0.787879,707.1875,507.5,97.5625,211.0625,False,,,,,,,,,,,,,,,
session_20260630_103628,images_weak_noise_raw/weak_20260630_103746_000034.jpg,images_weak_noise_raw,163,7,model,2,unripe,0.590779,weak,weak,weak/noise conf 0.59<0.85,,2,unripe,2,unripe,,,False,,,False,,0.722222,1664.0,1605.933472,0.0,0.0,0.0,1.0,1167.03125,595.179688,40.171875,39.976562,False,,,,,,,,,,,,,,,
session_20260630_103628,images_weak_noise_raw/weak_20260630_103746_000034.jpg,images_weak_noise_raw,163,8,model,2,unripe,0.585101,weak,weak,weak/noise conf 0.59<0.85,,2,unripe,2,unripe,,,False,,,False,,0.72,1152.0,1146.904175,0.0,0.0,0.0,1.0,808.085938,396.34375,32.179688,35.640625,False,,,,,,,,,,,,,,,
session_20260630_103628,images_weak_noise_raw/weak_20260630_103746_000034.jpg,images_weak_noise_raw,163,9,model,2,unripe,0.509764,weak,weak,weak/noise conf 0.51<0.85,,2,unripe,2,unripe,,,False,,,False,,0.85,1088.0,1095.388062,0.0,0.0,0.0,1.0,786.015625,361.703125,29.363281,37.304688,False,,,,,,,,,,,,,,,
session_20260630_103628,images_weak_noise_raw/weak_20260630_103746_000034.jpg,images_weak_noise_raw,163,10,model,2,unripe,0.433981,weak,weak,weak/noise conf 0.43<0.85,,2,unripe,2,unripe,,,False,,,False,,0.85,1088.0,1068.345703,0.0,0.0,0.0,1.0,913.359375,608.34375,30.375,35.171875,False,,,,,,,,,,,,,,,
session_20260630_103628,images_weak_noise_raw/weak_20260630_103746_000034.jpg,images_weak_noise_raw,163,11,model,2,unripe,0.383064,weak,weak,weak/noise conf 0.38<0.85,,2,unripe,2,unripe,,,False,,,False,,0.571429,2048.0,2601.074463,0.548387,0.322581,0.870968,0.129032,698.539062,637.921875,58.492188,44.46875,False,,,,,,,,,,,,,,,
session_20260630_103628,images_weak_noise_raw/weak_20260630_103746_000034.jpg,images_weak_noise_raw,163,12,model,2,unripe,0.299925,noise,noise,weak/noise conf 0.30<0.85,,2,unripe,2,unripe,,,False,,,False,,0.708333,1088.0,1096.808594,0.0,0.0,0.0,1.0,776.023438,326.4375,30.5,35.960938,False,,,,,,,,,,,,,,,
session_20260630_103628,images_weak_noise_raw/weak_20260630_103746_000034.jpg,images_weak_noise_raw,163,13,model,2,unripe,0.268175,noise,noise,weak/noise conf 0.27<0.85,,2,unripe,2,unripe,,,False,,,False,,0.68,1088.0,935.896484,0.0,0.0,0.0,1.0,942.703125,625.179688,29.253906,31.992188,False,,,,,,,,,,,,,,,
session_20260630_103628,images_weak_noise_raw/weak_20260630_103746_000034.jpg,images_weak_noise_raw,163,14,model,2,unripe,0.240063,noise,noise,weak/noise conf 0.24<0.85,,2,unripe,2,unripe,,,False,,,False,,0.72,1152.0,980.767822,0.2,0.2,0.4,0.8,1088.878906,519.875,36.074219,27.1875,False,,,,,,,,,,,,,,,
session_20260630_103628,images_weak_noise_raw/weak_20260630_103746_000034.jpg,images_weak_noise_raw,163,15,model,2,unripe,0.238641,noise,noise,weak/noise conf 0.24<0.85,,2,unripe,2,unripe,,,False,,,False,,0.458333,2112.0,3005.03833,0.545455,0.393939,0.939394,0.090909,278.078125,269.359375,50.359375,59.671875,False,,,,,,,,,,,,,,,
session_20260630_103628,images_weak_noise_raw/weak_20260630_103746_000034.jpg,images_weak_noise_raw,163,16,model,1,ripe,0.235814,noise,noise,weak/noise conf 0.24<0.80,,1,ripe,1,ripe,,,False,,,False,,0.75,2304.0,2725.334473,0.944444,0.027778,0.972222,0.0,713.046875,524.78125,46.265625,58.90625,False,,,,,,,,,,,,,,,
session_20260630_103628,images_weak_noise_raw/weak_20260630_103746_000034.jpg,images_weak_noise_raw,163,17,model,2,unripe,0.195594,noise,noise,weak/noise conf 0.20<0.85,,2,unripe,2,unripe,,,False,,,False,,0.628571,1408.0,1631.288208,0.0,0.0,0.0,1.0,906.789062,548.171875,31.820312,51.265625,False,,,,,,,,,,,,,,,
session_20260630_103628,images_weak_noise_raw/weak_20260630_103746_000034.jpg,images_weak_noise_raw,163,18,model,3,unripe bunch,0.182423,noise,noise,weak/noise conf 0.18<0.70 tomatoes_inside 0<2,,3,unripe bunch,3,unripe bunch,,,False,,,False,,0.066253,2048.0,28368.376953,0.416667,0.083333,0.5,0.541667,221.375,12.0625,162.453125,174.625,False,,,,,,,,,,,,,,,
session_20260630_103628,images_weak_noise_raw/weak_20260630_103746_000034.jpg,images_weak_noise_raw,163,19,model,2,unripe,0.16722,noise,noise,weak/noise conf 0.17<0.85 roi,,2,unripe,2,unripe,,,False,,,False,,0.71345,7808.0,9749.414062,0.0,0.0,0.0,1.0,0.5,544.3125,65.625,148.5625,False,,,,,,,,,,,,,,,
session_20260630_103628,images_weak_noise_raw/weak_20260630_103746_000034.jpg,images_weak_noise_raw,163,20,model,3,unripe bunch,0.165593,noise,noise,weak/noise conf 0.17<0.70 small_bunch_mask tomatoes_inside 0<2,,3,unripe bunch,3,unripe bunch,,,False,,,False,,0.160256,1600.0,7607.261719,0.0,0.0,0.0,1.0,903.75,567.21875,83.625,90.96875,False,,,,,,,,,,,,,,,
session_20260630_103628,images_weak_noise_raw/weak_20260630_103746_000034.jpg,images_weak_noise_raw,163,21,model,2,unripe,0.150527,noise,noise,weak/noise conf 0.15<0.85,,2,unripe,2,unripe,,,False,,,False,,0.68,1088.0,857.322449,0.0,0.0,0.0,1.0,1189.125,372.226562,30.289062,28.304688,False,,,,,,,,,,,,,,,
session_20260630_103628,images_weak_noise_raw/weak_20260630_103748_000035.jpg,images_weak_noise_raw,164,0,model,3,unripe bunch,0.808068,weak,weak,weak/noise low_bunch_density tomatoes_inside 0<2,,3,unripe bunch,3,unripe bunch,,,False,,,False,,0.046774,1925.971558,39355.671875,0.0,0.0,0.0,1.0,992.977966,327.180664,172.49231,228.158997,False,,,,,,,,,,,,,,,
session_20260630_103628,images_weak_noise_raw/weak_20260630_103748_000035.jpg,images_weak_noise_raw,164,1,model,3,unripe bunch,0.775945,weak,weak,weak/noise small_bunch_mask low_bunch_density tomatoes_inside 0<2,,3,unripe bunch,3,unripe bunch,,,False,,,False,,0.027961,1088.0,35469.039062,0.0,0.0,0.0,1.0,1007.65625,308.375,143.78125,246.6875,False,,,,,,,,,,,,,,,
session_20260630_103628,images_weak_noise_raw/weak_20260630_103748_000035.jpg,images_weak_noise_raw,164,2,model,3,unripe bunch,0.76699,weak,weak,weak/noise tomatoes_inside 0<2,,3,unripe bunch,3,unripe bunch,,,False,,,False,,0.073469,3456.0,43203.9375,0.0,0.133333,0.133333,0.933333,564.0,447.5,161.8125,267.0,False,,,,,,,,,,,,,,,
session_20260630_103628,images_weak_noise_raw/weak_20260630_103748_000035.jpg,images_weak_noise_raw,164,3,model,2,unripe,0.743169,weak,color_corrected,weak/noise conf 0.74<0.85 bad_color gy=0.00,unripe_to_ripe_by_mask_color,2,unripe,1,ripe,1,ripe,True,unripe_to_ripe_by_mask_color,1.0,False,,0.642857,1728.0,1989.140259,0.461538,0.538462,1.0,0.0,1026.671875,401.867188,52.078125,38.195312,False,,,,,,,,,,,,,,,
session_20260630_103628,images_weak_noise_raw/weak_20260630_103748_000035.jpg,images_weak_noise_raw,164,4,model,2,unripe,0.735642,weak,weak,weak/noise conf 0.74<0.85,,2,unripe,2,unripe,,,False,,,False,,0.722222,1664.0,1724.376343,0.0,0.0,0.0,1.0,1040.78125,454.242188,45.109375,38.226562,False,,,,,,,,,,,,,,,
session_20260630_103628,images_weak_noise_raw/weak_20260630_103748_000035.jpg,images_weak_noise_raw,164,5,model,2,unripe,0.723309,weak,weak,weak/noise conf 0.72<0.85,,2,unripe,2,unripe,,,False,,,False,,0.666667,1792.0,1777.883667,0.0,0.0,0.0,1.0,1073.5,487.867188,42.671875,41.664062,False,,,,,,,,,,,,,,,
session_20260630_103628,images_weak_noise_raw/weak_20260630_103748_000035.jpg,images_weak_noise_raw,164,6,model,3,unripe bunch,0.685108,weak,weak,weak/noise conf 0.69<0.70 small_bunch_mask tomatoes_inside 0<2,,3,unripe bunch,3,unripe bunch,,,False,,,False,,0.065476,730.540894,10034.533203,0.0,0.0,0.0,1.0,816.366333,455.081146,74.124664,135.373749,False,,,,,,,,,,,,,,,
session_20260630_103628,images_weak_noise_raw/weak_20260630_103748_000035.jpg,images_weak_noise_raw,164,7,model,2,unripe,0.633411,weak,weak,weak/noise conf 0.63<0.85,,2,unripe,2,unripe,,,False,,,False,,0.612245,1920.0,2028.919922,0.0,0.0,0.0,1.0,678.15625,309.078125,46.84375,43.3125,False,,,,,,,,,,,,,,,
session_20260630_103628,images_weak_noise_raw/weak_20260630_103748_000035.jpg,images_weak_noise_raw,164,8,model,3,unripe bunch,0.610454,weak,weak,weak/noise conf 0.61<0.70 tomatoes_inside 0<2,,3,unripe bunch,3,unripe bunch,,,False,,,False,,0.114706,2496.0,19970.457031,0.0,0.166667,0.166667,0.933333,570.625,588.5625,155.625,128.324219,False,,,,,,,,,,,,,,,
session_20260630_103628,images_weak_noise_raw/weak_20260630_103748_000035.jpg,images_weak_noise_raw,164,9,model,2,unripe,0.600188,weak,weak,weak/noise conf 0.60<0.85 roi bad_color gy=0.00,,2,unripe,2,unripe,,,False,,,False,,0.711111,2048.0,2461.047363,0.90625,0.09375,1.0,0.0,568.875,681.140625,66.796875,36.84375,False,,,,,,,,,,,,,,,
session_20260630_103628,images_weak_noise_raw/weak_20260630_103748_000035.jpg,images_weak_noise_raw,164,10,model,2,unripe,0.586996,weak,weak,weak/noise conf 0.59<0.85,,2,unripe,2,unripe,,,False,,,False,,0.595238,1600.0,1654.234131,0.0,0.0,0.0,1.0,1106.3125,509.3125,38.234375,43.265625,False,,,,,,,,,,,,,,,
session_20260630_103628,images_weak_noise_raw/weak_20260630_103748_000035.jpg,images_weak_noise_raw,164,11,model,1,ripe,0.558327,weak,weak,weak/noise conf 0.56<0.80,,1,ripe,1,ripe,,,False,,,False,,0.75,2688.0,3154.927734,0.928571,0.071429,1.0,0.02381,587.046875,458.5625,52.09375,60.5625,False,,,,,,,,,,,,,,,
session_20260630_103628,images_weak_noise_raw/weak_20260630_103748_000035.jpg,images_weak_noise_raw,164,12,model,2,unripe,0.492188,weak,weak,weak/noise conf 0.49<0.85,,2,unripe,2,unripe,,,False,,,False,,0.457143,1024.0,1206.45874,0.0,0.0,0.0,1.0,645.734375,231.953125,28.671875,42.078125,False,,,,,,,,,,,,,,,
session_20260630_103628,images_weak_noise_raw/weak_20260630_103748_000035.jpg,images_weak_noise_raw,164,13,model,2,unripe,0.47658,weak,weak,weak/noise conf 0.48<0.85,,2,unripe,2,unripe,,,False,,,False,,0.84,1344.0,1050.915894,0.0,0.0,0.0,1.0,829.34375,536.875,28.578125,36.773438,False,,,,,,,,,,,,,,,
session_20260630_103628,images_weak_noise_raw/weak_20260630_103748_000035.jpg,images_weak_noise_raw,164,14,model,3,unripe bunch,0.460046,weak,weak,weak/noise conf 0.46<0.70 tomatoes_inside 0<2,,3,unripe bunch,3,unripe bunch,,,False,,,False,,0.120562,5412.644043,41727.425781,0.061069,0.206107,0.267176,0.877863,564.639648,428.654694,143.612305,290.556061,False,,,,,,,,,,,,,,,
session_20260630_103628,images_weak_noise_raw/weak_20260630_103748_000035.jpg,images_weak_noise_raw,164,15,model,1,ripe,0.409221,weak,weak,weak/noise conf 0.41<0.80,,1,ripe,1,ripe,,,False,,,False,,0.657143,1472.0,1689.422241,0.909091,0.045455,0.954545,0.0,998.234375,376.550781,44.90625,37.621094,False,,,,,,,,,,,,,,,
session_20260630_103628,images_weak_noise_raw/weak_20260630_103748_000035.jpg,images_weak_noise_raw,164,16,model,1,ripe,0.395134,weak,weak,weak/noise conf 0.40<0.80,,1,ripe,1,ripe,,,False,,,False,,0.742857,1664.0,1795.545654,1.0,0.0,1.0,0.0,1029.226562,328.695312,48.273438,37.195312,False,,,,,,,,,,,,,,,
session_20260630_103628,images_weak_noise_raw/weak_20260630_103748_000035.jpg,images_weak_noise_raw,164,17,model,3,unripe bunch,0.385837,noise,noise,weak/noise conf 0.39<0.70 small_bunch_mask low_bunch_density tomatoes_inside 0<2,,3,unripe bunch,3,unripe bunch,,,False,,,False,,0.005495,64.0,10232.461914,0.0,0.0,0.0,1.0,802.375,482.21875,94.28125,108.53125,False,,,,,,,,,,,,,,,
session_20260630_103628,images_weak_noise_raw/weak_20260630_103748_000035.jpg,images_weak_noise_raw,164,18,model,2,unripe,0.319121,weak,weak,weak/noise conf 0.32<0.85,,2,unripe,2,unripe,,,False,,,False,,0.7,1344.0,1200.789795,0.0,0.0,0.0,1.0,818.390625,495.078125,34.140625,35.171875,False,,,,,,,,,,,,,,,
session_20260630_103628,images_weak_noise_raw/weak_20260630_103748_000035.jpg,images_weak_noise_raw,164,19,model,2,unripe,0.300746,weak,weak,weak/noise conf 0.30<0.85,,2,unripe,2,unripe,,,False,,,False,,0.633333,1216.0,1246.2854,0.0,0.0,0.0,1.0,864.0625,548.5,33.359375,37.359375,False,,,,,,,,,,,,,,,
session_20260630_103628,images_weak_noise_raw/weak_20260630_103748_000035.jpg,images_weak_noise_raw,164,20,model,2,unripe,0.245086,noise,noise,weak/noise conf 0.25<0.85,,2,unripe,2,unripe,,,False,,,False,,0.555556,1280.0,1189.699219,0.222222,0.611111,0.833333,0.222222,670.945312,661.96875,33.757812,35.242188,False,,,,,,,,,,,,,,,
session_20260630_103628,images_weak_noise_raw/weak_20260630_103748_000035.jpg,images_weak_noise_raw,164,21,model,2,unripe,0.244364,noise,noise,weak/noise conf 0.24<0.85,,2,unripe,2,unripe,,,False,,,False,,0.708333,1088.0,996.074524,0.0,0.083333,0.083333,0.916667,1021.070312,436.125,37.117188,26.835938,False,,,,,,,,,,,,,,,
session_20260630_103628,images_weak_noise_raw/weak_20260630_103748_000035.jpg,images_weak_noise_raw,164,22,model,2,unripe,0.192539,noise,noise,weak/noise conf 0.19<0.85 roi,,2,unripe,2,unripe,,,False,,,False,,0.96875,1984.0,1624.720459,0.0,0.0,0.0,1.0,718.53125,689.679688,57.070312,28.46875,False,,,,,,,,,,,,,,,
session_20260630_103628,images_weak_noise_raw/weak_20260630_103748_000035.jpg,images_weak_noise_raw,164,23,model,2,unripe,0.171063,noise,noise,weak/noise conf 0.17<0.85 roi,,2,unripe,2,unripe,,,False,,,False,,0.571429,1024.0,1138.842041,0.0,0.0,0.0,1.0,0.050781,140.421875,26.058594,43.703125,False,,,,,,,,,,,,,,,
session_20260630_103628,images_weak_noise_raw/weak_20260630_103748_000035.jpg,images_weak_noise_raw,164,24,model,2,unripe,0.164516,noise,noise,weak/noise conf 0.16<0.85,,2,unripe,2,unripe,,,False,,,False,,0.555556,2240.0,3220.454834,0.647059,0.323529,0.970588,0.088235,561.21875,587.25,63.78125,50.492188,False,,,,,,,,,,,,,,,
session_20260630_103628,images_weak_noise_raw/weak_20260630_103749_000036.jpg,images_weak_noise_raw,165,0,model,3,unripe bunch,0.803174,weak,weak,weak/noise low_bunch_density tomatoes_inside 0<2,,3,unripe bunch,3,unripe bunch,,,False,,,False,,0.042264,3584.0,78756.328125,0.0,0.196078,0.196078,1.0,571.625,229.0,189.375,415.875,False,,,,,,,,,,,,,,,
session_20260630_103628,images_weak_noise_raw/weak_20260630_103749_000036.jpg,images_weak_noise_raw,165,1,model,3,unripe bunch,0.783326,weak,weak,weak/noise small_bunch_mask low_bunch_density tomatoes_inside 0<2,,3,unripe bunch,3,unripe bunch,,,False,,,False,,0.035714,1024.0,26393.050781,0.0,0.0,0.0,1.0,1012.09375,145.15625,119.78125,220.34375,False,,,,,,,,,,,,,,,
session_20260630_103628,images_weak_noise_raw/weak_20260630_103749_000036.jpg,images_weak_noise_raw,165,2,model,2,unripe,0.762068,weak,color_corrected,weak/noise conf 0.76<0.85,unripe_to_ripe_by_mask_color,2,unripe,1,ripe,1,ripe,True,unripe_to_ripe_by_mask_color,0.821429,False,,0.714286,1920.0,1945.346191,0.321429,0.642857,0.964286,0.142857,1035.21875,221.4375,50.734375,38.34375,False,,,,,,,,,,,,,,,
session_20260630_103628,images_weak_noise_raw/weak_20260630_103749_000036.jpg,images_weak_noise_raw,165,3,model,2,unripe,0.757793,weak,weak,weak/noise conf 0.76<0.85,,2,unripe,2,unripe,,,False,,,False,,0.666667,1792.0,1786.343994,0.0,0.0,0.0,1.0,1045.8125,271.359375,45.914062,38.90625,False,,,,,,,,,,,,,,,
session_20260630_103628,images_weak_noise_raw/weak_20260630_103749_000036.jpg,images_weak_noise_raw,165,4,model,2,unripe,0.721743,weak,weak,weak/noise conf 0.72<0.85,,2,unripe,2,unripe,,,False,,,False,,0.569444,2624.0,3329.390625,0.025,0.025,0.05,0.975,611.3125,532.78125,55.03125,60.5,False,,,,,,,,,,,,,,,
session_20260630_103628,images_weak_noise_raw/weak_20260630_103749_000036.jpg,images_weak_noise_raw,165,5,model,2,unripe,0.690977,weak,weak,weak/noise conf 0.69<0.85,,2,unripe,2,unripe,,,False,,,False,,0.619048,1664.0,1662.475342,0.0,0.0,0.0,1.0,710.609375,598.140625,41.578125,39.984375,False,,,,,,,,,,,,,,,
session_20260630_103628,images_weak_noise_raw/weak_20260630_103749_000036.jpg,images_weak_noise_raw,165,6,model,2,unripe,0.687631,weak,weak,weak/noise conf 0.69<0.85,,2,unripe,2,unripe,,,False,,,False,,0.8,1536.0,1532.592041,0.0,0.0,0.0,1.0,1079.03125,313.933594,40.796875,37.566406,False,,,,,,,,,,,,,,,
session_20260630_103628,images_weak_noise_raw/weak_20260630_103749_000036.jpg,images_weak_noise_raw,165,7,model,2,unripe,0.660173,weak,color_corrected,weak/noise conf 0.66<0.85 bad_color gy=0.00,unripe_to_ripe_by_mask_color,2,unripe,1,ripe,1,ripe,True,unripe_to_ripe_by_mask_color,1.0,False,,0.75,2688.0,2930.844238,0.738095,0.261905,1.0,0.0,577.90625,497.757812,57.546875,50.929688,False,,,,,,,,,,,,,,,
session_20260630_103628,images_weak_noise_raw/weak_20260630_103749_000036.jpg,images_weak_noise_raw,165,8,model,2,unripe,0.651354,weak,color_corrected,weak/noise conf 0.65<0.85,unripe_to_ripe_by_mask_color,2,unripe,1,ripe,1,ripe,True,unripe_to_ripe_by_mask_color,0.666666,False,,0.597222,2752.0,3642.556641,0.428571,0.452381,0.880952,0.214286,565.09375,402.1875,66.078125,55.125,False,,,,,,,,,,,,,,,
session_20260630_103628,images_weak_noise_raw/weak_20260630_103749_000036.jpg,images_weak_noise_raw,165,9,model,2,unripe,0.642432,weak,weak,weak/noise conf 0.64<0.85,,2,unripe,2,unripe,,,False,,,False,,0.638889,1472.0,1321.573486,0.0,0.0,0.0,1.0,1110.765625,332.5,35.703125,37.015625,False,,,,,,,,,,,,,,,
session_20260630_103628,images_weak_noise_raw/weak_20260630_103749_000036.jpg,images_weak_noise_raw,165,10,model,2,unripe,0.527317,weak,weak,weak/noise conf 0.53<0.85,,2,unripe,2,unripe,,,False,,,False,,0.72,1152.0,1239.869019,0.0,0.0,0.0,1.0,832.722656,353.265625,32.074219,38.65625,False,,,,,,,,,,,,,,,
session_20260630_103628,images_weak_noise_raw/weak_20260630_103749_000036.jpg,images_weak_noise_raw,165,11,model,2,unripe,0.505859,weak,color_corrected,weak/noise conf 0.51<0.85,unripe_to_ripe_by_mask_color,2,unripe,1,ripe,1,ripe,True,unripe_to_ripe_by_mask_color,0.8260860000000001,False,,0.766667,1472.0,1454.340088,0.086957,0.826087,0.913043,0.086957,587.539062,464.0,41.148438,35.34375,False,,,,,,,,,,,,,,,
session_20260630_103628,images_weak_noise_raw/weak_20260630_103749_000036.jpg,images_weak_noise_raw,165,12,model,2,unripe,0.48438,weak,weak,weak/noise conf 0.48<0.85,,2,unripe,2,unripe,,,False,,,False,,0.7,1344.0,1271.522827,0.105263,0.631579,0.736842,0.263158,676.601562,471.375,32.101562,39.609375,False,,,,,,,,,,,,,,,
session_20260630_103628,images_weak_noise_raw/weak_20260630_103749_000036.jpg,images_weak_noise_raw,165,13,model,2,unripe,0.44746,weak,weak,weak/noise conf 0.45<0.85 bad_color gy=0.00,,2,unripe,2,unripe,,,False,,,False,,0.666667,1792.0,1950.596924,0.964286,0.0,0.964286,0.0,1036.1875,146.765625,50.480469,38.640625,False,,,,,,,,,,,,,,,
session_20260630_103628,images_weak_noise_raw/weak_20260630_103749_000036.jpg,images_weak_noise_raw,165,14,model,2,unripe,0.433981,noise,noise,weak/noise conf 0.43<0.85 bad_color gy=0.00 tomato_sanity_failed warm=0.00 red=0.00 gy=0.00,,2,unripe,2,unripe,,,False,,,False,,0.72,1152.0,1379.946533,0.0,0.0,0.0,0.0,768.265625,448.390625,35.171875,39.234375,False,,,,,,,,,,,,,,,
session_20260630_103628,images_weak_noise_raw/weak_20260630_103749_000036.jpg,images_weak_noise_raw,165,15,model,2,unripe,0.369314,weak,weak,weak/noise conf 0.37<0.85,,2,unripe,2,unripe,,,False,,,False,,0.466667,896.0,957.340088,0.0,0.0,0.0,1.0,1022.765625,255.3125,37.53125,25.507812,False,,,,,,,,,,,,,,,
session_20260630_103628,images_weak_noise_raw/weak_20260630_103749_000036.jpg,images_weak_noise_raw,165,16,model,1,ripe,0.361165,weak,weak,weak/noise conf 0.36<0.80,,1,ripe,1,ripe,,,False,,,False,,0.696429,2496.0,2805.593994,0.871795,0.025641,0.897436,0.025641,604.765625,348.75,55.265625,50.765625,False,,,,,,,,,,,,,,,
session_20260630_103628,images_weak_noise_raw/weak_20260630_103749_000036.jpg,images_weak_noise_raw,165,17,model,2,unripe,0.304869,weak,weak,weak/noise conf 0.30<0.85,,2,unripe,2,unripe,,,False,,,False,,0.657143,1472.0,1294.3396,0.0,0.0,0.0,1.0,868.28125,359.40625,29.765625,43.484375,False,,,,,,,,,,,,,,,
session_20260630_103628,images_weak_noise_raw/weak_20260630_103749_000036.jpg,images_weak_noise_raw,165,18,model,3,unripe bunch,0.287767,noise,noise,weak/noise conf 0.29<0.70 small_bunch_mask low_bunch_density bad_color gy=0.00 tomatoes_inside 0<2,,3,unripe bunch,3,unripe bunch,,,False,,,False,,0.0,0.0,9014.537109,0.0,0.0,0.0,0.0,821.9375,291.96875,80.0625,112.59375,False,,,,,,,,,,,,,,,
session_20260630_103628,images_weak_noise_raw/weak_20260630_103749_000036.jpg,images_weak_noise_raw,165,19,model,2,unripe,0.284576,noise,noise,weak/noise conf 0.28<0.85 bad_color gy=0.00,,2,unripe,2,unripe,,,False,,,False,,0.571429,1536.0,1911.828369,0.826087,0.130435,0.956522,0.0,1004.625,196.125,47.296875,40.421875,False,,,,,,,,,,,,,,,
session_20260630_103628,images_weak_noise_raw/weak_20260630_103749_000036.jpg,images_weak_noise_raw,165,20,model,1,ripe,0.262841,noise,noise,weak/noise conf 0.26<0.80,,1,ripe,1,ripe,,,False,,,False,,0.722222,2496.0,2774.108887,0.897436,0.076923,0.974359,0.0,592.71875,277.859375,47.03125,58.984375,False,,,,,,,,,,,,,,,
session_20260630_103628,images_weak_noise_raw/weak_20260630_103749_000036.jpg,images_weak_noise_raw,165,21,model,2,unripe,0.195594,noise,noise,weak/noise conf 0.20<0.85,,2,unripe,2,unripe,,,False,,,False,,0.708333,1088.0,1323.175049,0.0,0.0,0.0,1.0,649.578125,49.90625,29.765625,44.453125,False,,,,,,,,,,,,,,,
session_20260630_103628,images_weak_noise_raw/weak_20260630_103751_000037.jpg,images_weak_noise_raw,166,0,model,2,unripe,0.809277,weak,color_corrected,weak/noise conf 0.81<0.85 bad_color gy=0.07,unripe_to_ripe_by_mask_color,2,unripe,1,ripe,1,ripe,True,unripe_to_ripe_by_mask_color,0.9305559999999999,False,,0.727273,4608.0,5420.051758,0.013889,0.986111,1.0,0.069444,544.5625,541.125,70.304688,77.09375,False,,,,,,,,,,,,,,,
session_20260630_103628,images_weak_noise_raw/weak_20260630_103751_000037.jpg,images_weak_noise_raw,166,1,model,1,ripe,0.785308,weak,review,weak/noise conf 0.79<0.80,near_threshold_ripe_color_mask_support,1,ripe,1,ripe,,,False,,,True,near_threshold_ripe_color_mask_support,0.642857,7488.0,9532.601562,0.940171,0.025641,0.965812,0.008547,575.234375,340.5625,99.265625,96.03125,False,,,,,,,,,,,,,,,
session_20260630_103628,images_weak_noise_raw/weak_20260630_103751_000037.jpg,images_weak_noise_raw,166,2,model,2,unripe,0.785308,weak,weak,weak/noise conf 0.79<0.85,,2,unripe,2,unripe,,,False,,,False,,0.7,3584.0,4087.115234,0.0,0.0,0.0,1.0,1003.25,345.890625,57.125,71.546875,False,,,,,,,,,,,,,,,
session_20260630_103628,images_weak_noise_raw/weak_20260630_103751_000037.jpg,images_weak_noise_raw,166,3,model,2,unripe,0.754914,weak,color_corrected,weak/noise conf 0.75<0.85 bad_color gy=0.00,unripe_to_ripe_by_mask_color,2,unripe,1,ripe,1,ripe,True,unripe_to_ripe_by_mask_color,1.0,False,,0.725275,8448.0,10095.820312,0.878788,0.121212,1.0,0.0,522.5,620.3125,105.75,95.46875,False,,,,,,,,,,,,,,,
session_20260630_103628,images_weak_noise_raw/weak_20260630_103751_000037.jpg,images_weak_noise_raw,166,4,model,2,unripe,0.653127,weak,weak,weak/noise conf 0.65<0.85,,2,unripe,2,unripe,,,False,,,False,,0.703125,2880.0,2898.610107,0.0,0.0,0.0,1.0,987.71875,287.3125,54.578125,53.109375,False,,,,,,,,,,,,,,,
session_20260630_103628,images_weak_noise_raw/weak_20260630_103751_000037.jpg,images_weak_noise_raw,166,5,model,2,unripe,0.589834,weak,color_corrected,weak/noise conf 0.59<0.85,unripe_to_ripe_by_mask_color,2,unripe,1,ripe,1,ripe,True,unripe_to_ripe_by_mask_color,0.520548,False,,0.721154,9600.0,12247.273438,0.452055,0.369863,0.821918,0.30137,497.5625,440.0,123.359375,99.28125,False,,,,,,,,,,,,,,,
session_20260630_103628,images_weak_noise_raw/weak_20260630_103751_000037.jpg,images_weak_noise_raw,166,6,model,1,ripe,0.561215,weak,weak,weak/noise conf 0.56<0.80,,1,ripe,1,ripe,,,False,,,False,,0.721212,7616.0,9348.78125,0.97479,0.008403,0.983193,0.0,552.25,203.3125,85.523438,109.3125,False,,,,,,,,,,,,,,,
session_20260630_103628,images_weak_noise_raw/weak_20260630_103751_000037.jpg,images_weak_noise_raw,166,7,model,3,unripe bunch,0.391406,weak,weak,weak/noise conf 0.39<0.70 low_bunch_density tomatoes_inside 0<2,,3,unripe bunch,3,unripe bunch,,,False,,,False,,0.048103,4544.0,91088.78125,0.0,0.0,0.0,1.0,922.125,178.625,319.75,284.875,False,,,,,,,,,,,,,,,
session_20260630_103628,images_weak_noise_raw/weak_20260630_103751_000037.jpg,images_weak_noise_raw,166,8,model,3,unripe bunch,0.362067,weak,weak,weak/noise conf 0.36<0.70 tomatoes_inside 0<2,,3,unripe bunch,3,unripe bunch,,,False,,,False,,0.156966,22784.0,137806.3125,0.015094,0.267925,0.283019,0.864151,501.5625,219.0,275.0625,501.0,False,,,,,,,,,,,,,,,
session_20260630_103628,images_weak_noise_raw/weak_20260630_103751_000037.jpg,images_weak_noise_raw,166,9,model,1,ripe,0.30819,weak,weak,weak/noise conf 0.31<0.80,,1,ripe,1,ripe,,,False,,,False,,0.669421,5184.0,7348.275391,0.746835,0.101266,0.848101,0.088608,649.4375,368.4375,84.53125,86.929688,False,,,,,,,,,,,,,,,
session_20260630_103628,images_weak_noise_raw/weak_20260630_103751_000037.jpg,images_weak_noise_raw,166,10,model,2,unripe,0.29584,noise,noise,weak/noise conf 0.30<0.85,,2,unripe,2,unripe,,,False,,,False,,0.7875,4032.0,4639.811523,0.118644,0.728814,0.847458,0.20339,707.507812,568.5,59.460938,78.03125,False,,,,,,,,,,,,,,,
session_20260630_103628,images_weak_noise_raw/weak_20260630_103751_000037.jpg,images_weak_noise_raw,166,11,model,2,unripe,0.26971,noise,noise,weak/noise conf 0.27<0.85 roi,,2,unripe,2,unripe,,,False,,,False,,0.7,1344.0,1424.927368,0.0,0.0,0.0,1.0,649.6875,683.796875,40.703125,35.007812,False,,,,,,,,,,,,,,,
session_20260630_103628,images_weak_noise_raw/weak_20260630_103751_000037.jpg,images_weak_noise_raw,166,12,model,2,unripe,0.243644,noise,noise,weak/noise conf 0.24<0.85,,2,unripe,2,unripe,,,False,,,False,,0.75,3456.0,3855.894531,0.0,0.0,0.0,1.0,1065.96875,376.46875,58.8125,65.5625,False,,,,,,,,,,,,,,,
session_20260630_103628,images_weak_noise_raw/weak_20260630_103751_000037.jpg,images_weak_noise_raw,166,13,model,0,eripe bunch,0.224055,noise,noise,weak/noise conf 0.22<0.70 bad_color red=0.03 warm=0.30 tomatoes_inside 0<2,,0,eripe bunch,0,eripe bunch,,,False,,,False,,0.178231,25152.0,135634.46875,0.027397,0.270548,0.297945,0.85274,497.875,223.625,273.25,496.375,False,,,,,,,,,,,,,,,
session_20260630_103628,images_weak_noise_raw/weak_20260630_103751_000037.jpg,images_weak_noise_raw,166,14,model,2,unripe,0.206254,noise,noise,weak/noise conf 0.21<0.85,,2,unripe,2,unripe,,,False,,,False,,0.722222,1664.0,1571.104736,0.0,0.0,0.0,1.0,1170.832031,422.046875,39.292969,39.984375,False,,,,,,,,,,,,,,,
session_20260630_103628,images_weak_noise_raw/weak_20260630_103754_000038.jpg,images_weak_noise_raw,167,0,model,1,ripe,0.654895,weak,weak,weak/noise conf 0.65<0.80,,1,ripe,1,ripe,,,False,,,False,,0.674074,29120.0,38176.765625,0.933481,0.042129,0.97561,0.011086,515.0625,319.625,190.4375,200.46875,False,,,,,,,,,,,,,,,
session_20260630_103628,images_weak_noise_raw/weak_20260630_103754_000038.jpg,images_weak_noise_raw,167,1,model,1,ripe,0.650468,weak,weak,weak/noise conf 0.65<0.80,,1,ripe,1,ripe,,,False,,,False,,0.73445,19648.0,24916.792969,0.790378,0.120275,0.910653,0.082474,681.75,381.8125,148.8125,167.4375,False,,,,,,,,,,,,,,,
session_20260630_103628,images_weak_noise_raw/weak_20260630_103754_000038.jpg,images_weak_noise_raw,167,2,model,1,ripe,0.629776,weak,weak,weak/noise conf 0.63<0.80,,1,ripe,1,ripe,,,False,,,False,,0.669444,15424.0,21824.396484,0.5,0.4875,0.9875,0.104167,456.375,514.46875,155.4375,140.40625,False,,,,,,,,,,,,,,,
session_20260630_103628,images_weak_noise_raw/weak_20260630_103754_000038.jpg,images_weak_noise_raw,167,3,model,1,ripe,0.604866,weak,weak,weak/noise conf 0.60<0.80,,1,ripe,1,ripe,,,False,,,False,,0.714734,29184.0,37853.75,0.973684,0.017544,0.991228,0.013158,464.125,53.4375,172.0625,220.0,False,,,,,,,,,,,,,,,
session_20260630_103628,images_weak_noise_raw/weak_20260630_103754_000038.jpg,images_weak_noise_raw,167,4,model,1,ripe,0.26588,noise,noise,weak/noise conf 0.27<0.80,,1,ripe,1,ripe,,,False,,,False,,0.602941,13120.0,20239.160156,0.702439,0.287805,0.990244,0.009756,356.9375,585.125,152.03125,133.125,False,,,,,,,,,,,,,,,
session_20260630_103628,images_weak_noise_raw/weak_20260630_103754_000038.jpg,images_weak_noise_raw,167,5,model,2,unripe,0.18418,noise,noise,weak/noise conf 0.18<0.85 bad_color gy=0.01,,2,unripe,2,unripe,,,False,,,False,,0.608824,13248.0,20295.433594,0.695652,0.294686,0.990338,0.009662,357.0,585.375,151.8125,133.6875,False,,,,,,,,,,,,,,,
session_20260630_103628,images_weak_noise_raw/weak_20260630_103756_000039.jpg,images_weak_noise_raw,168,0,model,2,unripe,0.499023,weak,weak,weak/noise conf 0.50<0.85 bad_color gy=0.07,,2,unripe,2,unripe,,,False,,,False,,0.7,9408.0,12211.5,0.047619,0.92517,0.972789,0.068027,951.96875,609.59375,112.0,109.03125,False,,,,,,,,,,,,,,,
session_20260630_103628,images_weak_noise_raw/weak_20260630_103756_000039.jpg,images_weak_noise_raw,168,1,model,1,ripe,0.313209,weak,weak,weak/noise conf 0.31<0.80,,1,ripe,1,ripe,,,False,,,False,,0.713235,12416.0,16063.658203,0.751479,0.088757,0.840237,0.094675,1121.8125,370.125,129.1875,124.34375,False,,,,,,,,,,,,,,,
session_20260630_103628,images_weak_noise_raw/weak_20260630_103756_000039.jpg,images_weak_noise_raw,168,2,model,1,ripe,0.161319,noise,noise,weak/noise conf 0.16<0.80,,1,ripe,1,ripe,,,False,,,False,,0.660428,15808.0,21605.103516,0.668293,0.165854,0.834146,0.170732,1055.875,210.75,165.4375,130.59375,False,,,,,,,,,,,,,,,
session_20260630_103628,images_weak_noise_raw/weak_20260630_103756_000039.jpg,images_weak_noise_raw,168,3,model,2,unripe,0.155076,noise,noise,weak/noise conf 0.16<0.85,,2,unripe,2,unripe,,,False,,,False,,0.674556,7296.0,8810.821289,0.747748,0.144144,0.891892,0.126126,893.4375,518.5,91.15625,96.65625,False,,,,,,,,,,,,,,,
session_20260630_103628,images_weak_noise_raw/weak_20260630_103759_000040.jpg,images_weak_noise_raw,169,0,model,1,ripe,0.822188,strong,strong,,,1,ripe,1,ripe,,,False,,,False,,0.677778,7808.0,9530.400391,0.967213,0.016393,0.983607,0.0,213.5625,223.65625,87.8125,108.53125,False,,,,,,,,,,,,,,,
session_20260630_103628,images_weak_noise_raw/weak_20260630_103759_000040.jpg,images_weak_noise_raw,169,1,model,2,unripe,0.859661,weak,color_corrected,weak/noise bad_color gy=0.00,unripe_to_ripe_by_mask_color,2,unripe,1,ripe,1,ripe,True,unripe_to_ripe_by_mask_color,1.0,False,,0.725,7424.0,8930.746094,0.905172,0.094828,1.0,0.0,191.5625,641.78125,115.375,77.40625,False,,,,,,,,,,,,,,,
session_20260630_103628,images_weak_noise_raw/weak_20260630_103759_000040.jpg,images_weak_noise_raw,169,2,model,2,unripe,0.848973,weak,color_corrected,weak/noise conf 0.85<0.85 bad_color gy=0.04,unripe_to_ripe_by_mask_color,2,unripe,1,ripe,1,ripe,True,unripe_to_ripe_by_mask_color,0.948717,False,,0.709091,4992.0,5960.613281,0.410256,0.576923,0.987179,0.038462,1040.53125,110.46875,87.375,68.21875,False,,,,,,,,,,,,,,,
session_20260630_103628,images_weak_noise_raw/weak_20260630_103759_000040.jpg,images_weak_noise_raw,169,3,model,3,unripe bunch,0.83602,weak,weak,weak/noise low_bunch_density tomatoes_inside 0<2,,3,unripe bunch,3,unripe bunch,,,False,,,False,,0.024775,2816.0,106820.265625,0.0,0.052632,0.052632,1.0,974.125,0.0,283.625,376.625,False,,,,,,,,,,,,,,,
session_20260630_103628,images_weak_noise_raw/weak_20260630_103759_000040.jpg,images_weak_noise_raw,169,4,model,1,ripe,0.7773,weak,review,weak/noise conf 0.78<0.80,near_threshold_ripe_color_mask_support,1,ripe,1,ripe,,,False,,,True,near_threshold_ripe_color_mask_support,0.674556,7296.0,9548.950195,0.947368,0.026316,0.973684,0.0,242.21875,360.0,97.65625,97.78125,False,,,,,,,,,,,,,,,
session_20260630_103628,images_weak_noise_raw/weak_20260630_103759_000040.jpg,images_weak_noise_raw,169,5,model,2,unripe,0.771842,weak,weak,weak/noise conf 0.77<0.85,,2,unripe,2,unripe,,,False,,,False,,0.696429,2496.0,3083.773682,0.0,0.085714,0.085714,0.971429,1019.40625,163.109375,58.546875,52.671875,False,,,,,,,,,,,,,,,
session_20260630_103628,images_weak_noise_raw/weak_20260630_103759_000040.jpg,images_weak_noise_raw,169,6,model,2,unripe,0.769078,weak,color_corrected,weak/noise conf 0.77<0.85,unripe_to_ripe_by_mask_color,2,unripe,1,ripe,1,ripe,True,unripe_to_ripe_by_mask_color,0.918919,False,,0.672727,4736.0,6102.545898,0.027027,0.972973,1.0,0.081081,213.34375,560.234375,74.265625,82.171875,False,,,,,,,,,,,,,,,
session_20260630_103628,images_weak_noise_raw/weak_20260630_103759_000040.jpg,images_weak_noise_raw,169,7,model,1,ripe,0.744657,weak,weak,weak/noise conf 0.74<0.80,,1,ripe,1,ripe,,,False,,,False,,0.625,4800.0,6326.455078,0.810811,0.108108,0.918919,0.040541,328.09375,387.6875,74.15625,85.3125,False,,,,,,,,,,,,,,,
session_20260630_103628,images_weak_noise_raw/weak_20260630_103759_000040.jpg,images_weak_noise_raw,169,8,model,2,unripe,0.653127,weak,color_corrected,weak/noise conf 0.65<0.85 bad_color gy=0.00,unripe_to_ripe_by_mask_color,2,unripe,1,ripe,1,ripe,True,unripe_to_ripe_by_mask_color,0.971429,False,,0.645455,4544.0,5861.48291,0.9,0.071429,0.971429,0.0,981.03125,60.53125,81.515625,71.90625,False,,,,,,,,,,,,,,,
session_20260630_103628,images_weak_noise_raw/weak_20260630_103759_000040.jpg,images_weak_noise_raw,169,9,model,2,unripe,0.595493,weak,weak,weak/noise conf 0.60<0.85,,2,unripe,2,unripe,,,False,,,False,,0.590909,4160.0,5600.241211,0.0,0.0,0.0,1.0,1069.71875,197.046875,76.4375,73.265625,False,,,,,,,,,,,,,,,
session_20260630_103628,images_weak_noise_raw/weak_20260630_103759_000040.jpg,images_weak_noise_raw,169,10,model,1,ripe,0.457137,weak,weak,weak/noise conf 0.46<0.80 roi,,1,ripe,1,ripe,,,False,,,False,,0.615385,2560.0,3197.253418,1.0,0.0,1.0,0.0,1037.34375,1.453125,92.96875,34.390625,False,,,,,,,,,,,,,,,
session_20260630_103628,images_weak_noise_raw/weak_20260630_103759_000040.jpg,images_weak_noise_raw,169,11,model,2,unripe,0.416797,weak,weak,weak/noise conf 0.42<0.85,,2,unripe,2,unripe,,,False,,,False,,0.627273,4416.0,5121.606445,0.0,0.0,0.0,1.0,1125.84375,268.3125,67.03125,76.40625,False,,,,,,,,,,,,,,,
session_20260630_103628,images_weak_noise_raw/weak_20260630_103759_000040.jpg,images_weak_noise_raw,169,12,model,2,unripe,0.403567,weak,weak,weak/noise conf 0.40<0.85,,2,unripe,2,unripe,,,False,,,False,,0.763889,3520.0,3482.685547,0.0,0.0,0.0,1.0,733.3125,391.96875,55.390625,62.875,False,,,,,,,,,,,,,,,
session_20260630_103628,images_weak_noise_raw/weak_20260630_103759_000040.jpg,images_weak_noise_raw,169,13,model,2,unripe,0.392337,weak,weak,weak/noise conf 0.39<0.85,,2,unripe,2,unripe,,,False,,,False,,0.755556,4352.0,4941.542969,0.0,0.0,0.0,1.0,656.34375,285.25,70.625,69.96875,False,,,,,,,,,,,,,,,
session_20260630_103628,images_weak_noise_raw/weak_20260630_103759_000040.jpg,images_weak_noise_raw,169,14,model,2,unripe,0.309858,weak,weak,weak/noise conf 0.31<0.85 roi,,2,unripe,2,unripe,,,False,,,False,,0.571429,1280.0,1801.501953,0.0,0.25,0.25,0.85,284.703125,681.609375,48.875,36.859375,False,,,,,,,,,,,,,,,
session_20260630_103628,images_weak_noise_raw/weak_20260630_103759_000040.jpg,images_weak_noise_raw,169,15,model,1,ripe,0.304869,weak,weak,weak/noise conf 0.30<0.80,,1,ripe,1,ripe,,,False,,,False,,0.647436,6464.0,8503.25,0.578947,0.178947,0.757895,0.178947,274.9375,275.375,98.875,86.0,False,,,,,,,,,,,,,,,
session_20260630_103628,images_weak_noise_raw/weak_20260630_103759_000040.jpg,images_weak_noise_raw,169,16,model,1,ripe,0.29747,noise,noise,weak/noise conf 0.30<0.80,,1,ripe,1,ripe,,,False,,,False,,0.533333,3072.0,3992.477051,0.744681,0.212766,0.957447,0.042553,166.828125,495.90625,60.578125,65.90625,False,,,,,,,,,,,,,,,
session_20260630_103628,images_weak_noise_raw/weak_20260630_103759_000040.jpg,images_weak_noise_raw,169,17,model,3,unripe bunch,0.296654,noise,noise,weak/noise conf 0.30<0.70 tomatoes_inside 1<2,,3,unripe bunch,3,unripe bunch,,,False,,,False,,0.208369,30912.0,144930.9375,0.030641,0.281337,0.311978,0.860724,169.25,237.5,300.375,482.5,False,,,,,,,,,,,,,,,
session_20260630_103628,images_weak_noise_raw/weak_20260630_103759_000040.jpg,images_weak_noise_raw,169,18,model,2,unripe,0.282196,noise,noise,weak/noise conf 0.28<0.85 bad_color gy=0.04,,2,unripe,2,unripe,,,False,,,False,,0.546296,3776.0,5106.516113,0.561404,0.421053,0.982456,0.035088,207.59375,459.71875,81.015625,63.03125,False,,,,,,,,,,,,,,,
session_20260630_103628,images_weak_noise_raw/weak_20260630_103759_000040.jpg,images_weak_noise_raw,169,19,model,2,unripe,0.259074,noise,noise,weak/noise conf 0.26<0.85 roi,,2,unripe,2,unripe,,,False,,,False,,0.833333,960.0,916.395203,0.0,0.0,0.0,1.0,388.96875,696.417969,41.078125,22.308594,False,,,,,,,,,,,,,,,
session_20260630_103628,images_weak_noise_raw/weak_20260630_103759_000040.jpg,images_weak_noise_raw,169,20,model,1,ripe,0.252384,noise,noise,weak/noise conf 0.25<0.80,,1,ripe,1,ripe,,,False,,,False,,0.31746,1280.0,2790.042969,0.85,0.0,0.85,0.0,215.5625,208.59375,57.25,48.734375,False,,,,,,,,,,,,,,,
session_20260630_103628,images_weak_noise_raw/weak_20260630_103759_000040.jpg,images_weak_noise_raw,169,21,model,0,eripe bunch,0.216674,noise,noise,weak/noise conf 0.22<0.70 bad_color red=0.02 warm=0.30 tomatoes_inside 1<2,,0,eripe bunch,0,eripe bunch,,,False,,,False,,0.211149,32000.0,144280.46875,0.024259,0.280323,0.304582,0.867925,167.375,210.625,283.25,509.375,False,,,,,,,,,,,,,,,
session_20260630_103628,images_weak_noise_raw/weak_20260630_103759_000040.jpg,images_weak_noise_raw,169,22,model,2,unripe,0.188323,noise,noise,weak/noise conf 0.19<0.85,,2,unripe,2,unripe,,,False,,,False,,0.617284,3200.0,3631.579102,0.125,0.791667,0.916667,0.145833,382.9375,595.4375,58.78125,61.78125,False,,,,,,,,,,,,,,,
session_20260630_103628,images_weak_noise_raw/weak_20260630_103759_000040.jpg,images_weak_noise_raw,169,23,model,2,unripe,0.161319,noise,noise,weak/noise conf 0.16<0.85,,2,unripe,2,unripe,,,False,,,False,,0.725,3712.0,3986.994141,0.0,0.0,0.0,1.0,671.0625,362.0,56.90625,70.0625,False,,,,,,,,,,,,,,,
session_20260630_103628,images_weak_noise_raw/weak_20260630_103800_000041.jpg,images_weak_noise_raw,170,0,model,2,unripe,0.740176,weak,weak,weak/noise conf 0.74<0.85 roi bad_color gy=0.00,,2,unripe,2,unripe,,,False,,,False,,0.65625,6720.0,8380.174805,0.259615,0.740385,1.0,0.0,1039.375,1.671875,149.4375,56.078125,False,,,,,,,,,,,,,,,
session_20260630_103628,images_weak_noise_raw/weak_20260630_103800_000041.jpg,images_weak_noise_raw,170,1,model,2,unripe,0.306527,weak,weak,weak/noise conf 0.31<0.85,,2,unripe,2,unripe,,,False,,,False,,0.662745,10816.0,14384.535156,0.0,0.0,0.0,1.0,1093.9375,96.375,124.171875,115.84375,False,,,,,,,,,,,,,,,
session_20260630_103628,images_weak_noise_raw/weak_20260630_103800_000041.jpg,images_weak_noise_raw,170,2,model,2,unripe,0.304042,weak,weak,weak/noise conf 0.30<0.85,,2,unripe,2,unripe,,,False,,,False,,0.689394,5824.0,7855.736328,0.0,0.024096,0.024096,1.0,1008.8125,41.28125,94.71875,82.9375,False,,,,,,,,,,,,,,,
session_20260630_103628,images_weak_noise_raw/weak_20260630_103802_000042.jpg,images_weak_noise_raw,171,0,model,3,unripe bunch,0.833324,weak,weak,weak/noise tomatoes_inside 0<2,,3,unripe bunch,3,unripe bunch,,,False,,,False,,0.065681,15360.0,227334.625,0.0,0.060606,0.060606,0.962121,707.5,10.0,493.0,461.125,False,,,,,,,,,,,,,,,
session_20260630_103628,images_weak_noise_raw/weak_20260630_103802_000042.jpg,images_weak_noise_raw,171,1,model,2,unripe,0.756356,weak,color_corrected,weak/noise conf 0.76<0.85 bad_color gy=0.01,unripe_to_ripe_by_mask_color,2,unripe,1,ripe,1,ripe,True,unripe_to_ripe_by_mask_color,0.980392,False,,0.6375,13056.0,16801.917969,0.504902,0.490196,0.995098,0.014706,807.875,23.6875,148.648438,113.03125,False,,,,,,,,,,,,,,,
session_20260630_103628,images_weak_noise_raw/weak_20260630_103802_000042.jpg,images_weak_noise_raw,171,2,model,2,unripe,0.743169,weak,weak,weak/noise conf 0.74<0.85,,2,unripe,2,unripe,,,False,,,False,,0.705882,12288.0,14329.150391,0.0,0.0,0.0,1.0,951.6875,286.53125,115.9375,123.59375,False,,,,,,,,,,,,,,,
session_20260630_103628,images_weak_noise_raw/weak_20260630_103802_000042.jpg,images_weak_noise_raw,171,3,model,2,unripe,0.480479,weak,weak,weak/noise conf 0.48<0.85,,2,unripe,2,unripe,,,False,,,False,,0.664286,5952.0,8146.101562,0.0,0.012048,0.012048,1.0,776.1875,120.171875,104.5,77.953125,False,,,,,,,,,,,,,,,
session_20260630_103628,images_weak_noise_raw/weak_20260630_103802_000042.jpg,images_weak_noise_raw,171,4,model,2,unripe,0.23301,noise,noise,weak/noise conf 0.23<0.85 roi,,2,unripe,2,unripe,,,False,,,False,,0.815385,3392.0,3281.313232,0.0,0.0,0.0,0.842105,15.875,682.375,90.34375,36.320312,False,,,,,,,,,,,,,,,
session_20260630_103628,images_weak_noise_raw/weak_20260630_103802_000042.jpg,images_weak_noise_raw,171,5,model,2,unripe,0.191932,noise,noise,weak/noise conf 0.19<0.85,,2,unripe,2,unripe,,,False,,,False,,0.669118,11648.0,14538.231445,0.0,0.0,0.0,1.0,1047.78125,343.6875,113.71875,127.84375,False,,,,,,,,,,,,,,,
session_20260630_103628,images_weak_noise_raw/weak_20260630_103802_000042.jpg,images_weak_noise_raw,171,6,model,1,ripe,0.177242,noise,noise,weak/noise conf 0.18<0.80 roi,,1,ripe,1,ripe,,,False,,,False,,0.632353,5504.0,7584.931641,1.0,0.0,1.0,0.0,711.0625,1.46875,124.375,60.984375,False,,,,,,,,,,,,,,,
session_20260630_103628,images_weak_noise_raw/weak_20260630_103803_000043.jpg,images_weak_noise_raw,172,0,model,2,unripe,0.879147,weak,color_corrected,weak/noise bad_color gy=0.01,unripe_to_ripe_by_mask_color,2,unripe,1,ripe,1,ripe,True,unripe_to_ripe_by_mask_color,0.9740260000000001,False,,0.722222,4992.0,5811.924805,0.428571,0.558442,0.987013,0.012987,736.46875,300.75,89.125,65.210938,False,,,,,,,,,,,,,,,
session_20260630_103628,images_weak_noise_raw/weak_20260630_103803_000043.jpg,images_weak_noise_raw,172,1,model,3,unripe bunch,0.87235,weak,weak,weak/noise low_bunch_density tomatoes_inside 0<2,,3,unripe bunch,3,unripe bunch,,,False,,,False,,0.033037,4288.0,122537.1875,0.0,0.043478,0.043478,0.956522,664.25,157.25,304.0625,403.0,False,,,,,,,,,,,,,,,
session_20260630_103628,images_weak_noise_raw/weak_20260630_103803_000043.jpg,images_weak_noise_raw,172,2,model,2,unripe,0.833324,weak,review,weak/noise conf 0.83<0.85,near_threshold_unripe_color_mask_support,2,unripe,2,unripe,,,False,,,True,near_threshold_unripe_color_mask_support,0.660714,2368.0,2720.265137,0.0,0.0625,0.0625,1.0,718.03125,354.179688,56.1875,48.414062,False,,,,,,,,,,,,,,,
session_20260630_103628,images_weak_noise_raw/weak_20260630_103803_000043.jpg,images_weak_noise_raw,172,3,model,2,unripe,0.822188,weak,review,weak/noise conf 0.82<0.85,near_threshold_unripe_color_mask_support,2,unripe,2,unripe,,,False,,,True,near_threshold_unripe_color_mask_support,0.581818,4096.0,4969.847656,0.0,0.0,0.0,1.0,765.890625,391.90625,75.140625,66.140625,False,,,,,,,,,,,,,,,
session_20260630_103628,images_weak_noise_raw/weak_20260630_103803_000043.jpg,images_weak_noise_raw,172,4,model,2,unripe,0.70253,weak,weak,weak/noise conf 0.70<0.85,,2,unripe,2,unripe,,,False,,,False,,0.73,4672.0,5314.524902,0.0,0.0,0.0,1.0,822.90625,456.75,68.546875,77.53125,False,,,,,,,,,,,,,,,
session_20260630_103628,images_weak_noise_raw/weak_20260630_103803_000043.jpg,images_weak_noise_raw,172,5,model,2,unripe,0.672331,weak,weak,weak/noise conf 0.67<0.85,,2,unripe,2,unripe,,,False,,,False,,0.694444,3200.0,3402.461426,0.0,0.0,0.0,1.0,375.6875,557.21875,52.828125,64.40625,False,,,,,,,,,,,,,,,
session_20260630_103628,images_weak_noise_raw/weak_20260630_103803_000043.jpg,images_weak_noise_raw,172,6,model,1,ripe,0.589834,weak,weak,weak/noise conf 0.59<0.80,,1,ripe,1,ripe,,,False,,,False,,0.722222,4992.0,5799.005859,0.961538,0.025641,0.987179,0.0,735.75,160.4375,85.09375,68.148438,False,,,,,,,,,,,,,,,
session_20260630_103628,images_weak_noise_raw/weak_20260630_103803_000043.jpg,images_weak_noise_raw,172,7,model,2,unripe,0.575588,weak,color_corrected,weak/noise conf 0.58<0.85 bad_color gy=0.00,unripe_to_ripe_by_mask_color,2,unripe,1,ripe,1,ripe,True,unripe_to_ripe_by_mask_color,0.985075,False,,0.618182,4352.0,5701.866211,0.955224,0.029851,0.985075,0.0,680.96875,251.09375,79.78125,71.46875,False,,,,,,,,,,,,,,,
session_20260630_103628,images_weak_noise_raw/weak_20260630_103803_000043.jpg,images_weak_noise_raw,172,8,model,2,unripe,0.560253,weak,weak,weak/noise conf 0.56<0.85,,2,unripe,2,unripe,,,False,,,False,,0.641975,3328.0,4064.058594,0.0,0.0,0.0,1.0,354.21875,482.71875,63.8125,63.6875,False,,,,,,,,,,,,,,,
session_20260630_103628,images_weak_noise_raw/weak_20260630_103803_000043.jpg,images_weak_noise_raw,172,9,model,2,unripe,0.527317,weak,weak,weak/noise conf 0.53<0.85,,2,unripe,2,unripe,,,False,,,False,,0.772727,4352.0,4895.178223,0.0,0.0,0.0,0.983333,324.71875,416.53125,81.90625,59.765625,False,,,,,,,,,,,,,,,
session_20260630_103628,images_weak_noise_raw/weak_20260630_103803_000043.jpg,images_weak_noise_raw,172,10,model,2,unripe,0.472683,weak,weak,weak/noise conf 0.47<0.85 roi,,2,unripe,2,unripe,,,False,,,False,,0.657143,2944.0,3683.175781,0.0,0.0,0.0,1.0,0.890625,1.679688,51.171875,71.976562,False,,,,,,,,,,,,,,,
session_20260630_103628,images_weak_noise_raw/weak_20260630_103803_000043.jpg,images_weak_noise_raw,172,11,model,2,unripe,0.437823,weak,weak,weak/noise conf 0.44<0.85,,2,unripe,2,unripe,,,False,,,False,,0.736111,3392.0,3568.322266,0.0,0.0,0.0,1.0,437.09375,581.21875,56.125,63.578125,False,,,,,,,,,,,,,,,
session_20260630_103628,images_weak_noise_raw/weak_20260630_103803_000043.jpg,images_weak_noise_raw,172,12,model,2,unripe,0.26971,noise,noise,weak/noise conf 0.27<0.85 bad_color gy=0.00,,2,unripe,2,unripe,,,False,,,False,,0.722222,4992.0,5841.616211,0.961538,0.025641,0.987179,0.0,734.59375,161.015625,86.5625,67.484375,False,,,,,,,,,,,,,,,
session_20260630_103628,images_weak_noise_raw/weak_20260630_103803_000043.jpg,images_weak_noise_raw,172,13,model,2,unripe,0.220007,noise,noise,weak/noise conf 0.22<0.85,,2,unripe,2,unripe,,,False,,,False,,0.666667,3840.0,4120.945312,0.0,0.0,0.0,1.0,881.09375,503.96875,63.15625,65.25,False,,,,,,,,,,,,,,,
session_20260630_103628,images_weak_noise_raw/weak_20260630_103805_000044.jpg,images_weak_noise_raw,173,0,model,1,ripe,0.749087,weak,weak,weak/noise conf 0.75<0.80,,1,ripe,1,ripe,,,False,,,False,,0.688889,7936.0,9534.367188,0.959677,0.016129,0.975806,0.0,550.65625,402.375,86.75,109.90625,False,,,,,,,,,,,,,,,
session_20260630_103628,images_weak_noise_raw/weak_20260630_103805_000044.jpg,images_weak_noise_raw,173,1,model,2,unripe,0.727975,weak,weak,weak/noise conf 0.73<0.85,,2,unripe,2,unripe,,,False,,,False,,0.694444,3200.0,3811.386719,0.0,0.0,0.0,1.0,1003.875,545.40625,55.1875,69.0625,False,,,,,,,,,,,,,,,
session_20260630_103628,images_weak_noise_raw/weak_20260630_103805_000044.jpg,images_weak_noise_raw,173,2,model,3,unripe bunch,0.727975,weak,weak,weak/noise low_bunch_density tomatoes_inside 0<2,,3,unripe bunch,3,unripe bunch,,,False,,,False,,0.054194,2688.0,45702.851562,0.0,0.0,0.0,1.0,956.46875,397.1875,192.28125,237.6875,False,,,,,,,,,,,,,,,
session_20260630_103628,images_weak_noise_raw/weak_20260630_103805_000044.jpg,images_weak_noise_raw,173,3,model,2,unripe,0.692642,weak,weak,weak/noise conf 0.69<0.85,,2,unripe,2,unripe,,,False,,,False,,0.652778,3008.0,3731.560059,0.0,0.0,0.0,1.0,988.78125,472.375,56.179688,66.421875,False,,,,,,,,,,,,,,,
session_20260630_103628,images_weak_noise_raw/weak_20260630_103805_000044.jpg,images_weak_noise_raw,173,4,model,2,unripe,0.679178,weak,weak,weak/noise conf 0.68<0.85,,2,unripe,2,unripe,,,False,,,False,,0.679012,3520.0,3658.320312,0.0,0.0,0.0,1.0,1060.65625,575.75,59.5,61.484375,False,,,,,,,,,,,,,,,
session_20260630_103628,images_weak_noise_raw/weak_20260630_103805_000044.jpg,images_weak_noise_raw,173,5,model,1,ripe,0.645119,weak,weak,weak/noise conf 0.65<0.80,,1,ripe,1,ripe,,,False,,,False,,0.637363,7424.0,9463.978516,0.956897,0.017241,0.974138,0.0,572.734375,539.6875,100.015625,94.625,False,,,,,,,,,,,,,,,
session_20260630_103628,images_weak_noise_raw/weak_20260630_103805_000044.jpg,images_weak_noise_raw,173,6,model,2,unripe,0.566019,weak,weak,weak/noise conf 0.57<0.85,,2,unripe,2,unripe,,,False,,,False,,0.547619,1472.0,1779.26416,0.0,0.0,0.0,1.0,956.359375,418.6875,37.71875,47.171875,False,,,,,,,,,,,,,,,
session_20260630_103628,images_weak_noise_raw/weak_20260630_103805_000044.jpg,images_weak_noise_raw,173,7,model,2,unripe,0.424412,weak,weak,weak/noise conf 0.42<0.85,,2,unripe,2,unripe,,,False,,,False,,0.5375,5504.0,7996.688965,0.611765,0.258824,0.870588,0.129412,498.875,638.453125,121.59375,65.765625,False,,,,,,,,,,,,,,,
session_20260630_103628,images_weak_noise_raw/weak_20260630_103805_000044.jpg,images_weak_noise_raw,173,8,model,2,unripe,0.411111,weak,weak,weak/noise conf 0.41<0.85,,2,unripe,2,unripe,,,False,,,False,,0.714286,2560.0,2821.943604,0.0,0.0,0.0,1.0,987.21875,411.0,56.140625,50.265625,False,,,,,,,,,,,,,,,
session_20260630_103628,images_weak_noise_raw/weak_20260630_103805_000044.jpg,images_weak_noise_raw,173,9,model,1,ripe,0.394201,weak,weak,weak/noise conf 0.39<0.80,,1,ripe,1,ripe,,,False,,,False,,0.442857,1984.0,3278.892578,0.724138,0.034483,0.758621,0.241379,556.90625,380.34375,67.5625,48.53125,False,,,,,,,,,,,,,,,
session_20260630_103628,images_weak_noise_raw/weak_20260630_103805_000044.jpg,images_weak_noise_raw,173,10,model,2,unripe,0.267409,noise,noise,weak/noise conf 0.27<0.85 roi,,2,unripe,2,unripe,,,False,,,False,,0.571429,2304.0,3403.876465,0.638889,0.25,0.888889,0.138889,495.25,664.984375,61.90625,54.984375,False,,,,,,,,,,,,,,,
session_20260630_103628,images_weak_noise_raw/weak_20260630_103805_000044.jpg,images_weak_noise_raw,173,11,model,3,unripe bunch,0.219337,noise,noise,weak/noise conf 0.22<0.70 tomatoes_inside 0<2,,3,unripe bunch,3,unripe bunch,,,False,,,False,,0.112347,6464.0,54692.453125,0.037975,0.468354,0.506329,0.822785,493.125,488.375,236.125,231.625,False,,,,,,,,,,,,,,,
session_20260630_103628,images_weak_noise_raw/weak_20260630_103805_000044.jpg,images_weak_noise_raw,173,12,model,1,ripe,0.208824,noise,noise,weak/noise conf 0.21<0.80,,1,ripe,1,ripe,,,False,,,False,,0.578512,4480.0,6875.78125,0.842857,0.128571,0.971429,0.014286,649.0,568.40625,84.625,81.25,False,,,,,,,,,,,,,,,
session_20260630_103628,images_weak_noise_raw/weak_20260630_103807_000045.jpg,images_weak_noise_raw,174,0,model,2,unripe,0.672331,weak,weak,weak/noise conf 0.67<0.85 roi bad_color gy=0.01,,2,unripe,2,unripe,,,False,,,False,,0.766667,4416.0,4898.904785,0.637681,0.347826,0.985507,0.014493,0.328125,605.375,42.796875,114.46875,False,,,,,,,,,,,,,,,
session_20260630_103628,images_weak_noise_raw/weak_20260630_103807_000045.jpg,images_weak_noise_raw,174,1,model,2,unripe,0.596433,weak,weak,weak/noise conf 0.60<0.85 roi,,2,unripe,2,unripe,,,False,,,False,,0.766667,1472.0,1541.744019,0.0,0.0,0.0,1.0,1056.664062,682.21875,42.585938,36.203125,False,,,,,,,,,,,,,,,
session_20260630_103628,images_weak_noise_raw/weak_20260630_103807_000045.jpg,images_weak_noise_raw,174,2,model,3,unripe bunch,0.266644,noise,noise,weak/noise conf 0.27<0.70 roi small_bunch_mask tomatoes_inside 0<2,,3,unripe bunch,3,unripe bunch,,,False,,,False,,0.371429,1664.0,3660.872314,0.0,0.0,0.0,1.0,1041.648438,670.96875,74.664062,49.03125,False,,,,,,,,,,,,,,,
session_20260630_103628,images_weak_noise_raw/weak_20260630_103807_000045.jpg,images_weak_noise_raw,174,3,model,2,unripe,0.158173,noise,noise,weak/noise conf 0.16<0.85 roi,,2,unripe,2,unripe,,,False,,,False,,0.76,1216.0,853.855469,0.0,0.0,0.0,1.0,1099.921875,687.359375,28.34375,30.125,False,,,,,,,,,,,,,,,
session_20260630_103628,images_weak_noise_raw/weak_20260630_103808_000046.jpg,images_weak_noise_raw,175,0,model,2,unripe,0.31405,noise,noise,weak/noise conf 0.31<0.85 roi bad_color gy=0.00 tomato_sanity_failed warm=0.00 red=0.00 gy=0.00,,2,unripe,2,unripe,,,False,,,False,,0.714286,1920.0,2017.264526,0.0,0.0,0.0,0.0,1.71875,387.148438,42.046875,47.976562,False,,,,,,,,,,,,,,,
session_20260630_103628,images_weak_noise_raw/weak_20260630_103808_000046.jpg,images_weak_noise_raw,175,1,model,2,unripe,0.279829,noise,noise,weak/noise conf 0.28<0.85 roi,,2,unripe,2,unripe,,,False,,,False,,0.75,1920.0,2006.430664,0.0,0.0,0.0,1.0,250.9375,680.828125,54.125,37.070312,False,,,,,,,,,,,,,,,
session_20260630_103628,images_weak_noise_raw/weak_20260630_103808_000046.jpg,images_weak_noise_raw,175,2,model,2,unripe,0.259074,noise,noise,weak/noise conf 0.26<0.85 roi,,2,unripe,2,unripe,,,False,,,False,,0.716667,2752.0,3186.175781,0.0,0.0,0.0,0.695652,170.71875,676.9375,76.703125,41.539062,False,,,,,,,,,,,,,,,
session_20260630_103628,images_weak_noise_raw/weak_20260630_103810_000047.jpg,images_weak_noise_raw,176,0,model,2,unripe,0.338951,weak,weak,weak/noise conf 0.34<0.85,,2,unripe,2,unripe,,,False,,,False,,0.6875,3520.0,4016.950928,0.0,0.0,0.0,1.0,535.15625,615.90625,56.390625,71.234375,False,,,,,,,,,,,,,,,
session_20260630_103628,images_weak_noise_raw/weak_20260630_103810_000047.jpg,images_weak_noise_raw,176,1,model,2,unripe,0.29098,noise,noise,weak/noise conf 0.29<0.85 roi bad_color gy=0.06,,2,unripe,2,unripe,,,False,,,False,,0.772727,2176.0,2283.891846,0.612903,0.290323,0.903226,0.064516,628.5625,688.09375,76.890625,29.703125,False,,,,,,,,,,,,,,,
session_20260630_103628,images_weak_noise_raw/weak_20260630_103810_000047.jpg,images_weak_noise_raw,176,2,model,1,ripe,0.27513,noise,noise,weak/noise conf 0.28<0.80,,1,ripe,1,ripe,,,False,,,False,,0.630252,14400.0,19995.125,0.805882,0.0,0.805882,0.0,745.625,119.4375,128.328125,155.8125,False,,,,,,,,,,,,,,,
session_20260630_103628,images_weak_noise_raw/weak_20260630_103812_000048.jpg,images_weak_noise_raw,177,0,model,2,unripe,0.819894,weak,review,weak/noise conf 0.82<0.85,near_threshold_unripe_color_mask_support,2,unripe,2,unripe,,,False,,,True,near_threshold_unripe_color_mask_support,0.75,3840.0,4554.712891,0.0,0.677966,0.677966,0.661017,794.96875,488.046875,75.734375,60.140625,False,,,,,,,,,,,,,,,
session_20260630_103628,images_weak_noise_raw/weak_20260630_103812_000048.jpg,images_weak_noise_raw,177,1,model,1,ripe,0.786623,weak,review,weak/noise conf 0.79<0.80,near_threshold_ripe_color_mask_support,1,ripe,1,ripe,,,False,,,True,near_threshold_ripe_color_mask_support,0.6,3840.0,5023.224609,0.966667,0.0,0.966667,0.0,539.390625,386.703125,70.671875,71.078125,False,,,,,,,,,,,,,,,
session_20260630_103628,images_weak_noise_raw/weak_20260630_103812_000048.jpg,images_weak_noise_raw,177,2,model,2,unripe,0.77865,weak,color_corrected,weak/noise conf 0.78<0.85 bad_color gy=0.00,unripe_to_ripe_by_mask_color,2,unripe,1,ripe,1,ripe,True,unripe_to_ripe_by_mask_color,0.966667,False,,0.61,3904.0,4703.296875,0.8,0.166667,0.966667,0.0,599.5,418.65625,67.25,69.9375,False,,,,,,,,,,,,,,,
session_20260630_103628,images_weak_noise_raw/weak_20260630_103812_000048.jpg,images_weak_noise_raw,177,3,model,1,ripe,0.713831,weak,weak,weak/noise conf 0.71<0.80,,1,ripe,1,ripe,,,False,,,False,,0.64,4096.0,4633.945312,0.919355,0.016129,0.935484,0.0,527.1875,543.875,67.25,68.90625,False,,,,,,,,,,,,,,,
session_20260630_103628,images_weak_noise_raw/weak_20260630_103812_000048.jpg,images_weak_noise_raw,177,4,model,1,ripe,0.616936,weak,weak,weak/noise conf 0.62<0.80,,1,ripe,1,ripe,,,False,,,False,,0.644444,3712.0,4713.061523,0.964912,0.0,0.964912,0.0,485.25,478.4375,65.859375,71.5625,False,,,,,,,,,,,,,,,
session_20260630_103628,images_weak_noise_raw/weak_20260630_103812_000048.jpg,images_weak_noise_raw,177,5,model,2,unripe,0.609524,weak,weak,weak/noise conf 0.61<0.85,,2,unripe,2,unripe,,,False,,,False,,0.688889,3968.0,4915.582031,0.053571,0.714286,0.767857,0.589286,633.734375,463.546875,68.734375,71.515625,False,,,,,,,,,,,,,,,
session_20260630_103628,images_weak_noise_raw/weak_20260630_103812_000048.jpg,images_weak_noise_raw,177,6,model,2,unripe,0.594551,weak,weak,weak/noise conf 0.59<0.85,,2,unripe,2,unripe,,,False,,,False,,0.657143,1472.0,1330.341797,0.0,0.0,0.0,1.0,1140.84375,455.25,31.1875,42.65625,False,,,,,,,,,,,,,,,
session_20260630_103628,images_weak_noise_raw/weak_20260630_103812_000048.jpg,images_weak_noise_raw,177,7,model,2,unripe,0.573678,weak,weak,weak/noise conf 0.57<0.85,,2,unripe,2,unripe,,,False,,,False,,0.8,1024.0,988.696167,0.0,0.0,0.0,1.0,1168.023438,511.25,30.851562,32.046875,False,,,,,,,,,,,,,,,
session_20260630_103628,images_weak_noise_raw/weak_20260630_103812_000048.jpg,images_weak_noise_raw,177,8,model,1,ripe,0.533155,weak,weak,weak/noise conf 0.53<0.80,,1,ripe,1,ripe,,,False,,,False,,0.703125,2880.0,2877.959961,0.931818,0.0,0.931818,0.0,468.96875,398.59375,56.121094,51.28125,False,,,,,,,,,,,,,,,
session_20260630_103628,images_weak_noise_raw/weak_20260630_103812_000048.jpg,images_weak_noise_raw,177,9,model,2,unripe,0.505859,weak,weak,weak/noise conf 0.51<0.85,,2,unripe,2,unripe,,,False,,,False,,0.733333,1408.0,1318.886719,0.0,0.285714,0.285714,1.0,1114.53125,509.234375,34.3125,38.4375,False,,,,,,,,,,,,,,,
session_20260630_103628,images_weak_noise_raw/weak_20260630_103812_000048.jpg,images_weak_noise_raw,177,10,model,1,ripe,0.44746,weak,weak,weak/noise conf 0.45<0.80,,1,ripe,1,ripe,,,False,,,False,,0.530864,2752.0,3521.551514,0.97619,0.0,0.97619,0.0,469.65625,325.515625,59.703125,58.984375,False,,,,,,,,,,,,,,,
session_20260630_103628,images_weak_noise_raw/weak_20260630_103812_000048.jpg,images_weak_noise_raw,177,11,model,2,unripe,0.435901,weak,weak,weak/noise conf 0.44<0.85,,2,unripe,2,unripe,,,False,,,False,,0.625,2240.0,2391.870117,0.0,0.0,0.0,1.0,701.703125,575.125,44.140625,54.1875,False,,,,,,,,,,,,,,,
session_20260630_103628,images_weak_noise_raw/weak_20260630_103812_000048.jpg,images_weak_noise_raw,177,12,model,2,unripe,0.397938,weak,weak,weak/noise conf 0.40<0.85,,2,unripe,2,unripe,,,False,,,False,,0.833333,1920.0,1876.308594,0.0,0.0,0.0,1.0,1171.921875,465.796875,42.5,44.148438,False,,,,,,,,,,,,,,,
session_20260630_103628,images_weak_noise_raw/weak_20260630_103812_000048.jpg,images_weak_noise_raw,177,13,model,3,unripe bunch,0.29584,noise,noise,weak/noise conf 0.30<0.70 tomatoes_inside 0<2,,3,unripe bunch,3,unripe bunch,,,False,,,False,,0.128083,8640.0,63538.835938,0.4,0.072727,0.472727,0.145455,471.25,384.4375,262.625,241.9375,False,,,,,,,,,,,,,,,
session_20260630_103628,images_weak_noise_raw/weak_20260630_103813_000049.jpg,images_weak_noise_raw,178,0,model,2,unripe,0.811677,weak,color_corrected,weak/noise conf 0.81<0.85 bad_color gy=0.00,unripe_to_ripe_by_mask_color,2,unripe,1,ripe,1,ripe,True,unripe_to_ripe_by_mask_color,0.983871,False,,0.688889,3968.0,4662.225586,0.177419,0.806452,0.983871,0.0,978.5,411.03125,70.53125,66.101562,False,,,,,,,,,,,,,,,
session_20260630_103628,images_weak_noise_raw/weak_20260630_103813_000049.jpg,images_weak_noise_raw,178,1,model,2,unripe,0.727975,weak,weak,weak/noise conf 0.73<0.85,,2,unripe,2,unripe,,,False,,,False,,0.645455,4544.0,5406.65625,0.070423,0.647887,0.71831,0.647887,1013.8125,446.5625,71.375,75.75,False,,,,,,,,,,,,,,,
session_20260630_103628,images_weak_noise_raw/weak_20260630_103813_000049.jpg,images_weak_noise_raw,178,2,model,2,unripe,0.682574,weak,weak,weak/noise conf 0.68<0.85,,2,unripe,2,unripe,,,False,,,False,,0.625,2240.0,2533.884033,0.0,0.0,0.0,1.0,1084.828125,565.609375,45.953125,55.140625,False,,,,,,,,,,,,,,,
session_20260630_103628,images_weak_noise_raw/weak_20260630_103813_000049.jpg,images_weak_noise_raw,178,3,model,1,ripe,0.421552,weak,weak,weak/noise conf 0.42<0.80,,1,ripe,1,ripe,,,False,,,False,,0.62,3968.0,5322.404785,0.967742,0.032258,1.0,0.0,914.625,379.328125,73.90625,72.015625,False,,,,,,,,,,,,,,,
session_20260630_103628,images_weak_noise_raw/weak_20260630_103813_000049.jpg,images_weak_noise_raw,178,4,model,2,unripe,0.358466,weak,weak,weak/noise conf 0.36<0.85 bad_color gy=0.00,,2,unripe,2,unripe,,,False,,,False,,0.777778,4032.0,4801.540039,0.968254,0.0,0.968254,0.0,904.671875,537.09375,68.578125,70.015625,False,,,,,,,,,,,,,,,
session_20260630_103628,images_weak_noise_raw/weak_20260630_103813_000049.jpg,images_weak_noise_raw,178,5,model,3,unripe bunch,0.314892,weak,weak,weak/noise conf 0.31<0.70 tomatoes_inside 0<2,,3,unripe bunch,3,unripe bunch,,,False,,,False,,0.123123,10496.0,82041.484375,0.12987,0.493506,0.623377,0.428571,842.75,349.8125,291.25,281.6875,False,,,,,,,,,,,,,,,
session_20260630_103628,images_weak_noise_raw/weak_20260630_103813_000049.jpg,images_weak_noise_raw,178,6,model,1,ripe,0.298287,noise,noise,weak/noise conf 0.30<0.80,,1,ripe,1,ripe,,,False,,,False,,0.61,3904.0,4750.466309,0.95082,0.04918,1.0,0.0,860.359375,474.84375,68.015625,69.84375,False,,,,,,,,,,,,,,,
session_20260630_103628,images_weak_noise_raw/weak_20260630_103813_000049.jpg,images_weak_noise_raw,178,7,model,2,unripe,0.271252,noise,noise,weak/noise conf 0.27<0.85,,2,unripe,2,unripe,,,False,,,False,,0.761364,4288.0,4928.203125,0.0,0.863636,0.863636,0.621212,1181.65625,473.0,80.625,61.125,False,,,,,,,,,,,,,,,
session_20260630_103628,images_weak_noise_raw/weak_20260630_103813_000049.jpg,images_weak_noise_raw,178,8,model,2,unripe,0.255343,noise,noise,weak/noise conf 0.26<0.85 bad_color gy=0.00,,2,unripe,2,unripe,,,False,,,False,,0.63,4032.0,5133.603516,0.936508,0.063492,1.0,0.0,915.953125,378.25,70.203125,73.125,False,,,,,,,,,,,,,,,
session_20260630_103628,images_weak_noise_raw/weak_20260630_103813_000049.jpg,images_weak_noise_raw,178,9,model,1,ripe,0.238641,noise,noise,weak/noise conf 0.24<0.80,,1,ripe,1,ripe,,,False,,,False,,0.640625,2624.0,2991.74707,0.97561,0.02439,1.0,0.0,843.34375,391.90625,58.679688,50.984375,False,,,,,,,,,,,,,,,
session_20260630_103628,images_weak_noise_raw/weak_20260630_103813_000049.jpg,images_weak_noise_raw,178,10,model,1,ripe,0.180106,noise,noise,weak/noise conf 0.18<0.80,,1,ripe,1,ripe,,,False,,,False,,0.777778,4032.0,4837.827637,0.968254,0.0,0.968254,0.0,904.703125,536.875,69.390625,69.71875,False,,,,,,,,,,,,,,,
session_20260630_103628,images_weak_noise_raw/weak_20260630_103813_000049.jpg,images_weak_noise_raw,178,11,model,2,unripe,0.17385,noise,noise,weak/noise conf 0.17<0.85 bad_color gy=0.03,,2,unripe,2,unripe,,,False,,,False,,0.714286,2560.0,2902.414795,0.837838,0.162162,1.0,0.027027,937.257812,244.8125,52.554688,55.226562,False,,,,,,,,,,,,,,,
session_20260630_103628,images_weak_noise_raw/weak_20260630_103815_000050.jpg,images_weak_noise_raw,179,0,model,2,unripe,0.850964,strong,strong,,,2,unripe,2,unripe,,,False,,,False,,0.725,3712.0,4155.461426,0.0,0.603448,0.603448,0.948276,709.4375,493.734375,71.78125,57.890625,False,,,,,,,,,,,,,,,
session_20260630_103628,images_weak_noise_raw/weak_20260630_103815_000050.jpg,images_weak_noise_raw,179,1,model,2,unripe,0.744657,weak,color_corrected,weak/noise conf 0.74<0.85 bad_color gy=0.00,unripe_to_ripe_by_mask_color,2,unripe,1,ripe,1,ripe,True,unripe_to_ripe_by_mask_color,1.0,False,,0.666667,3456.0,4340.838867,0.092593,0.907407,1.0,0.0,512.46875,425.25,67.578125,64.234375,False,,,,,,,,,,,,,,,
session_20260630_103628,images_weak_noise_raw/weak_20260630_103815_000050.jpg,images_weak_noise_raw,179,2,model,1,ripe,0.720171,weak,weak,weak/noise conf 0.72<0.80,,1,ripe,1,ripe,,,False,,,False,,0.61,3904.0,5049.488281,1.0,0.0,1.0,0.0,394.875,480.75,70.4375,71.6875,False,,,,,,,,,,,,,,,
session_20260630_103628,images_weak_noise_raw/weak_20260630_103815_000050.jpg,images_weak_noise_raw,179,3,model,2,unripe,0.713831,weak,weak,weak/noise conf 0.71<0.85,,2,unripe,2,unripe,,,False,,,False,,0.744444,4288.0,4840.145508,0.014925,0.61194,0.626866,0.776119,546.484375,462.65625,66.703125,72.5625,False,,,,,,,,,,,,,,,
session_20260630_103628,images_weak_noise_raw/weak_20260630_103815_000050.jpg,images_weak_noise_raw,179,4,model,2,unripe,0.712233,weak,weak,weak/noise conf 0.71<0.85,,2,unripe,2,unripe,,,False,,,False,,0.714286,1920.0,2147.391602,0.0,0.0,0.0,1.0,609.4375,584.0625,44.183594,48.601562,False,,,,,,,,,,,,,,,
session_20260630_103628,images_weak_noise_raw/weak_20260630_103815_000050.jpg,images_weak_noise_raw,179,5,model,3,unripe bunch,0.67405,weak,weak,weak/noise conf 0.67<0.70 low_bunch_density tomatoes_inside 1<2,,3,unripe bunch,3,unripe bunch,,,False,,,False,,0.049945,5760.0,110781.773438,0.155844,0.532468,0.688312,0.350649,377.625,409.75,416.375,266.0625,False,,,,,,,,,,,,,,,
session_20260630_103628,images_weak_noise_raw/weak_20260630_103815_000050.jpg,images_weak_noise_raw,179,6,model,1,ripe,0.67147,weak,weak,weak/noise conf 0.67<0.80,,1,ripe,1,ripe,,,False,,,False,,0.63,4032.0,5045.139648,0.968254,0.031746,1.0,0.0,449.609375,389.0625,71.578125,70.484375,False,,,,,,,,,,,,,,,
session_20260630_103628,images_weak_noise_raw/weak_20260630_103815_000050.jpg,images_weak_noise_raw,179,7,model,1,ripe,0.588889,weak,weak,weak/noise conf 0.59<0.80,,1,ripe,1,ripe,,,False,,,False,,0.61,3904.0,4823.292969,0.918033,0.04918,0.967213,0.0,437.953125,544.78125,67.296875,71.671875,False,,,,,,,,,,,,,,,
session_20260630_103628,images_weak_noise_raw/weak_20260630_103815_000050.jpg,images_weak_noise_raw,179,8,model,2,unripe,0.567937,weak,weak,weak/noise conf 0.57<0.85,,2,unripe,2,unripe,,,False,,,False,,0.666667,1792.0,1869.424561,0.0,0.0,0.0,1.0,1022.0625,149.921875,44.46875,42.039062,False,,,,,,,,,,,,,,,
session_20260630_103628,images_weak_noise_raw/weak_20260630_103815_000050.jpg,images_weak_noise_raw,179,9,model,2,unripe,0.535099,weak,weak,weak/noise conf 0.54<0.85,,2,unripe,2,unripe,,,False,,,False,,0.722222,1664.0,1469.970703,0.0,0.0,0.0,1.0,1046.34375,460.8125,34.84375,42.1875,False,,,,,,,,,,,,,,,
session_20260630_103628,images_weak_noise_raw/weak_20260630_103815_000050.jpg,images_weak_noise_raw,179,10,model,2,unripe,0.507812,weak,weak,weak/noise conf 0.51<0.85,,2,unripe,2,unripe,,,False,,,False,,0.583333,1344.0,1535.2771,0.0,0.0,0.0,1.0,1002.15625,122.34375,39.460938,38.90625,False,,,,,,,,,,,,,,,
session_20260630_103628,images_weak_noise_raw/weak_20260630_103815_000050.jpg,images_weak_noise_raw,179,11,model,2,unripe,0.383064,weak,weak,weak/noise conf 0.38<0.85,,2,unripe,2,unripe,,,False,,,False,,0.660714,2368.0,2753.890869,0.72973,0.135135,0.864865,0.081081,456.9375,487.078125,50.515625,54.515625,False,,,,,,,,,,,,,,,
session_20260630_103628,images_weak_noise_raw/weak_20260630_103815_000050.jpg,images_weak_noise_raw,179,12,model,2,unripe,0.367496,weak,weak,weak/noise conf 0.37<0.85 bad_color gy=0.00,,2,unripe,2,unripe,,,False,,,False,,0.63,4032.0,5004.499023,0.968254,0.031746,1.0,0.0,451.15625,388.34375,69.71875,71.78125,False,,,,,,,,,,,,,,,
session_20260630_103628,images_weak_noise_raw/weak_20260630_103815_000050.jpg,images_weak_noise_raw,179,13,model,2,unripe,0.340704,weak,weak,weak/noise conf 0.34<0.85 bad_color gy=0.00,,2,unripe,2,unripe,,,False,,,False,,0.61,3904.0,4970.842773,0.918033,0.04918,0.967213,0.0,437.65625,545.421875,68.578125,72.484375,False,,,,,,,,,,,,,,,
session_20260630_103628,images_weak_noise_raw/weak_20260630_103815_000050.jpg,images_weak_noise_raw,179,14,model,2,unripe,0.33112,weak,weak,weak/noise conf 0.33<0.85,,2,unripe,2,unripe,,,False,,,False,,0.76,1216.0,1046.971191,0.0,0.055556,0.055556,1.0,1030.25,521.28125,30.6875,34.117188,False,,,,,,,,,,,,,,,
session_20260630_103628,images_weak_noise_raw/weak_20260630_103815_000050.jpg,images_weak_noise_raw,179,15,model,2,unripe,0.320822,weak,weak,weak/noise conf 0.32<0.85,,2,unripe,2,unripe,,,False,,,False,,0.666667,1792.0,1916.179688,0.0,0.0,0.0,1.0,1156.6875,107.4375,41.375,46.3125,False,,,,,,,,,,,,,,,
session_20260630_103628,images_weak_noise_raw/weak_20260630_103815_000050.jpg,images_weak_noise_raw,179,16,model,2,unripe,0.240777,noise,noise,weak/noise conf 0.24<0.85,,2,unripe,2,unripe,,,False,,,False,,0.714286,1920.0,1942.53186,0.0,0.0,0.0,1.0,1182.023438,33.765625,42.914062,45.265625,False,,,,,,,,,,,,,,,
session_20260630_103628,images_weak_noise_raw/weak_20260630_103815_000050.jpg,images_weak_noise_raw,179,17,model,2,unripe,0.216674,noise,noise,weak/noise conf 0.22<0.85,,2,unripe,2,unripe,,,False,,,False,,0.805556,1856.0,1618.331177,0.0,0.0,0.0,1.0,1025.125,182.617188,43.363281,37.320312,False,,,,,,,,,,,,,,,
session_20260630_103628,images_weak_noise_raw/weak_20260630_103815_000050.jpg,images_weak_noise_raw,179,18,model,1,ripe,0.174975,noise,noise,weak/noise conf 0.17<0.80,,1,ripe,1,ripe,,,False,,,False,,0.54321,2816.0,4032.082031,0.909091,0.090909,1.0,0.0,379.53125,327.28125,65.296875,61.75,False,,,,,,,,,,,,,,,
session_20260630_103628,images_weak_noise_raw/weak_20260630_103815_000050.jpg,images_weak_noise_raw,179,19,model,2,unripe,0.17385,noise,noise,weak/noise conf 0.17<0.85 bad_color gy=0.00,,2,unripe,2,unripe,,,False,,,False,,0.518519,2688.0,3836.34082,0.904762,0.095238,1.0,0.0,380.203125,327.351562,63.484375,60.429688,False,,,,,,,,,,,,,,,
session_20260630_103628,images_weak_noise_raw/weak_20260630_103815_000050.jpg,images_weak_noise_raw,179,20,model,2,unripe,0.158693,noise,noise,weak/noise conf 0.16<0.85,,2,unripe,2,unripe,,,False,,,False,,0.696429,2496.0,2836.979492,0.589744,0.282051,0.871795,0.25641,570.40625,401.21875,54.3125,52.234375,False,,,,,,,,,,,,,,,
session_20260630_103628,images_weak_noise_raw/weak_20260630_103816_000051.jpg,images_weak_noise_raw,180,0,model,2,unripe,0.823327,weak,review,weak/noise conf 0.82<0.85,near_threshold_unripe_color_mask_support,2,unripe,2,unripe,,,False,,,True,near_threshold_unripe_color_mask_support,0.530864,2752.0,3566.553955,0.0,0.0,0.0,1.0,767.5,574.453125,61.015625,58.453125,False,,,,,,,,,,,,,,,
session_20260630_103628,images_weak_noise_raw/weak_20260630_103816_000051.jpg,images_weak_noise_raw,180,1,model,3,unripe bunch,0.767687,weak,weak,weak/noise tomatoes_inside 0<2,,3,unripe bunch,3,unripe bunch,,,False,,,False,,0.1125,5184.0,40929.183594,0.0,0.0,0.0,1.0,764.84375,463.125,181.78125,225.15625,False,,,,,,,,,,,,,,,
session_20260630_103628,images_weak_noise_raw/weak_20260630_103816_000051.jpg,images_weak_noise_raw,180,2,model,2,unripe,0.756356,weak,weak,weak/noise conf 0.76<0.85,,2,unripe,2,unripe,,,False,,,False,,0.648148,2240.0,2194.475098,0.0,0.0,0.0,1.0,774.4375,535.140625,57.796875,37.96875,False,,,,,,,,,,,,,,,
session_20260630_103628,images_weak_noise_raw/weak_20260630_103816_000051.jpg,images_weak_noise_raw,180,3,model,2,unripe,0.721743,weak,weak,weak/noise conf 0.72<0.85,,2,unripe,2,unripe,,,False,,,False,,0.777778,1792.0,1644.078125,0.0,0.0,0.0,1.0,835.125,502.46875,43.0,38.234375,False,,,,,,,,,,,,,,,
session_20260630_103628,images_weak_noise_raw/weak_20260630_103816_000051.jpg,images_weak_noise_raw,180,4,model,3,unripe bunch,0.719384,weak,weak,weak/noise tomatoes_inside 0<2,,3,unripe bunch,3,unripe bunch,,,False,,,False,,0.098684,2733.75,24530.867188,0.0,0.0,0.0,1.0,766.683594,496.273438,118.546875,206.929688,False,,,,,,,,,,,,,,,
session_20260630_103628,images_weak_noise_raw/weak_20260630_103816_000051.jpg,images_weak_noise_raw,180,5,model,2,unripe,0.679178,weak,weak,weak/noise conf 0.68<0.85,,2,unripe,2,unripe,,,False,,,False,,0.75,1728.0,1396.737671,0.0,0.461538,0.461538,0.923077,1077.859375,502.304688,39.078125,35.742188,False,,,,,,,,,,,,,,,
session_20260630_103628,images_weak_noise_raw/weak_20260630_103816_000051.jpg,images_weak_noise_raw,180,6,model,3,unripe bunch,0.593609,weak,weak,weak/noise conf 0.59<0.70 low_bunch_density tomatoes_inside 0<2,,3,unripe bunch,3,unripe bunch,,,False,,,False,,0.053333,3827.25,67889.015625,0.0,0.0,0.0,1.0,768.001953,481.929688,298.107422,227.733398,False,,,,,,,,,,,,,,,
session_20260630_103628,images_weak_noise_raw/weak_20260630_103816_000051.jpg,images_weak_noise_raw,180,7,model,2,unripe,0.581303,weak,color_corrected,weak/noise conf 0.58<0.85,unripe_to_ripe_by_mask_color,2,unripe,1,ripe,1,ripe,True,unripe_to_ripe_by_mask_color,0.545455,False,,0.916667,1408.0,1239.200317,0.363636,0.454545,0.818182,0.272727,811.445312,648.832031,42.101562,29.433594,False,,,,,,,,,,,,,,,
session_20260630_103628,images_weak_noise_raw/weak_20260630_103816_000051.jpg,images_weak_noise_raw,180,8,model,2,unripe,0.416797,weak,weak,weak/noise conf 0.42<0.85,,2,unripe,2,unripe,,,False,,,False,,0.722222,1664.0,1344.651123,0.0,0.0,0.0,1.0,756.546875,479.21875,36.109375,37.238281,False,,,,,,,,,,,,,,,
session_20260630_103628,images_weak_noise_raw/weak_20260630_103816_000051.jpg,images_weak_noise_raw,180,9,model,2,unripe,0.409221,weak,weak,weak/noise conf 0.41<0.85,,2,unripe,2,unripe,,,False,,,False,,0.628788,5312.0,6643.388672,0.0,0.814815,0.814815,0.604938,40.09375,518.53125,90.15625,73.6875,False,,,,,,,,,,,,,,,
session_20260630_103628,images_weak_noise_raw/weak_20260630_103816_000051.jpg,images_weak_noise_raw,180,10,model,2,unripe,0.29098,noise,noise,weak/noise conf 0.29<0.85,,2,unripe,2,unripe,,,False,,,False,,0.628571,1408.0,1795.487061,0.0,0.0,0.0,1.0,771.171875,633.65625,36.648438,48.992188,False,,,,,,,,,,,,,,,
session_20260630_103628,images_weak_noise_raw/weak_20260630_103816_000051.jpg,images_weak_noise_raw,180,11,model,2,unripe,0.280616,noise,noise,weak/noise conf 0.28<0.85,,2,unripe,2,unripe,,,False,,,False,,0.642857,1728.0,1976.25,0.0,0.0,0.0,1.0,788.09375,459.484375,49.40625,40.0,False,,,,,,,,,,,,,,,
session_20260630_103628,images_weak_noise_raw/weak_20260630_103816_000051.jpg,images_weak_noise_raw,180,12,model,2,unripe,0.2227,noise,noise,weak/noise conf 0.22<0.85,,2,unripe,2,unripe,,,False,,,False,,0.583333,1344.0,1360.584229,0.0,0.0,0.0,1.0,438.15625,569.765625,35.296875,38.546875,False,,,,,,,,,,,,,,,
session_20260630_103628,images_weak_noise_raw/weak_20260630_103818_000052.jpg,images_weak_noise_raw,181,0,model,2,unripe,0.723309,weak,weak,weak/noise conf 0.72<0.85,,2,unripe,2,unripe,,,False,,,False,,0.65625,2688.0,3195.870605,0.0,0.0,0.0,1.0,345.546875,366.09375,59.40625,53.796875,False,,,,,,,,,,,,,,,
session_20260630_103628,images_weak_noise_raw/weak_20260630_103818_000052.jpg,images_weak_noise_raw,181,1,model,2,unripe,0.640635,weak,weak,weak/noise conf 0.64<0.85,,2,unripe,2,unripe,,,False,,,False,,0.59375,2432.0,2834.400146,0.0,0.0,0.0,1.0,638.625,251.46875,52.171875,54.328125,False,,,,,,,,,,,,,,,
session_20260630_103628,images_weak_noise_raw/weak_20260630_103818_000052.jpg,images_weak_noise_raw,181,2,model,2,unripe,0.603932,weak,weak,weak/noise conf 0.60<0.85,,2,unripe,2,unripe,,,False,,,False,,0.580247,3008.0,3990.638428,0.0,0.0,0.0,1.0,369.359375,413.3125,64.609375,61.765625,False,,,,,,,,,,,,,,,
session_20260630_103628,images_weak_noise_raw/weak_20260630_103818_000052.jpg,images_weak_noise_raw,181,3,model,2,unripe,0.542863,weak,weak,weak/noise conf 0.54<0.85,,2,unripe,2,unripe,,,False,,,False,,0.714286,2560.0,2631.831543,0.0,0.0,0.0,1.0,324.96875,398.46875,47.648438,55.234375,False,,,,,,,,,,,,,,,
session_20260630_103628,images_weak_noise_raw/weak_20260630_103818_000052.jpg,images_weak_noise_raw,181,4,model,2,unripe,0.211417,noise,noise,weak/noise conf 0.21<0.85,,2,unripe,2,unripe,,,False,,,False,,0.722222,3328.0,3703.321289,0.0,0.0,0.0,1.0,591.9375,360.03125,58.40625,63.40625,False,,,,,,,,,,,,,,,
session_20260630_103628,images_weak_noise_raw/weak_20260630_103819_000053.jpg,images_weak_noise_raw,182,0,model,2,unripe,0.717012,weak,weak,weak/noise conf 0.72<0.85 roi,,2,unripe,2,unripe,,,False,,,False,,0.785714,2816.0,2959.48584,0.0,0.0,0.0,1.0,643.65625,666.5625,57.640625,51.34375,False,,,,,,,,,,,,,,,
session_20260630_103628,images_weak_noise_raw/weak_20260630_103819_000053.jpg,images_weak_noise_raw,182,1,model,2,unripe,0.647798,weak,weak,weak/noise conf 0.65<0.85,,2,unripe,2,unripe,,,False,,,False,,0.625,3200.0,3635.278564,0.0,0.0,0.0,1.0,622.84375,593.703125,50.109375,72.546875,False,,,,,,,,,,,,,,,
session_20260630_103628,images_weak_noise_raw/weak_20260630_103819_000053.jpg,images_weak_noise_raw,182,2,model,3,unripe bunch,0.31658,weak,weak,weak/noise conf 0.32<0.70 tomatoes_inside 0<2,,3,unripe bunch,3,unripe bunch,,,False,,,False,,0.153846,1920.0,11488.470703,0.0,0.0,0.0,1.0,616.75,602.875,100.28125,114.5625,False,,,,,,,,,,,,,,,
session_20260630_103628,images_weak_noise_raw/weak_20260630_103821_000054.jpg,images_weak_noise_raw,183,0,model,3,unripe bunch,0.57081,weak,weak,weak/noise conf 0.57<0.70 low_bunch_density tomatoes_inside 0<2,,3,unripe bunch,3,unripe bunch,,,False,,,False,,0.053872,4096.0,72505.734375,0.0,0.0,0.0,1.0,339.875,162.5,208.875,347.125,False,,,,,,,,,,,,,,,
session_20260630_103628,images_weak_noise_raw/weak_20260630_103821_000054.jpg,images_weak_noise_raw,183,1,model,2,unripe,0.503906,weak,weak,weak/noise conf 0.50<0.85,,2,unripe,2,unripe,,,False,,,False,,0.595238,1600.0,1690.875,0.0,0.0,0.0,1.0,491.0,367.1875,40.5,41.75,False,,,,,,,,,,,,,,,
session_20260630_103628,images_weak_noise_raw/weak_20260630_103821_000054.jpg,images_weak_noise_raw,183,2,model,3,unripe bunch,0.424412,weak,weak,weak/noise conf 0.42<0.70 low_bunch_density tomatoes_inside 0<2,,3,unripe bunch,3,unripe bunch,,,False,,,False,,0.030462,1856.0,54635.445312,0.0,0.0,0.0,1.0,447.4375,301.0,257.5625,212.125,False,,,,,,,,,,,,,,,
session_20260630_103628,images_weak_noise_raw/weak_20260630_103821_000054.jpg,images_weak_noise_raw,183,3,model,2,unripe,0.183009,noise,noise,weak/noise conf 0.18<0.85,,2,unripe,2,unripe,,,False,,,False,,0.72,1152.0,1122.700317,0.0,0.0,0.0,1.0,519.59375,449.3125,32.351562,34.703125,False,,,,,,,,,,,,,,,
session_20260630_103628,images_weak_noise_raw/weak_20260630_103821_000054.jpg,images_weak_noise_raw,183,4,model,2,unripe,0.160265,noise,noise,weak/noise conf 0.16<0.85,,2,unripe,2,unripe,,,False,,,False,,0.694444,1600.0,1623.993408,0.0,0.0,0.0,1.0,529.738281,392.085938,39.511719,41.101562,False,,,,,,,,,,,,,,,
session_20260630_103628,images_weak_noise_raw/weak_20260630_103822_000055.jpg,images_weak_noise_raw,184,0,model,3,unripe bunch,0.725648,weak,weak,weak/noise tomatoes_inside 0<2,,3,unripe bunch,3,unripe bunch,,,False,,,False,,0.069841,7040.0,96336.914062,0.0,0.023256,0.023256,1.0,864.9375,155.125,272.8125,353.125,False,,,,,,,,,,,,,,,
session_20260630_103628,images_weak_noise_raw/weak_20260630_103822_000055.jpg,images_weak_noise_raw,184,1,model,2,unripe,0.690977,weak,weak,weak/noise conf 0.69<0.85,,2,unripe,2,unripe,,,False,,,False,,0.694444,1600.0,1746.035156,0.0,0.0,0.0,1.0,1000.171875,362.875,41.25,42.328125,False,,,,,,,,,,,,,,,
session_20260630_103628,images_weak_noise_raw/weak_20260630_103822_000055.jpg,images_weak_noise_raw,184,2,model,2,unripe,0.540924,weak,weak,weak/noise conf 0.54<0.85 roi,,2,unripe,2,unripe,,,False,,,False,,0.777778,3136.0,3433.19458,0.0,0.0,0.0,1.0,77.90625,665.5,64.21875,53.460938,False,,,,,,,,,,,,,,,
session_20260630_103628,images_weak_noise_raw/weak_20260630_103822_000055.jpg,images_weak_noise_raw,184,3,model,2,unripe,0.527317,weak,weak,weak/noise conf 0.53<0.85,,2,unripe,2,unripe,,,False,,,False,,0.742857,1664.0,1575.439453,0.0,0.0,0.0,1.0,1042.484375,391.9375,37.34375,42.1875,False,,,,,,,,,,,,,,,
session_20260630_103628,images_weak_noise_raw/weak_20260630_103822_000055.jpg,images_weak_noise_raw,184,4,model,2,unripe,0.424412,weak,weak,weak/noise conf 0.42<0.85,,2,unripe,2,unripe,,,False,,,False,,0.732143,2624.0,2954.749512,0.0,0.0,0.0,1.0,864.1875,238.59375,52.390625,56.398438,False,,,,,,,,,,,,,,,
session_20260630_103628,images_weak_noise_raw/weak_20260630_103822_000055.jpg,images_weak_noise_raw,184,5,model,2,unripe,0.420599,weak,weak,weak/noise conf 0.42<0.85,,2,unripe,2,unripe,,,False,,,False,,0.671429,3008.0,3928.039062,0.0,0.0,0.0,1.0,56.1875,601.34375,54.25,72.40625,False,,,,,,,,,,,,,,,
session_20260630_103628,images_weak_noise_raw/weak_20260630_103822_000055.jpg,images_weak_noise_raw,184,6,model,2,unripe,0.379378,weak,weak,weak/noise conf 0.38<0.85,,2,unripe,2,unripe,,,False,,,False,,0.78125,3200.0,3105.087891,0.0,0.0,0.0,1.0,882.4375,295.3125,56.328125,55.125,False,,,,,,,,,,,,,,,
session_20260630_103628,images_weak_noise_raw/weak_20260630_103822_000055.jpg,images_weak_noise_raw,184,7,model,2,unripe,0.357568,weak,weak,weak/noise conf 0.36<0.85,,2,unripe,2,unripe,,,False,,,False,,0.678571,2432.0,2740.046387,0.0,0.0,0.0,1.0,942.375,265.34375,48.203125,56.84375,False,,,,,,,,,,,,,,,
session_20260630_103628,images_weak_noise_raw/weak_20260630_103822_000055.jpg,images_weak_noise_raw,184,8,model,2,unripe,0.26588,noise,noise,weak/noise conf 0.27<0.85,,2,unripe,2,unripe,,,False,,,False,,0.666667,1280.0,1358.182861,0.0,0.0,0.0,1.0,1064.03125,463.6875,37.515625,36.203125,False,,,,,,,,,,,,,,,
session_20260630_103628,images_weak_noise_raw/weak_20260630_103822_000055.jpg,images_weak_noise_raw,184,9,model,2,unripe,0.241491,noise,noise,weak/noise conf 0.24<0.85,,2,unripe,2,unripe,,,False,,,False,,0.571429,2048.0,2384.326172,0.0,0.0,0.0,1.0,957.6875,335.03125,48.046875,49.625,False,,,,,,,,,,,,,,,
session_20260630_103628,images_weak_noise_raw/weak_20260630_103822_000055.jpg,images_weak_noise_raw,184,10,model,2,unripe,0.172174,noise,noise,weak/noise conf 0.17<0.85,,2,unripe,2,unripe,,,False,,,False,,0.81,5184.0,5205.527344,0.0,0.0,0.0,1.0,373.28125,641.96875,68.4375,76.0625,False,,,,,,,,,,,,,,,
session_20260630_103628,images_weak_noise_raw/weak_20260630_103822_000055.jpg,images_weak_noise_raw,184,11,model,2,unripe,0.171063,noise,noise,weak/noise conf 0.17<0.85,,2,unripe,2,unripe,,,False,,,False,,0.583333,1344.0,1359.16748,0.0,0.055556,0.055556,1.0,1028.734375,439.398438,35.9375,37.820312,False,,,,,,,,,,,,,,,
session_20260630_103628,images_weak_noise_raw/weak_20260630_103824_000056.jpg,images_weak_noise_raw,185,0,model,2,unripe,0.754914,weak,weak,weak/noise conf 0.75<0.85,,2,unripe,2,unripe,,,False,,,False,,0.591837,1856.0,1968.941406,0.0,0.0,0.0,1.0,229.015625,597.476562,45.5,43.273438,False,,,,,,,,,,,,,,,
session_20260630_103628,images_weak_noise_raw/weak_20260630_103824_000056.jpg,images_weak_noise_raw,185,1,model,3,unripe bunch,0.734882,weak,weak,weak/noise small_bunch_mask low_bunch_density bad_color gy=0.00 tomatoes_inside 0<2,,3,unripe bunch,3,unripe bunch,,,False,,,False,,0.0,0.0,8605.984375,0.0,0.0,0.0,0.0,579.78125,623.4375,96.15625,89.5,False,,,,,,,,,,,,,,,
session_20260630_103628,images_weak_noise_raw/weak_20260630_103824_000056.jpg,images_weak_noise_raw,185,2,model,1,ripe,0.73412,weak,weak,weak/noise conf 0.73<0.80,,1,ripe,1,ripe,,,False,,,False,,0.749164,14336.0,17855.847656,0.919431,0.033175,0.952607,0.009479,953.6875,0.34375,179.625,99.40625,False,,,,,,,,,,,,,,,
session_20260630_103628,images_weak_noise_raw/weak_20260630_103824_000056.jpg,images_weak_noise_raw,185,3,model,2,unripe,0.680879,weak,weak,weak/noise conf 0.68<0.85,,2,unripe,2,unripe,,,False,,,False,,0.8,1536.0,1625.926758,0.0,0.0,0.0,1.0,176.921875,506.125,35.75,45.480469,False,,,,,,,,,,,,,,,
session_20260630_103628,images_weak_noise_raw/weak_20260630_103824_000056.jpg,images_weak_noise_raw,185,4,model,3,unripe bunch,0.652241,noise,noise,weak/noise conf 0.65<0.70 small_bunch_mask low_bunch_density bad_color gy=0.00 tomatoes_inside 0<2,,3,unripe bunch,3,unripe bunch,,,False,,,False,,0.007673,84.468864,9783.032227,0.0,0.0,0.0,0.0,587.967529,597.513794,83.117432,117.701324,False,,,,,,,,,,,,,,,
session_20260630_103628,images_weak_noise_raw/weak_20260630_103824_000056.jpg,images_weak_noise_raw,185,5,model,2,unripe,0.631595,weak,weak,weak/noise conf 0.63<0.85,,2,unripe,2,unripe,,,False,,,False,,0.828571,1856.0,1792.306396,0.0,0.0,0.0,1.0,192.03125,549.460938,37.726562,47.507812,False,,,,,,,,,,,,,,,
session_20260630_103628,images_weak_noise_raw/weak_20260630_103824_000056.jpg,images_weak_noise_raw,185,6,model,2,unripe,0.542863,weak,color_corrected,weak/noise conf 0.54<0.85 bad_color gy=0.00,unripe_to_ripe_by_mask_color,2,unripe,1,ripe,1,ripe,True,unripe_to_ripe_by_mask_color,1.0,False,,0.666667,1792.0,2112.075684,0.962963,0.037037,1.0,0.0,588.0,659.296875,48.78125,43.296875,False,,,,,,,,,,,,,,,
session_20260630_103628,images_weak_noise_raw/weak_20260630_103824_000056.jpg,images_weak_noise_raw,185,7,model,2,unripe,0.511717,weak,weak,weak/noise conf 0.51<0.85 roi,,2,unripe,2,unripe,,,False,,,False,,0.75,1536.0,1483.391602,0.5,0.5,1.0,0.083333,622.6875,690.875,52.875,28.054688,False,,,,,,,,,,,,,,,
session_20260630_103628,images_weak_noise_raw/weak_20260630_103824_000056.jpg,images_weak_noise_raw,185,8,model,3,unripe bunch,0.496094,weak,weak,weak/noise conf 0.50<0.70 tomatoes_inside 0<2,,3,unripe bunch,3,unripe bunch,,,False,,,False,,0.100649,1984.0,18900.679688,0.0,0.0,0.0,1.0,178.59375,464.9375,108.46875,174.25,False,,,,,,,,,,,,,,,
session_20260630_103628,images_weak_noise_raw/weak_20260630_103824_000056.jpg,images_weak_noise_raw,185,9,model,2,unripe,0.418697,weak,weak,weak/noise conf 0.42<0.85 bad_color gy=0.03,,2,unripe,2,unripe,,,False,,,False,,0.6875,2112.0,2209.562012,0.909091,0.030303,0.939394,0.030303,619.9375,604.4375,54.890625,40.253906,False,,,,,,,,,,,,,,,
session_20260630_103628,images_weak_noise_raw/weak_20260630_103826_000057.jpg,images_weak_noise_raw,186,0,model,3,unripe bunch,0.741675,weak,weak,weak/noise small_bunch_mask low_bunch_density bad_color gy=0.00 tomatoes_inside 0<2,,3,unripe bunch,3,unripe bunch,,,False,,,False,,0.0,0.0,8246.645508,0.0,0.0,0.0,0.0,574.6875,627.15625,93.28125,88.40625,False,,,,,,,,,,,,,,,
session_20260630_103628,images_weak_noise_raw/weak_20260630_103826_000057.jpg,images_weak_noise_raw,186,1,model,2,unripe,0.727975,weak,weak,weak/noise conf 0.73<0.85,,2,unripe,2,unripe,,,False,,,False,,0.673469,2112.0,2110.389404,0.0,0.09375,0.09375,1.0,166.53125,611.617188,45.46875,46.414062,False,,,,,,,,,,,,,,,
session_20260630_103628,images_weak_noise_raw/weak_20260630_103826_000057.jpg,images_weak_noise_raw,186,2,model,2,unripe,0.656659,weak,weak,weak/noise conf 0.66<0.85 roi bad_color gy=0.00,,2,unripe,2,unripe,,,False,,,False,,0.591837,1856.0,2281.066895,0.965517,0.034483,1.0,0.0,569.78125,670.015625,51.953125,43.90625,False,,,,,,,,,,,,,,,
session_20260630_103628,images_weak_noise_raw/weak_20260630_103826_000057.jpg,images_weak_noise_raw,186,3,model,2,unripe,0.651354,weak,weak,weak/noise conf 0.65<0.85,,2,unripe,2,unripe,,,False,,,False,,0.642857,1728.0,1716.256714,0.0,0.0,0.0,1.0,683.507812,311.890625,46.054688,37.265625,False,,,,,,,,,,,,,,,
session_20260630_103628,images_weak_noise_raw/weak_20260630_103826_000057.jpg,images_weak_noise_raw,186,4,model,2,unripe,0.651354,weak,weak,weak/noise conf 0.65<0.85,,2,unripe,2,unripe,,,False,,,False,,0.625,1920.0,1829.87793,0.0,0.0,0.0,1.0,110.4375,511.96875,37.296875,49.0625,False,,,,,,,,,,,,,,,
session_20260630_103628,images_weak_noise_raw/weak_20260630_103826_000057.jpg,images_weak_noise_raw,186,5,model,2,unripe,0.633411,weak,weak,weak/noise conf 0.63<0.85,,2,unripe,2,unripe,,,False,,,False,,0.714286,1920.0,2009.856812,0.0,0.0,0.0,1.0,123.34375,562.632812,42.015625,47.835938,False,,,,,,,,,,,,,,,
session_20260630_103628,images_weak_noise_raw/weak_20260630_103826_000057.jpg,images_weak_noise_raw,186,6,model,2,unripe,0.61878,weak,weak,weak/noise conf 0.62<0.85,,2,unripe,2,unripe,,,False,,,False,,0.638889,1472.0,1243.515991,0.0,0.0,0.0,1.0,671.476562,276.515625,33.851562,36.734375,False,,,,,,,,,,,,,,,
session_20260630_103628,images_weak_noise_raw/weak_20260630_103826_000057.jpg,images_weak_noise_raw,186,7,model,2,unripe,0.424412,weak,weak,weak/noise conf 0.42<0.85 bad_color gy=0.00,,2,unripe,2,unripe,,,False,,,False,,0.729167,2240.0,2367.661133,0.969697,0.0,0.969697,0.0,602.734375,615.125,57.96875,40.84375,False,,,,,,,,,,,,,,,
session_20260630_103628,images_weak_noise_raw/weak_20260630_103826_000057.jpg,images_weak_noise_raw,186,8,model,2,unripe,0.403567,weak,weak,weak/noise conf 0.40<0.85 roi bad_color gy=0.08,,2,unripe,2,unripe,,,False,,,False,,0.809524,1088.0,782.278381,0.692308,0.307692,1.0,0.076923,612.40625,702.597656,49.484375,15.808594,False,,,,,,,,,,,,,,,
session_20260630_103628,images_weak_noise_raw/weak_20260630_103826_000057.jpg,images_weak_noise_raw,186,9,model,3,unripe bunch,0.385837,weak,weak,weak/noise conf 0.39<0.70 tomatoes_inside 0<2,,3,unripe bunch,3,unripe bunch,,,False,,,False,,0.255102,4800.0,17055.787109,0.0,0.014925,0.014925,0.985075,657.125,224.65625,106.453125,160.21875,False,,,,,,,,,,,,,,,
session_20260630_103628,images_weak_noise_raw/weak_20260630_103826_000057.jpg,images_weak_noise_raw,186,10,model,1,ripe,0.325092,weak,weak,weak/noise conf 0.33<0.80,,1,ripe,1,ripe,,,False,,,False,,0.735931,10880.0,13259.025391,0.90566,0.031447,0.937107,0.018868,971.0625,1.375,163.03125,81.328125,False,,,,,,,,,,,,,,,
session_20260630_103628,images_weak_noise_raw/weak_20260630_103826_000057.jpg,images_weak_noise_raw,186,11,model,2,unripe,0.29747,noise,noise,weak/noise conf 0.30<0.85,,2,unripe,2,unripe,,,False,,,False,,0.875,896.0,849.544922,0.0,0.0,0.0,1.0,753.734375,353.140625,29.808594,28.5,False,,,,,,,,,,,,,,,
session_20260630_103628,images_weak_noise_raw/weak_20260630_103826_000057.jpg,images_weak_noise_raw,186,12,model,3,unripe bunch,0.212722,noise,noise,weak/noise conf 0.21<0.70 tomatoes_inside 0<2,,3,unripe bunch,3,unripe bunch,,,False,,,False,,0.103806,1920.0,16759.669922,0.0,0.0,0.0,1.0,93.1875,529.6875,128.25,130.679688,False,,,,,,,,,,,,,,,
session_20260630_103628,images_weak_noise_raw/weak_20260630_103826_000057.jpg,images_weak_noise_raw,186,13,model,2,unripe,0.194367,noise,noise,weak/noise conf 0.19<0.85 roi bad_color gy=0.04,,2,unripe,2,unripe,,,False,,,False,,0.62963,2176.0,2539.6604,0.851852,0.148148,1.0,0.037037,596.59375,679.984375,66.207031,38.359375,False,,,,,,,,,,,,,,,
session_20260630_103628,images_weak_noise_raw/weak_20260630_103827_000058.jpg,images_weak_noise_raw,187,0,model,2,unripe,0.611382,weak,weak,weak/noise conf 0.61<0.85,,2,unripe,2,unripe,,,False,,,False,,0.7,1344.0,1479.023438,0.0,0.0,0.0,1.0,565.578125,280.375,37.5625,39.375,False,,,,,,,,,,,,,,,
session_20260630_103628,images_weak_noise_raw/weak_20260630_103827_000058.jpg,images_weak_noise_raw,187,1,model,2,unripe,0.558327,weak,weak,weak/noise conf 0.56<0.85 roi bad_color gy=0.00,,2,unripe,2,unripe,,,False,,,False,,0.814815,2816.0,2966.25415,0.931818,0.068182,1.0,0.0,452.09375,673.929688,66.273438,44.757812,False,,,,,,,,,,,,,,,
session_20260630_103628,images_weak_noise_raw/weak_20260630_103827_000058.jpg,images_weak_noise_raw,187,2,model,3,unripe bunch,0.548674,weak,weak,weak/noise conf 0.55<0.70 roi small_bunch_mask low_bunch_density bad_color gy=0.00 tomatoes_inside 0<2,,3,unripe bunch,3,unripe bunch,,,False,,,False,,0.0,0.0,3107.826904,0.0,0.0,0.0,0.0,455.453125,670.71875,63.359375,49.050781,False,,,,,,,,,,,,,,,
session_20260630_103628,images_weak_noise_raw/weak_20260630_103827_000058.jpg,images_weak_noise_raw,187,3,model,3,unripe bunch,0.52829,weak,weak,weak/noise conf 0.53<0.70 small_bunch_mask low_bunch_density tomatoes_inside 0<2,,3,unripe bunch,3,unripe bunch,,,False,,,False,,0.027273,576.0,19592.935547,0.0,0.0,0.0,1.0,558.34375,248.945312,112.40625,174.304688,False,,,,,,,,,,,,,,,
session_20260630_103628,images_weak_noise_raw/weak_20260630_103827_000058.jpg,images_weak_noise_raw,187,4,model,2,unripe,0.464901,weak,weak,weak/noise conf 0.46<0.85,,2,unripe,2,unripe,,,False,,,False,,0.7,1344.0,1322.334229,0.0,0.0,0.0,1.0,605.359375,368.3125,35.648438,37.09375,False,,,,,,,,,,,,,,,
session_20260630_103628,images_weak_noise_raw/weak_20260630_103827_000058.jpg,images_weak_noise_raw,187,5,model,2,unripe,0.433981,weak,weak,weak/noise conf 0.43<0.85,,2,unripe,2,unripe,,,False,,,False,,0.8,1792.0,1755.498413,0.0,0.153846,0.153846,1.0,614.09375,256.695312,46.609375,37.664062,False,,,,,,,,,,,,,,,
session_20260630_103628,images_weak_noise_raw/weak_20260630_103827_000058.jpg,images_weak_noise_raw,187,6,model,2,unripe,0.345105,weak,weak,weak/noise conf 0.35<0.85,,2,unripe,2,unripe,,,False,,,False,,0.8,1024.0,936.816467,0.0,0.0,0.0,1.0,688.265625,380.652344,29.386719,31.878906,False,,,,,,,,,,,,,,,
session_20260630_103628,images_weak_noise_raw/weak_20260630_103827_000058.jpg,images_weak_noise_raw,187,7,model,2,unripe,0.309023,weak,weak,weak/noise conf 0.31<0.85,,2,unripe,2,unripe,,,False,,,False,,0.6,1152.0,1176.500732,0.0,0.0,0.0,1.0,658.453125,359.601562,34.09375,34.507812,False,,,,,,,,,,,,,,,
session_20260630_103628,images_weak_noise_raw/weak_20260630_103827_000058.jpg,images_weak_noise_raw,187,8,model,2,unripe,0.272799,noise,noise,weak/noise conf 0.27<0.85,,2,unripe,2,unripe,,,False,,,False,,0.694444,1600.0,1465.783081,0.0,0.0,0.0,1.0,621.375,299.609375,37.539062,39.046875,False,,,,,,,,,,,,,,,
session_20260630_103628,images_weak_noise_raw/weak_20260630_103827_000058.jpg,images_weak_noise_raw,187,9,model,1,ripe,0.198685,noise,noise,weak/noise conf 0.20<0.80,,1,ripe,1,ripe,,,False,,,False,,0.669565,9856.0,12825.330078,0.932886,0.013423,0.946309,0.0,915.625,1.515625,173.71875,73.828125,False,,,,,,,,,,,,,,,
session_20260630_103628,images_weak_noise_raw/weak_20260630_103827_000058.jpg,images_weak_noise_raw,187,10,model,2,unripe,0.157135,noise,noise,weak/noise conf 0.16<0.85,,2,unripe,2,unripe,,,False,,,False,,0.733333,1408.0,1109.206055,0.0,0.0,0.0,1.0,581.6875,318.25,32.59375,34.03125,False,,,,,,,,,,,,,,,
session_20260630_103628,images_weak_noise_raw/weak_20260630_103829_000059.jpg,images_weak_noise_raw,188,0,model,2,unripe,0.717012,weak,weak,weak/noise conf 0.72<0.85,,2,unripe,2,unripe,,,False,,,False,,0.642857,1728.0,1977.018311,0.0,0.0,0.0,1.0,559.34375,234.140625,45.140625,43.796875,False,,,,,,,,,,,,,,,
session_20260630_103628,images_weak_noise_raw/weak_20260630_103829_000059.jpg,images_weak_noise_raw,188,1,model,3,unripe bunch,0.704974,weak,weak,weak/noise tomatoes_inside 0<2,,3,unripe bunch,3,unripe bunch,,,False,,,False,,0.08371,2368.0,25603.994141,0.0,0.0,0.0,1.0,569.96875,178.671875,126.46875,202.453125,False,,,,,,,,,,,,,,,
session_20260630_103628,images_weak_noise_raw/weak_20260630_103829_000059.jpg,images_weak_noise_raw,188,2,model,2,unripe,0.598312,weak,weak,weak/noise conf 0.60<0.85,,2,unripe,2,unripe,,,False,,,False,,0.619048,2496.0,2719.064209,0.0,0.0,0.0,1.0,623.09375,255.71875,61.15625,44.460938,False,,,,,,,,,,,,,,,
session_20260630_103628,images_weak_noise_raw/weak_20260630_103829_000059.jpg,images_weak_noise_raw,188,3,model,2,unripe,0.571766,weak,weak,weak/noise conf 0.57<0.85,,2,unripe,2,unripe,,,False,,,False,,0.68,1088.0,949.601318,0.0,0.0,0.0,1.0,706.25,343.109375,31.039062,30.59375,False,,,,,,,,,,,,,,,
session_20260630_103628,images_weak_noise_raw/weak_20260630_103829_000059.jpg,images_weak_noise_raw,188,4,model,2,unripe,0.55254,weak,weak,weak/noise conf 0.55<0.85,,2,unripe,2,unripe,,,False,,,False,,0.7,1344.0,1265.861084,0.0,0.0,0.0,1.0,608.734375,330.535156,33.453125,37.839844,False,,,,,,,,,,,,,,,
session_20260630_103628,images_weak_noise_raw/weak_20260630_103829_000059.jpg,images_weak_noise_raw,188,5,model,2,unripe,0.52342,weak,weak,weak/noise conf 0.52<0.85,,2,unripe,2,unripe,,,False,,,False,,0.708333,2176.0,2257.335449,0.0,0.242424,0.242424,0.969697,615.125,204.75,53.546875,42.15625,False,,,,,,,,,,,,,,,
session_20260630_103628,images_weak_noise_raw/weak_20260630_103829_000059.jpg,images_weak_noise_raw,188,6,model,2,unripe,0.488283,weak,weak,weak/noise conf 0.49<0.85,,2,unripe,2,unripe,,,False,,,False,,0.85,1088.0,773.436035,0.0,0.0,0.0,1.0,683.984375,325.234375,26.34375,29.359375,False,,,,,,,,,,,,,,,
session_20260630_103628,images_weak_noise_raw/weak_20260630_103829_000059.jpg,images_weak_noise_raw,188,7,model,2,unripe,0.373875,weak,weak,weak/noise conf 0.37<0.85,,2,unripe,2,unripe,,,False,,,False,,0.777778,1792.0,1556.366089,0.0,0.0,0.0,1.0,641.191406,305.125,39.621094,39.28125,False,,,,,,,,,,,,,,,
session_20260630_103628,images_weak_noise_raw/weak_20260630_103829_000059.jpg,images_weak_noise_raw,188,8,model,2,unripe,0.349532,weak,weak,weak/noise conf 0.35<0.85 bad_color gy=0.00,,2,unripe,2,unripe,,,False,,,False,,0.85,1088.0,988.017334,0.9375,0.0,0.9375,0.0,520.835938,547.09375,30.890625,31.984375,False,,,,,,,,,,,,,,,
session_20260630_103628,images_weak_noise_raw/weak_20260630_103829_000059.jpg,images_weak_noise_raw,188,9,model,1,ripe,0.256831,noise,noise,weak/noise conf 0.26<0.80 roi,,1,ripe,1,ripe,,,False,,,False,,0.555556,960.0,1077.733887,1.0,0.0,1.0,0.0,398.21875,703.318359,65.09375,16.556641,False,,,,,,,,,,,,,,,
session_20260630_103628,images_weak_noise_raw/weak_20260630_103829_000059.jpg,images_weak_noise_raw,188,10,model,1,ripe,0.240777,noise,noise,weak/noise conf 0.24<0.80,,1,ripe,1,ripe,,,False,,,False,,0.666667,1536.0,1544.209229,0.909091,0.045455,0.954545,0.045455,462.125,509.546875,39.484375,39.109375,False,,,,,,,,,,,,,,,
session_20260630_103628,images_weak_noise_raw/weak_20260630_103829_000059.jpg,images_weak_noise_raw,188,11,model,2,unripe,0.182423,noise,noise,weak/noise conf 0.18<0.85 roi bad_color gy=0.00,,2,unripe,2,unripe,,,False,,,False,,0.555556,960.0,1119.451782,1.0,0.0,1.0,0.0,396.75,702.755859,65.183594,17.173828,False,,,,,,,,,,,,,,,
session_20260630_103628,images_weak_noise_raw/weak_20260630_103829_000059.jpg,images_weak_noise_raw,188,12,model,2,unripe,0.152535,noise,noise,weak/noise conf 0.15<0.85,,2,unripe,2,unripe,,,False,,,False,,0.666667,1536.0,1614.792969,0.541667,0.333333,0.875,0.291667,634.601562,165.921875,39.695312,40.679688,False,,,,,,,,,,,,,,,
session_20260630_103628,images_weak_noise_raw/weak_20260630_103830_000060.jpg,images_weak_noise_raw,189,0,model,3,unripe bunch,0.785308,weak,weak,weak/noise tomatoes_inside 0<2,,3,unripe bunch,3,unripe bunch,,,False,,,False,,0.131988,5440.0,38816.777344,0.0,0.0,0.0,1.0,558.03125,168.0,173.96875,223.125,False,,,,,,,,,,,,,,,
session_20260630_103628,images_weak_noise_raw/weak_20260630_103830_000060.jpg,images_weak_noise_raw,189,1,model,2,unripe,0.771842,weak,weak,weak/noise conf 0.77<0.85,,2,unripe,2,unripe,,,False,,,False,,0.632653,1984.0,2179.732666,0.0,0.225806,0.225806,0.967742,618.203125,205.65625,50.453125,43.203125,False,,,,,,,,,,,,,,,
session_20260630_103628,images_weak_noise_raw/weak_20260630_103830_000060.jpg,images_weak_noise_raw,189,2,model,3,unripe bunch,0.717804,weak,weak,weak/noise small_bunch_mask bad_color gy=0.00 tomatoes_inside 0<2,,3,unripe bunch,3,unripe bunch,,,False,,,False,,0.136106,1413.790283,9077.674805,0.362319,0.144928,0.507246,0.0,451.622437,501.622467,96.120056,94.44101,False,,,,,,,,,,,,,,,
session_20260630_103628,images_weak_noise_raw/weak_20260630_103830_000060.jpg,images_weak_noise_raw,189,3,model,2,unripe,0.682574,weak,weak,weak/noise conf 0.68<0.85,,2,unripe,2,unripe,,,False,,,False,,0.612245,1920.0,1970.779175,0.0,0.0,0.0,1.0,605.375,334.3125,44.703125,44.085938,False,,,,,,,,,,,,,,,
session_20260630_103628,images_weak_noise_raw/weak_20260630_103830_000060.jpg,images_weak_noise_raw,189,4,model,2,unripe,0.672331,weak,weak,weak/noise conf 0.67<0.85,,2,unripe,2,unripe,,,False,,,False,,0.591837,1856.0,1798.349854,0.0,0.0,0.0,1.0,559.1875,236.484375,41.296875,43.546875,False,,,,,,,,,,,,,,,
session_20260630_103628,images_weak_noise_raw/weak_20260630_103830_000060.jpg,images_weak_noise_raw,189,5,model,2,unripe,0.615088,weak,weak,weak/noise conf 0.62<0.85,,2,unripe,2,unripe,,,False,,,False,,0.64,1024.0,1068.310547,0.0,0.0,0.0,1.0,681.953125,329.390625,30.9375,34.53125,False,,,,,,,,,,,,,,,
session_20260630_103628,images_weak_noise_raw/weak_20260630_103830_000060.jpg,images_weak_noise_raw,189,6,model,2,unripe,0.602062,weak,color_corrected,weak/noise conf 0.60<0.85 bad_color gy=0.00,unripe_to_ripe_by_mask_color,2,unripe,1,ripe,1,ripe,True,unripe_to_ripe_by_mask_color,0.789474,False,,0.76,1216.0,1024.713501,0.789474,0.0,0.789474,0.0,470.296875,562.835938,32.203125,31.820312,False,,,,,,,,,,,,,,,
session_20260630_103628,images_weak_noise_raw/weak_20260630_103830_000060.jpg,images_weak_noise_raw,189,7,model,2,unripe,0.592667,weak,weak,weak/noise conf 0.59<0.85,,2,unripe,2,unripe,,,False,,,False,,0.9,1152.0,951.507812,0.0,0.0,0.0,1.0,707.921875,348.861328,28.0,33.982422,False,,,,,,,,,,,,,,,
session_20260630_103628,images_weak_noise_raw/weak_20260630_103830_000060.jpg,images_weak_noise_raw,189,8,model,2,unripe,0.564099,weak,weak,weak/noise conf 0.56<0.85,,2,unripe,2,unripe,,,False,,,False,,0.805556,1856.0,1736.057739,0.0,0.0,0.0,1.0,622.3125,259.070312,41.265625,42.070312,False,,,,,,,,,,,,,,,
session_20260630_103628,images_weak_noise_raw/weak_20260630_103830_000060.jpg,images_weak_noise_raw,189,9,model,2,unripe,0.542863,weak,color_corrected,weak/noise conf 0.54<0.85 bad_color gy=0.00,unripe_to_ripe_by_mask_color,2,unripe,1,ripe,1,ripe,True,unripe_to_ripe_by_mask_color,0.9,False,,0.638889,1472.0,1699.827637,0.85,0.05,0.9,0.0,452.0,520.902344,39.875,42.628906,False,,,,,,,,,,,,,,,
session_20260630_103628,images_weak_noise_raw/weak_20260630_103830_000060.jpg,images_weak_noise_raw,189,10,model,3,unripe bunch,0.498047,weak,weak,weak/noise conf 0.50<0.70 tomatoes_inside 0<2,,3,unripe bunch,3,unripe bunch,,,False,,,False,,0.074483,6912.0,86969.53125,0.009901,0.0,0.009901,0.980198,523.5,164.75,220.875,393.75,False,,,,,,,,,,,,,,,
session_20260630_103628,images_weak_noise_raw/weak_20260630_103830_000060.jpg,images_weak_noise_raw,189,11,model,2,unripe,0.492188,weak,weak,weak/noise conf 0.49<0.85 bad_color gy=0.00,,2,unripe,2,unripe,,,False,,,False,,0.88,1408.0,1148.800537,0.809524,0.0,0.809524,0.0,508.34375,563.835938,34.65625,33.148438,False,,,,,,,,,,,,,,,
session_20260630_103628,images_weak_noise_raw/weak_20260630_103830_000060.jpg,images_weak_noise_raw,189,12,model,2,unripe,0.373875,weak,weak,weak/noise conf 0.37<0.85,,2,unripe,2,unripe,,,False,,,False,,0.828571,1856.0,1574.842529,0.0,0.0,0.0,1.0,576.65625,276.71875,35.703125,44.109375,False,,,,,,,,,,,,,,,
session_20260630_103628,images_weak_noise_raw/weak_20260630_103830_000060.jpg,images_weak_noise_raw,189,13,model,1,ripe,0.267409,noise,noise,weak/noise conf 0.27<0.80,,1,ripe,1,ripe,,,False,,,False,,0.75,1728.0,1686.770508,0.444444,0.333333,0.777778,0.333333,632.3125,165.53125,41.070312,41.070312,False,,,,,,,,,,,,,,,
session_20260630_103628,images_weak_noise_raw/weak_20260630_103830_000060.jpg,images_weak_noise_raw,189,14,model,3,unripe bunch,0.258325,noise,noise,weak/noise conf 0.26<0.70 small_bunch_mask bad_color gy=0.00 tomatoes_inside 0<2,,3,unripe bunch,3,unripe bunch,,,False,,,False,,0.065934,1152.0,15544.421875,0.4,0.133333,0.533333,0.0,453.203125,505.640625,161.421875,96.296875,False,,,,,,,,,,,,,,,
session_20260630_103628,images_weak_noise_raw/weak_20260630_103830_000060.jpg,images_weak_noise_raw,189,15,model,2,unripe,0.2227,noise,noise,weak/noise conf 0.22<0.85,,2,unripe,2,unripe,,,False,,,False,,0.785714,2112.0,2118.972656,0.0,0.0,0.0,1.0,636.21875,312.890625,45.25,46.828125,False,,,,,,,,,,,,,,,
session_20260630_103628,images_weak_noise_raw/weak_20260630_103832_000061.jpg,images_weak_noise_raw,190,0,model,3,unripe bunch,0.800692,weak,weak,weak/noise tomatoes_inside 0<2,,3,unripe bunch,3,unripe bunch,,,False,,,False,,0.147222,6784.0,41642.90625,0.0,0.0,0.0,1.0,533.0625,170.625,181.5,229.4375,False,,,,,,,,,,,,,,,
session_20260630_103628,images_weak_noise_raw/weak_20260630_103832_000061.jpg,images_weak_noise_raw,190,1,model,3,unripe bunch,0.769771,weak,weak,weak/noise small_bunch_mask bad_color gy=0.00 tomatoes_inside 0<2,,3,unripe bunch,3,unripe bunch,,,False,,,False,,0.128364,1119.875,8209.954102,0.637931,0.103448,0.741379,0.0,448.681641,514.898438,93.865234,87.465332,False,,,,,,,,,,,,,,,
session_20260630_103628,images_weak_noise_raw/weak_20260630_103832_000061.jpg,images_weak_noise_raw,190,2,model,2,unripe,0.717012,weak,weak,weak/noise conf 0.72<0.85,,2,unripe,2,unripe,,,False,,,False,,0.642857,1728.0,1746.637329,0.0,0.222222,0.222222,1.0,620.804688,216.453125,43.445312,40.203125,False,,,,,,,,,,,,,,,
session_20260630_103628,images_weak_noise_raw/weak_20260630_103832_000061.jpg,images_weak_noise_raw,190,3,model,2,unripe,0.715424,weak,weak,weak/noise conf 0.72<0.85,,2,unripe,2,unripe,,,False,,,False,,0.666667,1792.0,1831.225586,0.0,0.0,0.0,1.0,596.78125,340.75,41.796875,43.8125,False,,,,,,,,,,,,,,,
session_20260630_103628,images_weak_noise_raw/weak_20260630_103832_000061.jpg,images_weak_noise_raw,190,4,model,2,unripe,0.70902,weak,weak,weak/noise conf 0.71<0.85,,2,unripe,2,unripe,,,False,,,False,,0.690476,1856.0,1735.202026,0.0,0.0,0.0,1.0,557.078125,246.171875,41.054688,42.265625,False,,,,,,,,,,,,,,,
session_20260630_103628,images_weak_noise_raw/weak_20260630_103832_000061.jpg,images_weak_noise_raw,190,5,model,2,unripe,0.637031,weak,weak,weak/noise conf 0.64<0.85,,2,unripe,2,unripe,,,False,,,False,,0.805556,1856.0,1754.612305,0.0,0.0,0.0,1.0,569.0,283.421875,40.0625,43.796875,False,,,,,,,,,,,,,,,
session_20260630_103628,images_weak_noise_raw/weak_20260630_103832_000061.jpg,images_weak_noise_raw,190,6,model,2,unripe,0.598312,weak,weak,weak/noise conf 0.60<0.85,,2,unripe,2,unripe,,,False,,,False,,0.8,1024.0,890.055054,0.0,0.0,0.0,1.0,704.765625,358.789062,29.941406,29.726562,False,,,,,,,,,,,,,,,
session_20260630_103628,images_weak_noise_raw/weak_20260630_103832_000061.jpg,images_weak_noise_raw,190,7,model,2,unripe,0.521471,weak,weak,weak/noise conf 0.52<0.85,,2,unripe,2,unripe,,,False,,,False,,0.76,1216.0,926.634827,0.0,0.0,0.0,1.0,679.3125,339.242188,29.914062,30.976562,False,,,,,,,,,,,,,,,
session_20260630_103628,images_weak_noise_raw/weak_20260630_103832_000061.jpg,images_weak_noise_raw,190,8,model,2,unripe,0.513668,weak,weak,weak/noise conf 0.51<0.85,,2,unripe,2,unripe,,,False,,,False,,0.805556,1856.0,1593.539062,0.0,0.0,0.0,1.0,619.90625,267.71875,38.5,41.390625,False,,,,,,,,,,,,,,,
session_20260630_103628,images_weak_noise_raw/weak_20260630_103832_000061.jpg,images_weak_noise_raw,190,9,model,2,unripe,0.492188,weak,weak,weak/noise conf 0.49<0.85,,2,unripe,2,unripe,,,False,,,False,,0.666667,1792.0,1636.427002,0.428571,0.321429,0.75,0.321429,630.34375,174.828125,39.035156,41.921875,False,,,,,,,,,,,,,,,
session_20260630_103628,images_weak_noise_raw/weak_20260630_103832_000061.jpg,images_weak_noise_raw,190,10,model,2,unripe,0.470737,weak,weak,weak/noise conf 0.47<0.85 bad_color gy=0.00,,2,unripe,2,unripe,,,False,,,False,,0.571429,1536.0,1743.740845,0.826087,0.0,0.826087,0.0,447.695312,530.0,44.023438,39.609375,False,,,,,,,,,,,,,,,
session_20260630_103628,images_weak_noise_raw/weak_20260630_103832_000061.jpg,images_weak_noise_raw,190,11,model,2,unripe,0.403567,weak,weak,weak/noise conf 0.40<0.85,,2,unripe,2,unripe,,,False,,,False,,0.761905,2048.0,2045.600464,0.0,0.0,0.0,1.0,632.460938,318.4375,44.789062,45.671875,False,,,,,,,,,,,,,,,
session_20260630_103628,images_weak_noise_raw/weak_20260630_103833_000062.jpg,images_weak_noise_raw,191,0,model,3,unripe bunch,0.75274,weak,weak,weak/noise small_bunch_mask bad_color gy=0.00 tomatoes_inside 0<2,,3,unripe bunch,3,unripe bunch,,,False,,,False,,0.150198,1401.157959,8512.581055,0.689189,0.054054,0.743243,0.0,925.425415,513.11853,92.818802,91.711823,False,,,,,,,,,,,,,,,
session_20260630_103628,images_weak_noise_raw/weak_20260630_103833_000062.jpg,images_weak_noise_raw,191,1,model,2,unripe,0.749087,weak,weak,weak/noise conf 0.75<0.85,,2,unripe,2,unripe,,,False,,,False,,0.738095,1984.0,1968.746704,0.0,0.366667,0.366667,1.0,1103.1875,209.914062,47.484375,41.460938,False,,,,,,,,,,,,,,,
session_20260630_103628,images_weak_noise_raw/weak_20260630_103833_000062.jpg,images_weak_noise_raw,191,2,model,2,unripe,0.707405,weak,weak,weak/noise conf 0.71<0.85,,2,unripe,2,unripe,,,False,,,False,,0.833333,2240.0,2021.159302,0.0,0.0,0.0,1.0,1082.96875,341.359375,48.078125,42.039062,False,,,,,,,,,,,,,,,
session_20260630_103628,images_weak_noise_raw/weak_20260630_103833_000062.jpg,images_weak_noise_raw,191,3,model,2,unripe,0.700894,weak,weak,weak/noise conf 0.70<0.85,,2,unripe,2,unripe,,,False,,,False,,0.8,1536.0,1347.473389,0.0,0.0,0.0,1.0,1187.078125,348.0,35.828125,37.609375,False,,,,,,,,,,,,,,,
session_20260630_103628,images_weak_noise_raw/weak_20260630_103833_000062.jpg,images_weak_noise_raw,191,4,model,2,unripe,0.697608,weak,weak,weak/noise conf 0.70<0.85,,2,unripe,2,unripe,,,False,,,False,,0.55102,1728.0,1898.466797,0.0,0.0,0.0,1.0,1037.21875,238.21875,44.34375,42.8125,False,,,,,,,,,,,,,,,
session_20260630_103628,images_weak_noise_raw/weak_20260630_103833_000062.jpg,images_weak_noise_raw,191,5,model,2,unripe,0.679178,weak,weak,weak/noise conf 0.68<0.85,,2,unripe,2,unripe,,,False,,,False,,0.766667,1472.0,1410.862305,0.0,0.0,0.0,1.0,1157.140625,329.765625,37.28125,37.84375,False,,,,,,,,,,,,,,,
session_20260630_103628,images_weak_noise_raw/weak_20260630_103833_000062.jpg,images_weak_noise_raw,191,6,model,3,unripe bunch,0.662797,weak,weak,weak/noise conf 0.66<0.70 tomatoes_inside 0<2,,3,unripe bunch,3,unripe bunch,,,False,,,False,,0.195489,6656.0,30783.066406,0.0,0.0,0.0,1.0,1025.1875,166.59375,143.15625,215.03125,False,,,,,,,,,,,,,,,
session_20260630_103628,images_weak_noise_raw/weak_20260630_103833_000062.jpg,images_weak_noise_raw,191,7,model,2,unripe,0.653127,weak,weak,weak/noise conf 0.65<0.85,,2,unripe,2,unripe,,,False,,,False,,0.805556,1856.0,1730.855103,0.0,0.0,0.0,1.0,1100.578125,259.578125,39.101562,44.265625,False,,,,,,,,,,,,,,,
session_20260630_103628,images_weak_noise_raw/weak_20260630_103833_000062.jpg,images_weak_noise_raw,191,8,model,2,unripe,0.558327,weak,color_corrected,weak/noise conf 0.56<0.85,unripe_to_ripe_by_mask_color,2,unripe,1,ripe,1,ripe,True,unripe_to_ripe_by_mask_color,0.5,False,,0.666667,1792.0,1792.552124,0.464286,0.321429,0.785714,0.285714,1114.203125,165.453125,42.007812,42.671875,False,,,,,,,,,,,,,,,
session_20260630_103628,images_weak_noise_raw/weak_20260630_103833_000062.jpg,images_weak_noise_raw,191,9,model,3,unripe bunch,0.531209,weak,weak,weak/noise conf 0.53<0.70 tomatoes_inside 0<2,,3,unripe bunch,3,unripe bunch,,,False,,,False,,0.110588,6932.044434,61054.792969,0.0,0.009259,0.009259,0.996914,1032.366577,160.930374,212.876083,286.809082,False,,,,,,,,,,,,,,,
session_20260630_103628,images_weak_noise_raw/weak_20260630_103833_000062.jpg,images_weak_noise_raw,191,10,model,2,unripe,0.464901,weak,weak,weak/noise conf 0.46<0.85,,2,unripe,2,unripe,,,False,,,False,,0.77551,2432.0,2166.55957,0.0,0.0,0.0,1.0,1114.359375,314.9375,47.4375,45.671875,False,,,,,,,,,,,,,,,
session_20260630_103628,images_weak_noise_raw/weak_20260630_103833_000062.jpg,images_weak_noise_raw,191,11,model,2,unripe,0.426322,weak,weak,weak/noise conf 0.43<0.85 bad_color gy=0.00,,2,unripe,2,unripe,,,False,,,False,,0.666667,1792.0,1720.6875,0.777778,0.037037,0.814815,0.0,925.78125,526.921875,40.96875,42.0,False,,,,,,,,,,,,,,,
session_20260630_103628,images_weak_noise_raw/weak_20260630_103835_000063.jpg,images_weak_noise_raw,192,0,model,2,unripe,0.782663,weak,weak,weak/noise conf 0.78<0.85,,2,unripe,2,unripe,,,False,,,False,,0.648148,4480.0,5581.392578,0.0,0.0,0.0,1.0,450.78125,623.625,63.3125,88.15625,False,,,,,,,,,,,,,,,
session_20260630_103628,images_weak_noise_raw/weak_20260630_103835_000063.jpg,images_weak_noise_raw,192,1,model,2,unripe,0.712233,weak,weak,weak/noise conf 0.71<0.85,,2,unripe,2,unripe,,,False,,,False,,0.71875,2944.0,3389.34082,0.0,0.0,0.0,0.894737,520.4375,644.5,59.773438,56.703125,False,,,,,,,,,,,,,,,
session_20260630_103628,images_weak_noise_raw/weak_20260630_103835_000063.jpg,images_weak_noise_raw,192,2,model,2,unripe,0.459076,weak,weak,weak/noise conf 0.46<0.85 roi,,2,unripe,2,unripe,,,False,,,False,,0.708333,1088.0,1025.209961,0.0,0.0,0.0,1.0,576.0625,692.695312,40.703125,25.1875,False,,,,,,,,,,,,,,,
session_20260630_103628,images_weak_noise_raw/weak_20260630_103835_000063.jpg,images_weak_noise_raw,192,3,model,2,unripe,0.409221,weak,weak,weak/noise conf 0.41<0.85 roi,,2,unripe,2,unripe,,,False,,,False,,0.685714,1536.0,1585.645752,0.0,0.0,0.0,1.0,849.015625,684.640625,47.34375,33.492188,False,,,,,,,,,,,,,,,
session_20260630_103628,images_weak_noise_raw/weak_20260630_103835_000063.jpg,images_weak_noise_raw,192,4,model,3,unripe bunch,0.166676,noise,noise,weak/noise conf 0.17<0.70 tomatoes_inside 0<2,,3,unripe bunch,3,unripe bunch,,,False,,,False,,0.194444,2240.0,10162.597656,0.0,0.0,0.0,1.0,457.9375,639.085938,139.4375,72.882812,False,,,,,,,,,,,,,,,
session_20260630_103628,images_weak_noise_raw/weak_20260630_103842_000064.jpg,images_weak_noise_raw,193,0,model,2,unripe,0.808068,weak,review,weak/noise conf 0.81<0.85,near_threshold_unripe_color_mask_support,2,unripe,2,unripe,,,False,,,True,near_threshold_unripe_color_mask_support,0.710059,7680.0,9360.304688,0.0,0.0,0.0,1.0,1085.84375,441.75,92.90625,100.75,False,,,,,,,,,,,,,,,
session_20260630_103628,images_weak_noise_raw/weak_20260630_103842_000064.jpg,images_weak_noise_raw,193,1,model,1,ripe,0.678327,weak,weak,weak/noise conf 0.68<0.80,,1,ripe,1,ripe,,,False,,,False,,0.746528,13760.0,16962.150391,0.985981,0.009346,0.995327,0.0,46.9375,584.179688,134.8125,125.820312,False,,,,,,,,,,,,,,,
session_20260630_103628,images_weak_noise_raw/weak_20260630_103842_000064.jpg,images_weak_noise_raw,193,2,model,2,unripe,0.592667,weak,weak,weak/noise conf 0.59<0.85,,2,unripe,2,unripe,,,False,,,False,,0.694805,6848.0,8507.199219,0.0,0.0,0.0,1.0,1001.671875,403.6875,78.953125,107.75,False,,,,,,,,,,,,,,,
session_20260630_103628,images_weak_noise_raw/weak_20260630_103842_000064.jpg,images_weak_noise_raw,193,3,model,1,ripe,0.464901,weak,weak,weak/noise conf 0.46<0.80,,1,ripe,1,ripe,,,False,,,False,,0.720779,14208.0,18294.808594,0.923077,0.045249,0.968326,0.00905,0.1875,356.875,111.46875,164.125,False,,,,,,,,,,,,,,,
session_20260630_103628,images_weak_noise_raw/weak_20260630_103842_000064.jpg,images_weak_noise_raw,193,4,model,1,ripe,0.38122,weak,weak,weak/noise conf 0.38<0.80,,1,ripe,1,ripe,,,False,,,False,,0.653595,12800.0,17406.833984,0.694301,0.07772,0.772021,0.176166,189.625,401.84375,126.796875,137.28125,False,,,,,,,,,,,,,,,
session_20260630_103628,images_weak_noise_raw/weak_20260630_103842_000064.jpg,images_weak_noise_raw,193,5,model,0,eripe bunch,0.376623,weak,weak,weak/noise conf 0.38<0.70 tomatoes_inside 0<2,,0,eripe bunch,0,eripe bunch,,,False,,,False,,0.210339,30208.0,135692.8125,0.194444,0.267361,0.461806,0.236111,7.375,313.5,337.125,402.5,False,,,,,,,,,,,,,,,
session_20260630_103628,images_weak_noise_raw/weak_20260630_103842_000064.jpg,images_weak_noise_raw,193,6,model,1,ripe,0.319121,weak,weak,weak/noise conf 0.32<0.80,,1,ripe,1,ripe,,,False,,,False,,0.818182,8640.0,9129.155273,0.676692,0.157895,0.834586,0.135338,247.125,586.875,78.59375,116.15625,False,,,,,,,,,,,,,,,
session_20260630_103628,images_weak_noise_raw/weak_20260630_103849_000065.jpg,images_weak_noise_raw,194,0,model,1,ripe,0.726425,weak,weak,weak/noise conf 0.73<0.80 roi,,1,ripe,1,ripe,,,False,,,False,,0.706349,5696.0,6733.643555,0.88764,0.089888,0.977528,0.0,323.0,678.578125,162.5625,41.421875,False,,,,,,,,,,,,,,,
session_20260630_103628,images_weak_noise_raw/weak_20260630_103849_000065.jpg,images_weak_noise_raw,194,1,model,2,unripe,0.679178,weak,color_corrected,weak/noise conf 0.68<0.85 bad_color gy=0.00,unripe_to_ripe_by_mask_color,2,unripe,1,ripe,1,ripe,True,unripe_to_ripe_by_mask_color,0.819444,False,,0.74,4736.0,4961.03125,0.791667,0.027778,0.819444,0.0,749.296875,230.53125,71.078125,69.796875,False,,,,,,,,,,,,,,,
session_20260630_103628,images_weak_noise_raw/weak_20260630_103849_000065.jpg,images_weak_noise_raw,194,2,model,0,eripe bunch,0.362067,weak,weak,weak/noise conf 0.36<0.70 tomatoes_inside 0<2,,0,eripe bunch,0,eripe bunch,,,False,,,False,,0.125714,5632.0,40577.539062,0.364865,0.283784,0.648649,0.013514,629.25,90.0,189.0625,214.625,False,,,,,,,,,,,,,,,
session_20260630_103628,images_weak_noise_raw/weak_20260630_103849_000065.jpg,images_weak_noise_raw,194,3,model,1,ripe,0.244364,noise,noise,weak/noise conf 0.24<0.80,,1,ripe,1,ripe,,,False,,,False,,0.652893,5056.0,5832.972656,0.685714,0.0,0.685714,0.0,666.375,223.75,80.59375,72.375,False,,,,,,,,,,,,,,,
session_20260630_103628,images_weak_noise_raw/weak_20260630_103849_000065.jpg,images_weak_noise_raw,194,4,model,3,unripe bunch,0.169407,noise,noise,weak/noise conf 0.17<0.70 bad_color gy=0.03 tomatoes_inside 0<2,,3,unripe bunch,3,unripe bunch,,,False,,,False,,0.142857,5888.0,39567.925781,0.363636,0.285714,0.649351,0.025974,633.75,82.34375,179.726562,220.15625,False,,,,,,,,,,,,,,,
session_20260630_103628,images_weak_noise_raw/weak_20260630_103849_000065.jpg,images_weak_noise_raw,194,5,model,2,unripe,0.160791,noise,noise,weak/noise conf 0.16<0.85 bad_color gy=0.00,,2,unripe,2,unripe,,,False,,,False,,0.669421,5184.0,5835.219727,0.666667,0.0,0.666667,0.0,665.5625,223.5625,79.96875,72.96875,False,,,,,,,,,,,,,,,
session_20260630_103628,images_weak_noise_raw/weak_20260630_103851_000066.jpg,images_weak_noise_raw,195,0,model,2,unripe,0.805633,weak,color_corrected,weak/noise conf 0.81<0.85 bad_color gy=0.04,unripe_to_ripe_by_mask_color,2,unripe,1,ripe,1,ripe,True,unripe_to_ripe_by_mask_color,0.959596,False,,0.765152,6464.0,7297.258301,0.69697,0.30303,1.0,0.040404,988.171875,270.34375,82.078125,88.90625,False,,,,,,,,,,,,,,,
session_20260630_103628,images_weak_noise_raw/weak_20260630_103851_000066.jpg,images_weak_noise_raw,195,1,model,2,unripe,0.767687,weak,weak,weak/noise conf 0.77<0.85,,2,unripe,2,unripe,,,False,,,False,,0.708333,6528.0,7488.837891,0.0,0.0,0.0,1.0,828.65625,425.15625,85.3125,87.78125,False,,,,,,,,,,,,,,,
session_20260630_103628,images_weak_noise_raw/weak_20260630_103851_000066.jpg,images_weak_noise_raw,195,2,model,2,unripe,0.692642,weak,weak,weak/noise conf 0.69<0.85,,2,unripe,2,unripe,,,False,,,False,,0.786184,15296.0,17631.427734,0.0,0.0,0.0,1.0,669.71875,290.1875,122.28125,144.1875,False,,,,,,,,,,,,,,,
session_20260630_103628,images_weak_noise_raw/weak_20260630_103851_000066.jpg,images_weak_noise_raw,195,3,model,2,unripe,0.644224,weak,weak,weak/noise conf 0.64<0.85,,2,unripe,2,unripe,,,False,,,False,,0.734848,6208.0,7281.914062,0.0,0.412371,0.412371,0.938144,971.0,368.96875,86.625,84.0625,False,,,,,,,,,,,,,,,
session_20260630_103628,images_weak_noise_raw/weak_20260630_103851_000066.jpg,images_weak_noise_raw,195,4,model,2,unripe,0.47658,weak,weak,weak/noise conf 0.48<0.85,,2,unripe,2,unripe,,,False,,,False,,0.685897,6848.0,8185.708984,0.0,0.0,0.0,1.0,845.65625,507.5,94.15625,86.9375,False,,,,,,,,,,,,,,,
session_20260630_103628,images_weak_noise_raw/weak_20260630_103851_000066.jpg,images_weak_noise_raw,195,5,model,2,unripe,0.373875,weak,weak,weak/noise conf 0.37<0.85,,2,unripe,2,unripe,,,False,,,False,,0.68254,2752.0,2921.477051,0.0,0.0,0.0,1.0,1069.234375,591.984375,47.15625,61.953125,False,,,,,,,,,,,,,,,
session_20260630_103628,images_weak_noise_raw/weak_20260630_103851_000066.jpg,images_weak_noise_raw,195,6,model,3,unripe bunch,0.303216,weak,weak,weak/noise conf 0.30<0.70 small_bunch_mask low_bunch_density bad_color gy=0.00 tomatoes_inside 0<2,,3,unripe bunch,3,unripe bunch,,,False,,,False,,0.0,0.0,30363.701172,0.0,0.0,0.0,0.0,928.3125,611.90625,284.6875,106.65625,False,,,,,,,,,,,,,,,
session_20260630_103628,images_weak_noise_raw/weak_20260630_103851_000066.jpg,images_weak_noise_raw,195,7,model,2,unripe,0.280616,noise,noise,weak/noise conf 0.28<0.85,,2,unripe,2,unripe,,,False,,,False,,0.661111,7616.0,8830.277344,0.0,0.011364,0.011364,1.0,711.0,420.9375,105.59375,83.625,False,,,,,,,,,,,,,,,
session_20260630_103628,images_weak_noise_raw/weak_20260630_103852_000067.jpg,images_weak_noise_raw,196,0,model,2,unripe,0.822188,weak,review,weak/noise conf 0.82<0.85,near_threshold_unripe_color_mask_support,2,unripe,2,unripe,,,False,,,True,near_threshold_unripe_color_mask_support,0.722222,16640.0,20684.447266,0.0,0.0,0.0,1.0,329.40625,190.375,138.53125,149.3125,False,,,,,,,,,,,,,,,
session_20260630_103628,images_weak_noise_raw/weak_20260630_103852_000067.jpg,images_weak_noise_raw,196,1,model,2,unripe,0.77865,weak,weak,weak/noise conf 0.78<0.85,,2,unripe,2,unripe,,,False,,,False,,0.787879,6656.0,7554.175781,0.0,0.0,0.0,1.0,506.671875,331.21875,84.640625,89.25,False,,,,,,,,,,,,,,,
session_20260630_103628,images_weak_noise_raw/weak_20260630_103852_000067.jpg,images_weak_noise_raw,196,2,model,2,unripe,0.732591,weak,color_corrected,weak/noise conf 0.73<0.85,unripe_to_ripe_by_mask_color,2,unripe,1,ripe,1,ripe,True,unripe_to_ripe_by_mask_color,0.89011,False,,0.689394,5824.0,6986.447754,0.769231,0.208791,0.978022,0.087912,665.578125,179.28125,80.390625,86.90625,False,,,,,,,,,,,,,,,
session_20260630_103628,images_weak_noise_raw/weak_20260630_103852_000067.jpg,images_weak_noise_raw,196,3,model,2,unripe,0.650468,weak,weak,weak/noise conf 0.65<0.85,,2,unripe,2,unripe,,,False,,,False,,0.716667,8256.0,9642.166016,0.0,0.020833,0.020833,1.0,384.0,324.40625,113.5625,84.90625,False,,,,,,,,,,,,,,,
session_20260630_103628,images_weak_noise_raw/weak_20260630_103852_000067.jpg,images_weak_noise_raw,196,4,model,2,unripe,0.488283,weak,weak,weak/noise conf 0.49<0.85,,2,unripe,2,unripe,,,False,,,False,,0.743056,6848.0,8007.506836,0.0,0.0,0.0,1.0,524.3125,415.0625,91.15625,87.84375,False,,,,,,,,,,,,,,,
session_20260630_103628,images_weak_noise_raw/weak_20260630_103852_000067.jpg,images_weak_noise_raw,196,5,model,2,unripe,0.338077,weak,weak,weak/noise conf 0.34<0.85,,2,unripe,2,unripe,,,False,,,False,,0.772727,6528.0,7451.151855,0.0,0.386139,0.386139,0.930693,649.671875,275.125,86.109375,86.53125,False,,,,,,,,,,,,,,,
session_20260630_103628,images_weak_noise_raw/weak_20260630_103852_000067.jpg,images_weak_noise_raw,196,6,model,3,unripe bunch,0.237225,noise,noise,weak/noise conf 0.24<0.70 tomatoes_inside 0<2,,3,unripe bunch,3,unripe bunch,,,False,,,False,,0.120513,18048.0,144676.921875,0.0,0.013393,0.013393,1.0,488.0,169.75,281.0625,514.75,False,,,,,,,,,,,,,,,
session_20260630_103628,images_weak_noise_raw/weak_20260630_103854_000068.jpg,images_weak_noise_raw,197,0,model,2,unripe,0.844924,weak,review,weak/noise conf 0.84<0.85,near_threshold_unripe_color_mask_support,2,unripe,2,unripe,,,False,,,True,near_threshold_unripe_color_mask_support,0.767974,15040.0,17416.765625,0.0,0.0,0.0,1.0,342.984375,209.375,126.265625,137.9375,False,,,,,,,,,,,,,,,
session_20260630_103628,images_weak_noise_raw/weak_20260630_103854_000068.jpg,images_weak_noise_raw,197,1,model,2,unripe,0.823327,weak,review,weak/noise conf 0.82<0.85,near_threshold_unripe_color_mask_support,2,unripe,2,unripe,,,False,,,True,near_threshold_unripe_color_mask_support,0.708333,6528.0,7449.838867,0.0,0.376238,0.376238,0.960396,650.1875,285.4375,86.21875,86.40625,False,,,,,,,,,,,,,,,
session_20260630_103628,images_weak_noise_raw/weak_20260630_103854_000068.jpg,images_weak_noise_raw,197,2,model,2,unripe,0.699254,weak,weak,weak/noise conf 0.70<0.85,,2,unripe,2,unripe,,,False,,,False,,0.685897,6848.0,8402.359375,0.0,0.0,0.0,1.0,523.84375,420.9375,90.5,92.84375,False,,,,,,,,,,,,,,,
session_20260630_103628,images_weak_noise_raw/weak_20260630_103854_000068.jpg,images_weak_noise_raw,197,3,model,2,unripe,0.680029,weak,color_corrected,weak/noise conf 0.68<0.85 bad_color gy=0.07,unripe_to_ripe_by_mask_color,2,unripe,1,ripe,1,ripe,True,unripe_to_ripe_by_mask_color,0.9072159999999999,False,,0.734848,6208.0,7268.914062,0.71134,0.268041,0.979381,0.072165,665.9375,188.625,80.375,90.4375,False,,,,,,,,,,,,,,,
session_20260630_103628,images_weak_noise_raw/weak_20260630_103854_000068.jpg,images_weak_noise_raw,197,4,model,2,unripe,0.492188,weak,weak,weak/noise conf 0.49<0.85,,2,unripe,2,unripe,,,False,,,False,,0.644444,3712.0,4286.374023,0.0,0.0,0.0,1.0,774.875,548.726562,66.015625,64.929688,False,,,,,,,,,,,,,,,
session_20260630_103628,images_weak_noise_raw/weak_20260630_103854_000068.jpg,images_weak_noise_raw,197,5,model,2,unripe,0.33372,weak,weak,weak/noise conf 0.33<0.85,,2,unripe,2,unripe,,,False,,,False,,0.765152,6464.0,7642.647461,0.0,0.0,0.0,1.0,506.359375,340.84375,84.859375,90.0625,False,,,,,,,,,,,,,,,
session_20260630_103628,images_weak_noise_raw/weak_20260630_103854_000068.jpg,images_weak_noise_raw,197,6,model,3,unripe bunch,0.27513,noise,noise,weak/noise conf 0.28<0.70 tomatoes_inside 0<2,,3,unripe bunch,3,unripe bunch,,,False,,,False,,0.117647,17920.0,151055.8125,0.0,0.013333,0.013333,1.0,496.875,177.0,278.1875,543.0,False,,,,,,,,,,,,,,,
session_20260630_103628,images_weak_noise_raw/weak_20260630_103854_000068.jpg,images_weak_noise_raw,197,7,model,2,unripe,0.193756,noise,noise,weak/noise conf 0.19<0.85,,2,unripe,2,unripe,,,False,,,False,,0.679012,3520.0,4349.383789,0.0,0.0,0.0,1.0,829.03125,588.703125,65.296875,66.609375,False,,,,,,,,,,,,,,,
session_20260630_103628,images_weak_noise_raw/weak_20260630_103854_000068.jpg,images_weak_noise_raw,197,8,model,2,unripe,0.180106,noise,noise,weak/noise conf 0.18<0.85 roi,,2,unripe,2,unripe,,,False,,,False,,0.797619,4288.0,4693.319824,0.0,0.0,0.0,1.0,627.5,667.40625,91.3125,51.398438,False,,,,,,,,,,,,,,,
session_20260630_103628,images_weak_noise_raw/weak_20260630_103855_000069.jpg,images_weak_noise_raw,198,0,model,2,unripe,0.885629,strong,color_corrected,,unripe_to_ripe_by_mask_color,2,unripe,1,ripe,1,ripe,True,unripe_to_ripe_by_mask_color,0.8666670000000001,False,,0.729167,6720.0,8016.228516,0.761905,0.190476,0.952381,0.085714,638.84375,272.34375,84.1875,95.21875,False,,,,,,,,,,,,,,,
session_20260630_103628,images_weak_noise_raw/weak_20260630_103855_000069.jpg,images_weak_noise_raw,198,1,model,2,unripe,0.744657,weak,weak,weak/noise conf 0.74<0.85,,2,unripe,2,unripe,,,False,,,False,,0.730769,7296.0,8423.797852,0.0,0.0,0.0,1.0,466.03125,430.5625,91.78125,91.78125,False,,,,,,,,,,,,,,,
session_20260630_103628,images_weak_noise_raw/weak_20260630_103855_000069.jpg,images_weak_noise_raw,198,2,model,3,unripe bunch,0.646013,weak,weak,weak/noise conf 0.65<0.70 tomatoes_inside 1<2,,3,unripe bunch,3,unripe bunch,,,False,,,False,,0.124269,16320.0,128221.5,0.0,0.019048,0.019048,0.985714,461.875,264.0,281.1875,456.0,False,,,,,,,,,,,,,,,
session_20260630_103628,images_weak_noise_raw/weak_20260630_103855_000069.jpg,images_weak_noise_raw,198,3,model,2,unripe,0.607663,weak,weak,weak/noise conf 0.61<0.85,,2,unripe,2,unripe,,,False,,,False,,0.737179,7360.0,8166.153809,0.0,0.4,0.4,0.895652,618.125,375.65625,90.640625,90.09375,False,,,,,,,,,,,,,,,
session_20260630_103628,images_weak_noise_raw/weak_20260630_103855_000069.jpg,images_weak_noise_raw,198,4,model,2,unripe,0.535099,weak,weak,weak/noise conf 0.54<0.85,,2,unripe,2,unripe,,,False,,,False,,0.729167,8960.0,9993.902344,0.0,0.027523,0.027523,1.0,349.296875,421.125,115.328125,86.65625,False,,,,,,,,,,,,,,,
session_20260630_103628,images_weak_noise_raw/weak_20260630_103855_000069.jpg,images_weak_noise_raw,198,5,model,2,unripe,0.478529,weak,weak,weak/noise conf 0.48<0.85,,2,unripe,2,unripe,,,False,,,False,,0.611111,2816.0,3313.697998,0.0,0.0,0.0,1.0,711.96875,606.828125,55.765625,59.421875,False,,,,,,,,,,,,,,,
session_20260630_103628,images_weak_noise_raw/weak_20260630_103855_000069.jpg,images_weak_noise_raw,198,6,model,3,unripe bunch,0.393269,noise,noise,weak/noise conf 0.39<0.70 small_bunch_mask low_bunch_density tomatoes_inside 0<2,,3,unripe bunch,3,unripe bunch,,,False,,,False,,0.002137,64.0,29157.347656,0.0,0.0,0.0,1.0,536.75,624.578125,305.5625,95.421875,False,,,,,,,,,,,,,,,
session_20260630_103628,images_weak_noise_raw/weak_20260630_103855_000069.jpg,images_weak_noise_raw,198,7,model,3,unripe bunch,0.383064,weak,weak,weak/noise conf 0.38<0.70 low_bunch_density tomatoes_inside 0<2,,3,unripe bunch,3,unripe bunch,,,False,,,False,,0.035374,3328.0,88945.3125,0.0,0.0,0.0,1.0,479.25,485.625,379.5,234.375,False,,,,,,,,,,,,,,,
session_20260630_103628,images_weak_noise_raw/weak_20260630_103855_000069.jpg,images_weak_noise_raw,198,8,model,2,unripe,0.38122,weak,weak,weak/noise conf 0.38<0.85,,2,unripe,2,unripe,,,False,,,False,,0.59,3776.0,4573.445312,0.0,0.0,0.0,1.0,749.78125,646.085938,67.15625,68.101562,False,,,,,,,,,,,,,,,
session_20260630_103628,images_weak_noise_raw/weak_20260630_103855_000069.jpg,images_weak_noise_raw,198,9,model,2,unripe,0.282988,noise,noise,weak/noise conf 0.28<0.85 roi,,2,unripe,2,unripe,,,False,,,False,,0.733333,2112.0,2325.950439,0.0,0.0,0.0,1.0,800.65625,683.324219,67.046875,34.691406,False,,,,,,,,,,,,,,,
session_20260630_103628,images_weak_noise_raw/weak_20260630_103855_000069.jpg,images_weak_noise_raw,198,10,model,2,unripe,0.27048,noise,noise,weak/noise conf 0.27<0.85 roi,,2,unripe,2,unripe,,,False,,,False,,0.644444,1856.0,2068.400879,0.0,0.0,0.0,1.0,261.9375,683.65625,59.5625,34.726562,False,,,,,,,,,,,,,,,
session_20260630_103628,images_weak_noise_raw/weak_20260630_103855_000069.jpg,images_weak_noise_raw,198,11,model,2,unripe,0.258325,noise,noise,weak/noise conf 0.26<0.85,,2,unripe,2,unripe,,,False,,,False,,0.663889,15296.0,19971.697266,0.0,0.0,0.0,1.0,21.78125,376.703125,131.40625,151.984375,False,,,,,,,,,,,,,,,
session_20260630_103628,images_weak_noise_raw/weak_20260630_103857_000070.jpg,images_weak_noise_raw,199,0,model,2,unripe,0.804406,weak,review,weak/noise conf 0.80<0.85,near_threshold_unripe_color_mask_support,2,unripe,2,unripe,,,False,,,True,near_threshold_unripe_color_mask_support,0.625,2880.0,3372.445557,0.0,0.0,0.0,1.0,566.6875,565.484375,56.046875,60.171875,False,,,,,,,,,,,,,,,
session_20260630_103628,images_weak_noise_raw/weak_20260630_103857_000070.jpg,images_weak_noise_raw,199,1,model,2,unripe,0.743169,weak,weak,weak/noise conf 0.74<0.85,,2,unripe,2,unripe,,,False,,,False,,0.696429,2496.0,2804.626709,0.0,0.0,0.0,1.0,525.4375,532.375,54.757812,51.21875,False,,,,,,,,,,,,,,,
session_20260630_103628,images_weak_noise_raw/weak_20260630_103857_000070.jpg,images_weak_noise_raw,199,2,model,2,unripe,0.705785,weak,color_corrected,weak/noise conf 0.71<0.85 bad_color gy=0.07,unripe_to_ripe_by_mask_color,2,unripe,1,ripe,1,ripe,True,unripe_to_ripe_by_mask_color,0.907895,False,,0.76,4864.0,5464.746094,0.723684,0.25,0.973684,0.065789,422.15625,234.21875,71.875,76.03125,False,,,,,,,,,,,,,,,
session_20260630_103628,images_weak_noise_raw/weak_20260630_103857_000070.jpg,images_weak_noise_raw,199,3,model,2,unripe,0.700894,weak,weak,weak/noise conf 0.70<0.85 roi,,2,unripe,2,unripe,,,False,,,False,,0.714286,2560.0,2788.871094,0.0,0.0,0.0,1.0,595.5,665.5625,54.953125,50.75,False,,,,,,,,,,,,,,,
session_20260630_103628,images_weak_noise_raw/weak_20260630_103857_000070.jpg,images_weak_noise_raw,199,4,model,2,unripe,0.649579,weak,weak,weak/noise conf 0.65<0.85,,2,unripe,2,unripe,,,False,,,False,,0.74,4736.0,5185.564453,0.0,0.493151,0.493151,0.917808,406.0,317.90625,72.84375,71.1875,False,,,,,,,,,,,,,,,
session_20260630_103628,images_weak_noise_raw/weak_20260630_103857_000070.jpg,images_weak_noise_raw,199,5,model,2,unripe,0.61878,weak,weak,weak/noise conf 0.62<0.85,,2,unripe,2,unripe,,,False,,,False,,0.645455,4544.0,5336.151855,0.0,0.0,0.0,1.0,402.34375,406.34375,72.140625,73.96875,False,,,,,,,,,,,,,,,
session_20260630_103628,images_weak_noise_raw/weak_20260630_103857_000070.jpg,images_weak_noise_raw,199,6,model,3,unripe bunch,0.599251,weak,weak,weak/noise conf 0.60<0.70 tomatoes_inside 0<2,,3,unripe bunch,3,unripe bunch,,,False,,,False,,0.073579,2816.0,34121.105469,0.0,0.0,0.0,1.0,491.0,543.53125,197.125,173.09375,False,,,,,,,,,,,,,,,
session_20260630_103628,images_weak_noise_raw/weak_20260630_103857_000070.jpg,images_weak_noise_raw,199,7,model,2,unripe,0.432063,weak,weak,weak/noise conf 0.43<0.85,,2,unripe,2,unripe,,,False,,,False,,0.714286,2560.0,2939.021973,0.0,0.0,0.0,1.0,485.8125,496.15625,56.46875,52.046875,False,,,,,,,,,,,,,,,
session_20260630_103628,images_weak_noise_raw/weak_20260630_103857_000070.jpg,images_weak_noise_raw,199,8,model,2,unripe,0.31405,weak,weak,weak/noise conf 0.31<0.85,,2,unripe,2,unripe,,,False,,,False,,0.714286,2240.0,2555.26123,0.0,0.088235,0.088235,1.0,554.28125,632.457031,52.335938,48.824219,False,,,,,,,,,,,,,,,
session_20260630_103628,images_weak_noise_raw/weak_20260630_103857_000070.jpg,images_weak_noise_raw,199,9,model,3,unripe bunch,0.266644,noise,noise,weak/noise conf 0.27<0.70 low_bunch_density tomatoes_inside 0<2,,3,unripe bunch,3,unripe bunch,,,False,,,False,,0.019153,2432.0,122923.125,0.0,0.0,0.0,1.0,259.25,228.0,249.84375,492.0,False,,,,,,,,,,,,,,,
session_20260630_103628,images_weak_noise_raw/weak_20260630_103857_000070.jpg,images_weak_noise_raw,199,10,model,2,unripe,0.239352,noise,noise,weak/noise conf 0.24<0.85,,2,unripe,2,unripe,,,False,,,False,,0.611111,2816.0,3284.912109,0.0,0.0,0.0,1.0,962.53125,547.34375,53.90625,60.9375,False,,,,,,,,,,,,,,,
session_20260630_103628,images_weak_noise_raw/weak_20260630_103858_000071.jpg,images_weak_noise_raw,200,0,model,2,unripe,0.785308,weak,weak,weak/noise conf 0.79<0.85,,2,unripe,2,unripe,,,False,,,False,,0.673469,2112.0,2395.584961,0.0,0.0,0.0,1.0,539.21875,502.296875,49.1875,48.703125,False,,,,,,,,,,,,,,,
session_20260630_103628,images_weak_noise_raw/weak_20260630_103858_000071.jpg,images_weak_noise_raw,200,1,model,2,unripe,0.7773,weak,weak,weak/noise conf 0.78<0.85,,2,unripe,2,unripe,,,False,,,False,,0.693878,2176.0,2288.269531,0.0,0.0,0.0,1.0,576.984375,535.28125,47.921875,47.75,False,,,,,,,,,,,,,,,
session_20260630_103628,images_weak_noise_raw/weak_20260630_103858_000071.jpg,images_weak_noise_raw,200,2,model,2,unripe,0.694303,weak,weak,weak/noise conf 0.69<0.85,,2,unripe,2,unripe,,,False,,,False,,0.777778,4032.0,4074.556152,0.0,0.396825,0.396825,0.984127,437.4375,319.5625,65.421875,62.28125,False,,,,,,,,,,,,,,,
session_20260630_103628,images_weak_noise_raw/weak_20260630_103858_000071.jpg,images_weak_noise_raw,200,3,model,3,unripe bunch,0.679178,weak,weak,weak/noise conf 0.68<0.70 tomatoes_inside 0<2,,3,unripe bunch,3,unripe bunch,,,False,,,False,,0.079365,2880.0,31373.460938,0.0,0.0,0.0,1.0,511.0625,471.375,156.28125,200.75,False,,,,,,,,,,,,,,,
session_20260630_103628,images_weak_noise_raw/weak_20260630_103858_000071.jpg,images_weak_noise_raw,200,4,model,2,unripe,0.661923,weak,weak,weak/noise conf 0.66<0.85,,2,unripe,2,unripe,,,False,,,False,,0.761905,2048.0,2200.437256,0.0,0.0,0.0,1.0,507.3125,473.875,48.578125,45.296875,False,,,,,,,,,,,,,,,
session_20260630_103628,images_weak_noise_raw/weak_20260630_103858_000071.jpg,images_weak_noise_raw,200,5,model,2,unripe,0.609524,weak,weak,weak/noise conf 0.61<0.85,,2,unripe,2,unripe,,,False,,,False,,0.805556,1856.0,1850.686523,0.0,0.0,0.0,1.0,603.015625,620.109375,44.460938,41.625,False,,,,,,,,,,,,,,,
session_20260630_103628,images_weak_noise_raw/weak_20260630_103858_000071.jpg,images_weak_noise_raw,200,6,model,3,unripe bunch,0.54577,weak,weak,weak/noise conf 0.55<0.70 tomatoes_inside 0<2,,3,unripe bunch,3,unripe bunch,,,False,,,False,,0.111111,8354.081055,72780.46875,0.0,0.019753,0.019753,0.985185,328.855469,234.601761,185.114746,393.164062,False,,,,,,,,,,,,,,,
session_20260630_103628,images_weak_noise_raw/weak_20260630_103858_000071.jpg,images_weak_noise_raw,200,7,model,3,unripe bunch,0.544801,weak,weak,weak/noise conf 0.54<0.70 tomatoes_inside 0<2,,3,unripe bunch,3,unripe bunch,,,False,,,False,,0.060516,3904.0,59868.40625,0.0,0.0,0.0,1.0,299.25,240.5,213.625,280.25,False,,,,,,,,,,,,,,,
session_20260630_103628,images_weak_noise_raw/weak_20260630_103858_000071.jpg,images_weak_noise_raw,200,8,model,2,unripe,0.517571,weak,color_corrected,weak/noise conf 0.52<0.85,unripe_to_ripe_by_mask_color,2,unripe,1,ripe,1,ripe,True,unripe_to_ripe_by_mask_color,0.836364,False,,0.691358,3584.0,4054.796631,0.763636,0.163636,0.927273,0.090909,452.390625,248.46875,62.546875,64.828125,False,,,,,,,,,,,,,,,
session_20260630_103628,images_weak_noise_raw/weak_20260630_103858_000071.jpg,images_weak_noise_raw,200,9,model,2,unripe,0.418697,weak,weak,weak/noise conf 0.42<0.85,,2,unripe,2,unripe,,,False,,,False,,0.7,4032.0,4673.730469,0.0,0.0,0.0,1.0,322.78125,352.5625,71.21875,65.625,False,,,,,,,,,,,,,,,
session_20260630_103628,images_weak_noise_raw/weak_20260630_103858_000071.jpg,images_weak_noise_raw,200,10,model,2,unripe,0.345988,weak,weak,weak/noise conf 0.35<0.85,,2,unripe,2,unripe,,,False,,,False,,0.571429,1792.0,2005.187012,0.0,0.111111,0.111111,0.962963,565.4375,586.171875,43.414062,46.1875,False,,,,,,,,,,,,,,,
session_20260630_103628,images_weak_noise_raw/weak_20260630_103900_000072.jpg,images_weak_noise_raw,201,0,model,2,unripe,0.7773,weak,weak,weak/noise conf 0.78<0.85,,2,unripe,2,unripe,,,False,,,False,,0.671875,2752.0,2803.158691,0.0,0.0,0.0,1.0,487.75,510.359375,51.65625,54.265625,False,,,,,,,,,,,,,,,
session_20260630_103628,images_weak_noise_raw/weak_20260630_103900_000072.jpg,images_weak_noise_raw,201,1,model,2,unripe,0.752012,weak,weak,weak/noise conf 0.75<0.85,,2,unripe,2,unripe,,,False,,,False,,0.693878,2176.0,2404.950928,0.0,0.0,0.0,1.0,450.8125,480.507812,48.53125,49.554688,False,,,,,,,,,,,,,,,
session_20260630_103628,images_weak_noise_raw/weak_20260630_103900_000072.jpg,images_weak_noise_raw,201,2,model,2,unripe,0.566019,weak,weak,weak/noise conf 0.57<0.85,,2,unripe,2,unripe,,,False,,,False,,0.642857,2304.0,2711.400879,0.0,0.0,0.0,1.0,413.882812,449.765625,53.148438,51.015625,False,,,,,,,,,,,,,,,
session_20260630_103628,images_weak_noise_raw/weak_20260630_103900_000072.jpg,images_weak_noise_raw,201,3,model,2,unripe,0.564099,weak,color_corrected,weak/noise conf 0.56<0.85 bad_color gy=0.03,unripe_to_ripe_by_mask_color,2,unripe,1,ripe,1,ripe,True,unripe_to_ripe_by_mask_color,0.935484,False,,0.7,4032.0,4343.223633,0.806452,0.16129,0.967742,0.032258,354.578125,215.84375,65.265625,66.546875,False,,,,,,,,,,,,,,,
session_20260630_103628,images_weak_noise_raw/weak_20260630_103900_000072.jpg,images_weak_noise_raw,201,4,model,2,unripe,0.550608,weak,weak,weak/noise conf 0.55<0.85,,2,unripe,2,unripe,,,False,,,False,,0.833333,1920.0,1901.820923,0.0,0.037037,0.037037,1.0,514.96875,602.671875,44.847656,42.40625,False,,,,,,,,,,,,,,,
session_20260630_103628,images_weak_noise_raw/weak_20260630_103900_000072.jpg,images_weak_noise_raw,201,5,model,2,unripe,0.546738,weak,weak,weak/noise conf 0.55<0.85,,2,unripe,2,unripe,,,False,,,False,,0.740741,3840.0,4453.731445,0.0,0.483333,0.483333,0.933333,337.34375,290.71875,68.453125,65.0625,False,,,,,,,,,,,,,,,
session_20260630_103628,images_weak_noise_raw/weak_20260630_103900_000072.jpg,images_weak_noise_raw,201,6,model,2,unripe,0.242207,noise,noise,weak/noise conf 0.24<0.85,,2,unripe,2,unripe,,,False,,,False,,0.619048,1664.0,1923.514893,0.0,0.0,0.0,1.0,479.46875,569.089844,43.3125,44.410156,False,,,,,,,,,,,,,,,
session_20260630_103628,images_weak_noise_raw/weak_20260630_103902_000073.jpg,images_weak_noise_raw,202,0,model,2,unripe,0.663669,weak,weak,weak/noise conf 0.66<0.85,,2,unripe,2,unripe,,,False,,,False,,0.738095,1984.0,2038.321289,0.0,0.0,0.0,1.0,705.921875,291.84375,46.03125,44.28125,False,,,,,,,,,,,,,,,
session_20260630_103628,images_weak_noise_raw/weak_20260630_103902_000073.jpg,images_weak_noise_raw,202,1,model,1,ripe,0.522446,weak,weak,weak/noise conf 0.52<0.80,,1,ripe,1,ripe,,,False,,,False,,0.77619,10432.0,12004.650391,0.757764,0.204969,0.962733,0.031056,515.734375,117.59375,105.390625,113.90625,False,,,,,,,,,,,,,,,
session_20260630_103628,images_weak_noise_raw/weak_20260630_103902_000073.jpg,images_weak_noise_raw,202,2,model,2,unripe,0.398875,weak,weak,weak/noise conf 0.40<0.85 bad_color gy=0.03,,2,unripe,2,unripe,,,False,,,False,,0.780952,10496.0,11971.275391,0.757764,0.204969,0.962733,0.031056,515.4375,117.875,105.4375,113.539062,False,,,,,,,,,,,,,,,
session_20260630_103628,images_weak_noise_raw/weak_20260630_103902_000073.jpg,images_weak_noise_raw,202,3,model,2,unripe,0.351311,weak,weak,weak/noise conf 0.35<0.85 roi,,2,unripe,2,unripe,,,False,,,False,,0.619048,832.0,843.436401,0.0,0.0,0.0,1.0,742.96875,700.810547,43.953125,19.189453,False,,,,,,,,,,,,,,,
session_20260630_103628,images_weak_noise_raw/weak_20260630_103902_000073.jpg,images_weak_noise_raw,202,4,model,3,unripe bunch,0.336331,weak,weak,weak/noise conf 0.34<0.70 low_bunch_density tomatoes_inside 0<2,,3,unripe bunch,3,unripe bunch,,,False,,,False,,0.035497,10432.0,287224.78125,0.0,0.033113,0.033113,0.980132,288.375,67.75,441.375,650.75,False,,,,,,,,,,,,,,,
session_20260630_103628,images_weak_noise_raw/weak_20260630_103902_000073.jpg,images_weak_noise_raw,202,5,model,2,unripe,0.231617,noise,noise,weak/noise conf 0.23<0.85,,2,unripe,2,unripe,,,False,,,False,,0.805556,1856.0,1772.997559,0.0,0.0,0.0,1.0,685.234375,328.855469,41.914062,42.300781,False,,,,,,,,,,,,,,,
session_20260630_103628,images_weak_noise_raw/weak_20260630_103902_000073.jpg,images_weak_noise_raw,202,6,model,2,unripe,0.214034,noise,noise,weak/noise conf 0.21<0.85,,2,unripe,2,unripe,,,False,,,False,,0.7,5376.0,6417.25,0.0,0.0,0.0,1.0,737.875,614.78125,76.0,84.4375,False,,,,,,,,,,,,,,,
session_20260630_103628,images_weak_noise_raw/weak_20260630_103902_000073.jpg,images_weak_noise_raw,202,7,model,2,unripe,0.213377,noise,noise,weak/noise conf 0.21<0.85,,2,unripe,2,unripe,,,False,,,False,,0.763393,10944.0,13090.78125,0.0,0.023392,0.023392,1.0,291.375,305.75,122.34375,107.0,False,,,,,,,,,,,,,,,
session_20260630_103628,images_weak_noise_raw/weak_20260630_103903_000074.jpg,images_weak_noise_raw,203,0,model,3,unripe bunch,0.414899,weak,weak,weak/noise conf 0.41<0.70 low_bunch_density tomatoes_inside 0<2,,3,unripe bunch,3,unripe bunch,,,False,,,False,,0.047142,7232.0,149790.296875,0.0,0.0,0.0,1.0,672.875,40.625,374.125,400.375,False,,,,,,,,,,,,,,,
session_20260630_103628,images_weak_noise_raw/weak_20260630_103903_000074.jpg,images_weak_noise_raw,203,1,model,2,unripe,0.20947,noise,noise,weak/noise conf 0.21<0.85,,2,unripe,2,unripe,,,False,,,False,,0.716667,11008.0,12830.550781,0.0,0.0,0.0,1.0,781.625,127.28125,107.3125,119.5625,False,,,,,,,,,,,,,,,
session_20260630_103628,images_weak_noise_raw/weak_20260630_103903_000074.jpg,images_weak_noise_raw,203,2,model,2,unripe,0.201813,noise,noise,weak/noise conf 0.20<0.85,,2,unripe,2,unripe,,,False,,,False,,0.774725,9024.0,10729.37793,0.0,0.0,0.0,1.0,896.171875,184.90625,98.265625,109.1875,False,,,,,,,,,,,,,,,
session_20260630_103628,images_weak_noise_raw/weak_20260630_103905_000075.jpg,images_weak_noise_raw,204,0,model,2,unripe,0.575588,weak,weak,weak/noise conf 0.58<0.85,,2,unripe,2,unripe,,,False,,,False,,0.716667,19264.0,24602.5,0.0,0.0,0.0,1.0,426.875,411.859375,160.0,153.765625,False,,,,,,,,,,,,,,,
session_20260630_103628,images_weak_noise_raw/weak_20260630_103905_000075.jpg,images_weak_noise_raw,204,1,model,2,unripe,0.347759,weak,weak,weak/noise conf 0.35<0.85,,2,unripe,2,unripe,,,False,,,False,,0.718821,20288.0,25685.029297,0.0,0.0,0.0,1.0,208.90625,24.3125,160.46875,160.0625,False,,,,,,,,,,,,,,,
session_20260630_103628,images_weak_noise_raw/weak_20260630_103907_000076.jpg,images_weak_noise_raw,205,0,model,2,unripe,0.753466,weak,weak,weak/noise conf 0.75<0.85,,2,unripe,2,unripe,,,False,,,False,,0.690476,1856.0,1893.612305,0.0,0.0,0.0,1.0,1118.765625,349.15625,40.4375,46.828125,False,,,,,,,,,,,,,,,
session_20260630_103628,images_weak_noise_raw/weak_20260630_103907_000076.jpg,images_weak_noise_raw,205,1,model,2,unripe,0.710629,weak,weak,weak/noise conf 0.71<0.85,,2,unripe,2,unripe,,,False,,,False,,0.666667,1792.0,1897.045898,0.0,0.0,0.0,1.0,1151.5,369.390625,41.15625,46.09375,False,,,,,,,,,,,,,,,
session_20260630_103628,images_weak_noise_raw/weak_20260630_103907_000076.jpg,images_weak_noise_raw,205,2,model,2,unripe,0.647798,weak,weak,weak/noise conf 0.65<0.85,,2,unripe,2,unripe,,,False,,,False,,0.761905,2048.0,2152.31543,0.0,0.0,0.0,1.0,444.8125,147.734375,50.53125,42.59375,False,,,,,,,,,,,,,,,
session_20260630_103628,images_weak_noise_raw/weak_20260630_103907_000076.jpg,images_weak_noise_raw,205,3,model,2,unripe,0.627952,weak,color_corrected,weak/noise conf 0.63<0.85 bad_color gy=0.03,unripe_to_ripe_by_mask_color,2,unripe,1,ripe,1,ripe,True,unripe_to_ripe_by_mask_color,0.9173549999999999,False,,0.785714,7744.0,8983.990234,0.603306,0.347107,0.950413,0.033058,251.125,0.0,106.4375,84.40625,False,,,,,,,,,,,,,,,
session_20260630_103628,images_weak_noise_raw/weak_20260630_103907_000076.jpg,images_weak_noise_raw,205,4,model,2,unripe,0.5564,weak,weak,weak/noise conf 0.56<0.85,,2,unripe,2,unripe,,,False,,,False,,0.595238,1600.0,1856.708984,0.0,0.0,0.0,1.0,1093.390625,321.835938,43.25,42.929688,False,,,,,,,,,,,,,,,
session_20260630_103628,images_weak_noise_raw/weak_20260630_103907_000076.jpg,images_weak_noise_raw,205,5,model,2,unripe,0.542863,weak,weak,weak/noise conf 0.54<0.85,,2,unripe,2,unripe,,,False,,,False,,0.663636,4672.0,5610.158203,0.0,0.0,0.0,1.0,521.09375,613.21875,81.9375,68.46875,False,,,,,,,,,,,,,,,
session_20260630_103628,images_weak_noise_raw/weak_20260630_103907_000076.jpg,images_weak_noise_raw,205,6,model,2,unripe,0.521471,weak,weak,weak/noise conf 0.52<0.85,,2,unripe,2,unripe,,,False,,,False,,0.530612,1664.0,2213.75,0.0,0.0,0.0,1.0,1089.09375,284.5,50.3125,44.0,False,,,,,,,,,,,,,,,
session_20260630_103628,images_weak_noise_raw/weak_20260630_103907_000076.jpg,images_weak_noise_raw,205,7,model,2,unripe,0.488283,weak,weak,weak/noise conf 0.49<0.85,,2,unripe,2,unripe,,,False,,,False,,0.653846,5440.0,6503.259766,0.0,0.0,0.0,1.0,484.0625,462.9375,72.6875,89.46875,False,,,,,,,,,,,,,,,
session_20260630_103628,images_weak_noise_raw/weak_20260630_103907_000076.jpg,images_weak_noise_raw,205,8,model,2,unripe,0.404507,weak,weak,weak/noise conf 0.40<0.85,,2,unripe,2,unripe,,,False,,,False,,0.716667,11008.0,13853.519531,0.0,0.431953,0.431953,0.970414,224.8125,89.65625,112.6875,122.9375,False,,,,,,,,,,,,,,,
session_20260630_103628,images_weak_noise_raw/weak_20260630_103907_000076.jpg,images_weak_noise_raw,205,9,model,2,unripe,0.318273,weak,weak,weak/noise conf 0.32<0.85,,2,unripe,2,unripe,,,False,,,False,,0.666667,1536.0,1644.729492,0.0,0.0,0.0,1.0,1122.234375,301.6875,40.890625,40.222656,False,,,,,,,,,,,,,,,
session_20260630_103628,images_weak_noise_raw/weak_20260630_103907_000076.jpg,images_weak_noise_raw,205,10,model,2,unripe,0.282988,noise,noise,weak/noise conf 0.28<0.85,,2,unripe,2,unripe,,,False,,,False,,0.788889,4544.0,4939.905273,0.0,0.014925,0.014925,1.0,469.78125,553.140625,65.6875,75.203125,False,,,,,,,,,,,,,,,
session_20260630_103628,images_weak_noise_raw/weak_20260630_103907_000076.jpg,images_weak_noise_raw,205,11,model,3,unripe bunch,0.281406,noise,noise,weak/noise conf 0.28<0.70 tomatoes_inside 0<2,,3,unripe bunch,3,unripe bunch,,,False,,,False,,0.169444,3904.0,19936.371094,0.0,0.016667,0.016667,1.0,1091.75,311.1875,185.5625,107.4375,False,,,,,,,,,,,,,,,
session_20260630_103628,images_weak_noise_raw/weak_20260630_103907_000076.jpg,images_weak_noise_raw,205,12,model,2,unripe,0.26971,noise,noise,weak/noise conf 0.27<0.85,,2,unripe,2,unripe,,,False,,,False,,0.722222,1664.0,1887.608643,0.0,0.0,0.0,1.0,424.109375,184.269531,45.4375,41.542969,False,,,,,,,,,,,,,,,
session_20260630_103628,images_weak_noise_raw/weak_20260630_103907_000076.jpg,images_weak_noise_raw,205,13,model,1,ripe,0.172731,noise,noise,weak/noise conf 0.17<0.80,,1,ripe,1,ripe,,,False,,,False,,0.798701,7872.0,9137.132812,0.601626,0.349593,0.951219,0.03252,249.53125,0.0,106.75,85.59375,False,,,,,,,,,,,,,,,
session_20260630_103628,images_weak_noise_raw/weak_20260630_103909_000077.jpg,images_weak_noise_raw,206,0,model,2,unripe,0.769078,weak,weak,weak/noise conf 0.77<0.85,,2,unripe,2,unripe,,,False,,,False,,0.716667,11008.0,12900.477539,0.0,0.505814,0.505814,0.924419,630.25,237.78125,115.34375,111.84375,False,,,,,,,,,,,,,,,
session_20260630_103628,images_weak_noise_raw/weak_20260630_103909_000077.jpg,images_weak_noise_raw,206,1,model,2,unripe,0.679178,weak,weak,weak/noise conf 0.68<0.85,,2,unripe,2,unripe,,,False,,,False,,0.678571,2432.0,2379.606445,0.0,0.0,0.0,1.0,846.578125,287.3125,48.84375,48.71875,False,,,,,,,,,,,,,,,
session_20260630_103628,images_weak_noise_raw/weak_20260630_103909_000077.jpg,images_weak_noise_raw,206,2,model,1,ripe,0.67662,weak,weak,weak/noise conf 0.68<0.80,,1,ripe,1,ripe,,,False,,,False,,0.785714,10560.0,12078.820312,0.773006,0.202454,0.97546,0.030675,659.78125,117.625,106.65625,113.25,False,,,,,,,,,,,,,,,
session_20260630_103628,images_weak_noise_raw/weak_20260630_103909_000077.jpg,images_weak_noise_raw,206,3,model,2,unripe,0.522446,weak,weak,weak/noise conf 0.52<0.85,,2,unripe,2,unripe,,,False,,,False,,0.82381,11072.0,11767.992188,0.0,0.0,0.0,1.0,634.0,367.09375,105.75,111.28125,False,,,,,,,,,,,,,,,
session_20260630_103628,images_weak_noise_raw/weak_20260630_103909_000077.jpg,images_weak_noise_raw,206,4,model,3,unripe bunch,0.498047,weak,weak,weak/noise conf 0.50<0.70 tomatoes_inside 0<2,,3,unripe bunch,3,unripe bunch,,,False,,,False,,0.075284,16960.0,214666.03125,0.0,0.027778,0.027778,0.981481,428.75,79.25,340.875,629.75,False,,,,,,,,,,,,,,,
session_20260630_103628,images_weak_noise_raw/weak_20260630_103909_000077.jpg,images_weak_noise_raw,206,5,model,2,unripe,0.478529,weak,weak,weak/noise conf 0.48<0.85,,2,unripe,2,unripe,,,False,,,False,,0.745536,10688.0,13174.136719,0.0,0.0,0.0,1.0,435.125,304.65625,123.375,106.78125,False,,,,,,,,,,,,,,,
session_20260630_103628,images_weak_noise_raw/weak_20260630_103909_000077.jpg,images_weak_noise_raw,206,6,model,2,unripe,0.412057,weak,weak,weak/noise conf 0.41<0.85 bad_color gy=0.03,,2,unripe,2,unripe,,,False,,,False,,0.785714,10560.0,12101.923828,0.773006,0.202454,0.97546,0.030675,659.65625,117.6875,106.875,113.234375,False,,,,,,,,,,,,,,,
session_20260630_103628,images_weak_noise_raw/weak_20260630_103909_000077.jpg,images_weak_noise_raw,206,7,model,2,unripe,0.341582,weak,weak,weak/noise conf 0.34<0.85,,2,unripe,2,unripe,,,False,,,False,,0.805556,1856.0,1794.593262,0.0,0.0,0.0,1.0,827.203125,330.773438,43.398438,41.351562,False,,,,,,,,,,,,,,,
session_20260630_103628,images_weak_noise_raw/weak_20260630_103909_000077.jpg,images_weak_noise_raw,206,8,model,2,unripe,0.226785,noise,noise,weak/noise conf 0.23<0.85,,2,unripe,2,unripe,,,False,,,False,,0.669421,5184.0,6430.649414,0.0,0.0,0.0,1.0,819.25,557.796875,78.4375,81.984375,False,,,,,,,,,,,,,,,
session_20260630_103628,images_weak_noise_raw/weak_20260630_103909_000077.jpg,images_weak_noise_raw,206,9,model,2,unripe,0.17554,noise,noise,weak/noise conf 0.18<0.85,,2,unripe,2,unripe,,,False,,,False,,0.666667,2688.0,3119.48877,0.0,0.0,0.0,1.0,796.953125,227.921875,60.609375,51.46875,False,,,,,,,,,,,,,,,
session_20260630_103628,images_weak_noise_raw/weak_20260630_103910_000078.jpg,images_weak_noise_raw,207,0,model,2,unripe,0.690142,weak,weak,weak/noise conf 0.69<0.85,,2,unripe,2,unripe,,,False,,,False,,0.78202,40640.0,50543.136719,0.0,0.488038,0.488038,0.979266,633.4375,64.0,219.8125,229.9375,False,,,,,,,,,,,,,,,
session_20260630_103628,images_weak_noise_raw/weak_20260630_103910_000078.jpg,images_weak_noise_raw,207,1,model,2,unripe,0.576542,weak,weak,weak/noise conf 0.58<0.85,,2,unripe,2,unripe,,,False,,,False,,0.755172,42048.0,53664.5625,0.0,0.0,0.0,1.0,242.25,176.875,235.5,227.875,False,,,,,,,,,,,,,,,
session_20260630_103628,images_weak_noise_raw/weak_20260630_103910_000078.jpg,images_weak_noise_raw,207,2,model,1,ripe,0.274352,noise,noise,weak/noise conf 0.27<0.80 roi,,1,ripe,1,ripe,,,False,,,False,,0.68254,5504.0,7123.429688,0.418605,0.581395,1.0,0.0,705.6875,1.984375,161.4375,44.125,False,,,,,,,,,,,,,,,
session_20260630_103628,images_weak_noise_raw/weak_20260630_103912_000079.jpg,images_weak_noise_raw,208,0,model,2,unripe,0.70253,weak,weak,weak/noise conf 0.70<0.85,,2,unripe,2,unripe,,,False,,,False,,0.744589,22016.0,26925.869141,0.0,0.0,0.0,1.0,894.6875,282.21875,166.5625,161.65625,False,,,,,,,,,,,,,,,
session_20260630_103628,images_weak_noise_raw/weak_20260630_103912_000079.jpg,images_weak_noise_raw,208,1,model,2,unripe,0.61878,weak,weak,weak/noise conf 0.62<0.85,,2,unripe,2,unripe,,,False,,,False,,0.747692,31104.0,38517.082031,0.0,0.0,0.0,1.0,670.6875,300.53125,192.375,200.21875,False,,,,,,,,,,,,,,,
session_20260630_103628,images_weak_noise_raw/weak_20260630_103912_000079.jpg,images_weak_noise_raw,208,2,model,2,unripe,0.561215,weak,weak,weak/noise conf 0.56<0.85,,2,unripe,2,unripe,,,False,,,False,,0.746082,15232.0,18975.732422,0.0,0.0,0.0,1.0,270.75,1.125,219.53125,86.4375,False,,,,,,,,,,,,,,,
session_20260630_103628,images_weak_noise_raw/weak_20260630_103912_000079.jpg,images_weak_noise_raw,208,3,model,2,unripe,0.516596,weak,weak,weak/noise conf 0.52<0.85,,2,unripe,2,unripe,,,False,,,False,,0.708333,25024.0,30955.6875,0.0,0.0,0.0,1.0,510.375,406.34375,174.0,177.90625,False,,,,,,,,,,,,,,,
session_20260630_103628,images_weak_noise_raw/weak_20260630_103915_000080.jpg,images_weak_noise_raw,209,0,model,1,ripe,0.749087,weak,weak,weak/noise conf 0.75<0.80,,1,ripe,1,ripe,,,False,,,False,,0.809028,29824.0,34936.0,0.7897,0.203863,0.993562,0.015021,1153.625,125.25,126.179688,276.875,False,,,,,,,,,,,,,,,
session_20260630_103628,images_weak_noise_raw/weak_20260630_103915_000080.jpg,images_weak_noise_raw,209,1,model,2,unripe,0.70253,weak,weak,weak/noise conf 0.70<0.85,,2,unripe,2,unripe,,,False,,,False,,0.789047,24896.0,29490.042969,0.0,0.0,0.0,1.0,684.375,588.125,225.4375,130.8125,False,,,,,,,,,,,,,,,
session_20260630_103628,images_weak_noise_raw/weak_20260630_103915_000080.jpg,images_weak_noise_raw,209,2,model,2,unripe,0.397003,weak,weak,weak/noise conf 0.40<0.85,,2,unripe,2,unripe,,,False,,,False,,0.724138,40320.0,52227.027344,0.0,0.0,0.0,1.0,585.25,19.75,231.125,225.96875,False,,,,,,,,,,,,,,,
session_20260630_103628,images_weak_noise_raw/weak_20260630_103915_000080.jpg,images_weak_noise_raw,209,3,model,2,unripe,0.166134,noise,noise,weak/noise conf 0.17<0.85,,2,unripe,2,unripe,,,False,,,False,,0.800922,55616.0,65703.0,0.0,0.0,0.0,1.0,585.25,317.375,271.5,242.0,False,,,,,,,,,,,,,,,
session_20260630_103628,images_weak_noise_raw/weak_20260630_103919_000081.jpg,images_weak_noise_raw,210,0,model,3,unripe bunch,0.803791,weak,weak,weak/noise low_bunch_density tomatoes_inside 0<2,,3,unripe bunch,3,unripe bunch,,,False,,,False,,0.058398,13440.0,221983.875,0.0,0.011364,0.011364,0.994318,431.375,224.0,450.5,492.75,False,,,,,,,,,,,,,,,
session_20260630_103628,images_weak_noise_raw/weak_20260630_103919_000081.jpg,images_weak_noise_raw,210,1,model,2,unripe,0.759223,weak,weak,weak/noise conf 0.76<0.85,,2,unripe,2,unripe,,,False,,,False,,0.769231,7680.0,8745.083984,0.0,0.529412,0.529412,0.991597,599.21875,362.28125,93.8125,93.21875,False,,,,,,,,,,,,,,,
session_20260630_103628,images_weak_noise_raw/weak_20260630_103919_000081.jpg,images_weak_noise_raw,210,2,model,2,unripe,0.752012,weak,weak,weak/noise conf 0.75<0.85,,2,unripe,2,unripe,,,False,,,False,,0.733333,4224.0,4872.230469,0.0,0.0,0.0,1.0,771.40625,631.515625,68.367188,71.265625,False,,,,,,,,,,,,,,,
session_20260630_103628,images_weak_noise_raw/weak_20260630_103919_000081.jpg,images_weak_noise_raw,210,3,model,2,unripe,0.743169,weak,weak,weak/noise conf 0.74<0.85,,2,unripe,2,unripe,,,False,,,False,,0.67033,7808.0,9361.057617,0.0,0.0,0.0,1.0,442.6875,413.8125,93.40625,100.21875,False,,,,,,,,,,,,,,,
session_20260630_103628,images_weak_noise_raw/weak_20260630_103919_000081.jpg,images_weak_noise_raw,210,4,model,2,unripe,0.707405,weak,weak,weak/noise conf 0.71<0.85,,2,unripe,2,unripe,,,False,,,False,,0.75,5760.0,6417.351562,0.0,0.0,0.0,1.0,539.328125,643.4375,85.015625,75.484375,False,,,,,,,,,,,,,,,
session_20260630_103628,images_weak_noise_raw/weak_20260630_103919_000081.jpg,images_weak_noise_raw,210,5,model,2,unripe,0.684265,weak,weak,weak/noise conf 0.68<0.85 roi,,2,unripe,2,unripe,,,False,,,False,,0.727273,3072.0,3052.621582,0.0,0.0,0.0,1.0,823.40625,676.773438,73.515625,41.523438,False,,,,,,,,,,,,,,,
session_20260630_103628,images_weak_noise_raw/weak_20260630_103919_000081.jpg,images_weak_noise_raw,210,6,model,2,unripe,0.580352,weak,color_corrected,weak/noise conf 0.58<0.85 bad_color gy=0.03,unripe_to_ripe_by_mask_color,2,unripe,1,ripe,1,ripe,True,unripe_to_ripe_by_mask_color,0.959677,False,,0.738095,7936.0,9557.458984,0.733871,0.258065,0.991935,0.032258,617.8125,252.5,93.671875,102.03125,False,,,,,,,,,,,,,,,
session_20260630_103628,images_weak_noise_raw/weak_20260630_103919_000081.jpg,images_weak_noise_raw,210,7,model,2,unripe,0.503906,weak,weak,weak/noise conf 0.50<0.85,,2,unripe,2,unripe,,,False,,,False,,0.739645,8000.0,9269.914062,0.0,0.0,0.0,1.0,595.90625,473.53125,96.6875,95.875,False,,,,,,,,,,,,,,,
session_20260630_103628,images_weak_noise_raw/weak_20260630_103919_000081.jpg,images_weak_noise_raw,210,8,model,3,unripe bunch,0.503906,weak,weak,weak/noise conf 0.50<0.70 tomatoes_inside 0<2,,3,unripe bunch,3,unripe bunch,,,False,,,False,,0.100694,14226.325195,136530.625,0.0,0.032854,0.032854,0.98152,481.257416,237.053513,283.676636,481.289612,False,,,,,,,,,,,,,,,
session_20260630_103628,images_weak_noise_raw/weak_20260630_103919_000081.jpg,images_weak_noise_raw,210,9,model,2,unripe,0.5,weak,weak,weak/noise conf 0.50<0.85,,2,unripe,2,unripe,,,False,,,False,,0.714286,1920.0,1684.039551,0.0,0.0,0.0,1.0,798.46875,422.835938,40.632812,41.445312,False,,,,,,,,,,,,,,,
session_20260630_103628,images_weak_noise_raw/weak_20260630_103919_000081.jpg,images_weak_noise_raw,210,10,model,2,unripe,0.472683,weak,weak,weak/noise conf 0.47<0.85,,2,unripe,2,unripe,,,False,,,False,,0.68,4352.0,4816.054688,0.0,0.0,0.0,1.0,722.53125,589.5625,71.25,67.59375,False,,,,,,,,,,,,,,,
session_20260630_103628,images_weak_noise_raw/weak_20260630_103919_000081.jpg,images_weak_noise_raw,210,11,model,2,unripe,0.334589,weak,weak,weak/noise conf 0.33<0.85,,2,unripe,2,unripe,,,False,,,False,,0.694444,1600.0,1577.703125,0.0,0.0,0.0,1.0,816.984375,395.640625,42.640625,37.0,False,,,,,,,,,,,,,,,
session_20260630_103628,images_weak_noise_raw/weak_20260630_103919_000081.jpg,images_weak_noise_raw,210,12,model,2,unripe,0.176673,noise,noise,weak/noise conf 0.18<0.85,,2,unripe,2,unripe,,,False,,,False,,0.633333,1216.0,1400.246094,0.0,0.0,0.0,1.0,1080.859375,152.785156,41.0,34.152344,False,,,,,,,,,,,,,,,
session_20260630_103628,images_weak_noise_raw/weak_20260630_103920_000082.jpg,images_weak_noise_raw,211,0,model,2,unripe,0.79053,weak,weak,weak/noise conf 0.79<0.85,,2,unripe,2,unripe,,,False,,,False,,0.691358,3584.0,4208.98584,0.0,0.0,0.0,1.0,762.375,629.375,63.21875,66.578125,False,,,,,,,,,,,,,,,
session_20260630_103628,images_weak_noise_raw/weak_20260630_103920_000082.jpg,images_weak_noise_raw,211,1,model,3,unripe bunch,0.772529,weak,weak,weak/noise low_bunch_density tomatoes_inside 0<2,,3,unripe bunch,3,unripe bunch,,,False,,,False,,0.035198,4672.0,125956.5,0.0,0.028986,0.028986,1.0,419.25,239.25,262.0,480.75,False,,,,,,,,,,,,,,,
session_20260630_103628,images_weak_noise_raw/weak_20260630_103920_000082.jpg,images_weak_noise_raw,211,2,model,2,unripe,0.756356,weak,weak,weak/noise conf 0.76<0.85,,2,unripe,2,unripe,,,False,,,False,,0.681818,5760.0,6888.427734,0.0,0.0,0.0,1.0,415.46875,400.03125,85.9375,80.15625,False,,,,,,,,,,,,,,,
session_20260630_103628,images_weak_noise_raw/weak_20260630_103920_000082.jpg,images_weak_noise_raw,211,3,model,2,unripe,0.744657,weak,weak,weak/noise conf 0.74<0.85,,2,unripe,2,unripe,,,False,,,False,,0.694444,6400.0,7899.290039,0.0,0.49,0.49,0.92,555.375,344.015625,85.296875,92.609375,False,,,,,,,,,,,,,,,
session_20260630_103628,images_weak_noise_raw/weak_20260630_103920_000082.jpg,images_weak_noise_raw,211,4,model,2,unripe,0.700894,weak,weak,weak/noise conf 0.70<0.85,,2,unripe,2,unripe,,,False,,,False,,0.666667,3456.0,4115.509277,0.0,0.0,0.0,1.0,672.96875,547.59375,65.914062,62.4375,False,,,,,,,,,,,,,,,
session_20260630_103628,images_weak_noise_raw/weak_20260630_103920_000082.jpg,images_weak_noise_raw,211,5,model,2,unripe,0.653127,weak,weak,weak/noise conf 0.65<0.85,,2,unripe,2,unripe,,,False,,,False,,0.722222,1664.0,1240.872559,0.0,0.0,0.0,1.0,757.625,398.921875,35.03125,35.421875,False,,,,,,,,,,,,,,,
session_20260630_103628,images_weak_noise_raw/weak_20260630_103920_000082.jpg,images_weak_noise_raw,211,6,model,2,unripe,0.642432,weak,weak,weak/noise conf 0.64<0.85,,2,unripe,2,unripe,,,False,,,False,,0.72,1152.0,1067.841797,0.0,0.0,0.0,1.0,777.585938,375.765625,33.632812,31.75,False,,,,,,,,,,,,,,,
session_20260630_103628,images_weak_noise_raw/weak_20260630_103920_000082.jpg,images_weak_noise_raw,211,7,model,2,unripe,0.583203,weak,weak,weak/noise conf 0.58<0.85,,2,unripe,2,unripe,,,False,,,False,,0.766667,1472.0,1663.548584,0.0,0.0,0.0,1.0,738.421875,328.296875,42.265625,39.359375,False,,,,,,,,,,,,,,,
session_20260630_103628,images_weak_noise_raw/weak_20260630_103920_000082.jpg,images_weak_noise_raw,211,8,model,2,unripe,0.569853,weak,weak,weak/noise conf 0.57<0.85,,2,unripe,2,unripe,,,False,,,False,,0.62963,3264.0,3701.168701,0.0,0.0,0.0,1.0,717.84375,588.765625,59.953125,61.734375,False,,,,,,,,,,,,,,,
session_20260630_103628,images_weak_noise_raw/weak_20260630_103920_000082.jpg,images_weak_noise_raw,211,9,model,2,unripe,0.550608,weak,weak,weak/noise conf 0.55<0.85,,2,unripe,2,unripe,,,False,,,False,,0.689394,5824.0,6788.549805,0.0,0.0,0.0,1.0,557.875,451.28125,79.71875,85.15625,False,,,,,,,,,,,,,,,
session_20260630_103628,images_weak_noise_raw/weak_20260630_103920_000082.jpg,images_weak_noise_raw,211,10,model,2,unripe,0.52342,weak,color_corrected,weak/noise conf 0.52<0.85 bad_color gy=0.02,unripe_to_ripe_by_mask_color,2,unripe,1,ripe,1,ripe,True,unripe_to_ripe_by_mask_color,0.96875,False,,0.793388,6144.0,7061.210938,0.760417,0.229167,0.989583,0.020833,571.84375,257.109375,81.5,86.640625,False,,,,,,,,,,,,,,,
session_20260630_103628,images_weak_noise_raw/weak_20260630_103920_000082.jpg,images_weak_noise_raw,211,11,model,1,ripe,0.453262,weak,weak,weak/noise conf 0.45<0.80,,1,ripe,1,ripe,,,False,,,False,,0.793388,6144.0,7075.723145,0.760417,0.229167,0.989583,0.020833,571.359375,256.625,81.359375,86.96875,False,,,,,,,,,,,,,,,
session_20260630_103628,images_weak_noise_raw/weak_20260630_103920_000082.jpg,images_weak_noise_raw,211,12,model,2,unripe,0.399812,weak,weak,weak/noise conf 0.40<0.85,,2,unripe,2,unripe,,,False,,,False,,0.742857,1664.0,1534.735352,0.0,0.0,0.0,1.0,1069.203125,187.269531,42.953125,35.730469,False,,,,,,,,,,,,,,,
session_20260630_103628,images_weak_noise_raw/weak_20260630_103920_000082.jpg,images_weak_noise_raw,211,13,model,2,unripe,0.291787,noise,noise,weak/noise conf 0.29<0.85,,2,unripe,2,unripe,,,False,,,False,,0.7,4480.0,5246.402344,0.0,0.0,0.0,1.0,575.8125,563.5,71.960938,72.90625,False,,,,,,,,,,,,,,,
session_20260630_103628,images_weak_noise_raw/weak_20260630_103920_000082.jpg,images_weak_noise_raw,211,14,model,2,unripe,0.281406,noise,noise,weak/noise conf 0.28<0.85,,2,unripe,2,unripe,,,False,,,False,,0.6,1152.0,1094.248047,0.0,0.0,0.0,1.0,1002.25,165.640625,39.34375,27.8125,False,,,,,,,,,,,,,,,
session_20260630_103628,images_weak_noise_raw/weak_20260630_103920_000082.jpg,images_weak_noise_raw,211,15,model,2,unripe,0.27513,noise,noise,weak/noise conf 0.28<0.85 roi,,2,unripe,2,unripe,,,False,,,False,,0.888889,1024.0,908.744507,0.0,0.0,0.0,1.0,760.328125,698.027344,44.78125,20.292969,False,,,,,,,,,,,,,,,
session_20260630_103628,images_weak_noise_raw/weak_20260630_103920_000082.jpg,images_weak_noise_raw,211,16,model,2,unripe,0.208824,noise,noise,weak/noise conf 0.21<0.85,,2,unripe,2,unripe,,,False,,,False,,0.458333,1408.0,2022.783203,0.0,0.0,0.0,1.0,830.40625,662.59375,51.5,39.277344,False,,,,,,,,,,,,,,,
session_20260630_103628,images_weak_noise_raw/weak_20260630_103922_000083.jpg,images_weak_noise_raw,212,0,model,2,unripe,0.754914,weak,weak,weak/noise conf 0.75<0.85,,2,unripe,2,unripe,,,False,,,False,,0.682692,9088.0,10946.8125,0.0,0.887324,0.887324,0.556338,101.5,483.25,93.5625,117.0,False,,,,,,,,,,,,,,,
session_20260630_103628,images_weak_noise_raw/weak_20260630_103922_000083.jpg,images_weak_noise_raw,212,1,model,3,unripe bunch,0.687631,weak,weak,weak/noise conf 0.69<0.70 tomatoes_inside 0<2,,3,unripe bunch,3,unripe bunch,,,False,,,False,,0.09003,7744.0,79550.546875,0.0,0.044248,0.044248,1.0,2.75,342.125,213.34375,372.875,False,,,,,,,,,,,,,,,
session_20260630_103628,images_weak_noise_raw/weak_20260630_103922_000083.jpg,images_weak_noise_raw,212,2,model,2,unripe,0.67405,weak,weak,weak/noise conf 0.67<0.85,,2,unripe,2,unripe,,,False,,,False,,0.75,1728.0,1673.486084,0.0,0.0,0.0,1.0,920.46875,246.40625,42.484375,39.390625,False,,,,,,,,,,,,,,,
session_20260630_103628,images_weak_noise_raw/weak_20260630_103922_000083.jpg,images_weak_noise_raw,212,3,model,2,unripe,0.656659,weak,weak,weak/noise conf 0.66<0.85,,2,unripe,2,unripe,,,False,,,False,,0.666667,1280.0,1181.984375,0.0,0.0,0.0,1.0,929.96875,287.125,35.75,33.0625,False,,,,,,,,,,,,,,,
session_20260630_103628,images_weak_noise_raw/weak_20260630_103922_000083.jpg,images_weak_noise_raw,212,4,model,1,ripe,0.624294,weak,weak,weak/noise conf 0.62<0.80,,1,ripe,1,ripe,,,False,,,False,,0.742188,12160.0,14389.960938,0.835979,0.153439,0.989418,0.010582,85.375,351.96875,121.5625,118.375,False,,,,,,,,,,,,,,,
session_20260630_103628,images_weak_noise_raw/weak_20260630_103922_000083.jpg,images_weak_noise_raw,212,5,model,2,unripe,0.611382,weak,weak,weak/noise conf 0.61<0.85,,2,unripe,2,unripe,,,False,,,False,,0.583333,1344.0,1545.831299,0.0,0.0,0.0,1.0,947.203125,212.0625,41.796875,36.984375,False,,,,,,,,,,,,,,,
session_20260630_103628,images_weak_noise_raw/weak_20260630_103922_000083.jpg,images_weak_noise_raw,212,6,model,2,unripe,0.607663,weak,weak,weak/noise conf 0.61<0.85,,2,unripe,2,unripe,,,False,,,False,,0.722222,1664.0,1515.738281,0.0,0.0,0.0,1.0,676.96875,452.15625,39.5625,38.3125,False,,,,,,,,,,,,,,,
session_20260630_103628,images_weak_noise_raw/weak_20260630_103922_000083.jpg,images_weak_noise_raw,212,7,model,2,unripe,0.579401,weak,weak,weak/noise conf 0.58<0.85,,2,unripe,2,unripe,,,False,,,False,,0.690476,1856.0,1762.283936,0.0,0.0,0.0,1.0,655.546875,482.726562,42.84375,41.132812,False,,,,,,,,,,,,,,,
session_20260630_103628,images_weak_noise_raw/weak_20260630_103922_000083.jpg,images_weak_noise_raw,212,8,model,2,unripe,0.562177,weak,weak,weak/noise conf 0.56<0.85 roi,,2,unripe,2,unripe,,,False,,,False,,0.8,4608.0,5077.460938,0.0,0.0,0.0,1.0,0.0,651.6875,74.875,67.8125,False,,,,,,,,,,,,,,,
session_20260630_103628,images_weak_noise_raw/weak_20260630_103922_000083.jpg,images_weak_noise_raw,212,9,model,2,unripe,0.542863,weak,weak,weak/noise conf 0.54<0.85,,2,unripe,2,unripe,,,False,,,False,,0.722222,1664.0,1713.339844,0.0,0.0,0.0,1.0,634.71875,401.40625,40.078125,42.75,False,,,,,,,,,,,,,,,
session_20260630_103628,images_weak_noise_raw/weak_20260630_103922_000083.jpg,images_weak_noise_raw,212,10,model,2,unripe,0.474631,weak,weak,weak/noise conf 0.47<0.85,,2,unripe,2,unripe,,,False,,,False,,0.810256,10112.0,11715.060547,0.0,0.0,0.0,1.0,85.234375,617.125,114.328125,102.46875,False,,,,,,,,,,,,,,,
session_20260630_103628,images_weak_noise_raw/weak_20260630_103922_000083.jpg,images_weak_noise_raw,212,11,model,1,ripe,0.433981,weak,weak,weak/noise conf 0.43<0.80,,1,ripe,1,ripe,,,False,,,False,,0.733333,1408.0,1394.834106,0.55,0.4,0.95,0.25,1066.539062,525.0,34.242188,40.734375,False,,,,,,,,,,,,,,,
session_20260630_103628,images_weak_noise_raw/weak_20260630_103922_000083.jpg,images_weak_noise_raw,212,12,model,2,unripe,0.340704,weak,weak,weak/noise conf 0.34<0.85,,2,unripe,2,unripe,,,False,,,False,,0.44,704.0,1090.912964,0.0,0.909091,0.909091,0.090909,916.140625,200.714844,30.726562,35.503906,False,,,,,,,,,,,,,,,
session_20260630_103628,images_weak_noise_raw/weak_20260630_103922_000083.jpg,images_weak_noise_raw,212,13,model,1,ripe,0.314892,weak,weak,weak/noise conf 0.31<0.80,,1,ripe,1,ripe,,,False,,,False,,0.8125,832.0,662.28418,0.416667,0.5,0.916667,0.333333,1035.140625,539.78125,24.398438,27.144531,False,,,,,,,,,,,,,,,
session_20260630_103628,images_weak_noise_raw/weak_20260630_103922_000083.jpg,images_weak_noise_raw,212,14,model,3,unripe bunch,0.291787,noise,noise,weak/noise conf 0.29<0.70 small_bunch_mask low_bunch_density tomatoes_inside 0<2,,3,unripe bunch,3,unripe bunch,,,False,,,False,,0.039773,896.0,19749.201172,0.0,0.0,0.0,1.0,844.1875,186.710938,164.4375,120.101562,False,,,,,,,,,,,,,,,
session_20260630_103628,images_weak_noise_raw/weak_20260630_103922_000083.jpg,images_weak_noise_raw,212,15,model,3,unripe bunch,0.22135,noise,noise,weak/noise conf 0.22<0.70 small_bunch_mask low_bunch_density tomatoes_inside 0<2,,3,unripe bunch,3,unripe bunch,,,False,,,False,,0.029762,320.0,9042.459961,0.0,0.0,0.0,1.0,914.0,217.84375,102.71875,88.03125,False,,,,,,,,,,,,,,,
session_20260630_103628,images_weak_noise_raw/weak_20260630_103922_000083.jpg,images_weak_noise_raw,212,16,model,2,unripe,0.169407,noise,noise,weak/noise conf 0.17<0.85,,2,unripe,2,unripe,,,False,,,False,,0.722222,1664.0,1730.727539,0.0,0.0,0.0,1.0,882.09375,18.664062,43.125,40.132812,False,,,,,,,,,,,,,,,
session_20260630_103628,images_weak_noise_raw/weak_20260630_103922_000083.jpg,images_weak_noise_raw,212,17,model,2,unripe,0.166134,noise,noise,weak/noise conf 0.17<0.85 roi,,2,unripe,2,unripe,,,False,,,False,,0.85,1088.0,1059.819092,0.0,0.0,0.0,1.0,1248.878906,552.53125,31.121094,34.054688,False,,,,,,,,,,,,,,,
session_20260630_103628,images_weak_noise_raw/weak_20260630_103923_000084.jpg,images_weak_noise_raw,213,0,model,3,unripe bunch,0.734882,weak,weak,weak/noise tomatoes_inside 0<2,,3,unripe bunch,3,unripe bunch,,,False,,,False,,0.077647,2112.0,24109.693359,0.0,0.0,0.0,1.0,792.0,133.4375,193.3125,124.71875,False,,,,,,,,,,,,,,,
session_20260630_103628,images_weak_noise_raw/weak_20260630_103923_000084.jpg,images_weak_noise_raw,213,1,model,2,unripe,0.726425,weak,weak,weak/noise conf 0.73<0.85,,2,unripe,2,unripe,,,False,,,False,,0.694444,1600.0,1532.703125,0.0,0.0,0.0,1.0,527.539062,436.328125,37.648438,40.710938,False,,,,,,,,,,,,,,,
session_20260630_103628,images_weak_noise_raw/weak_20260630_103923_000084.jpg,images_weak_noise_raw,213,2,model,2,unripe,0.721743,weak,weak,weak/noise conf 0.72<0.85,,2,unripe,2,unripe,,,False,,,False,,0.591837,1856.0,1929.676514,0.0,0.0,0.0,1.0,495.46875,348.203125,42.078125,45.859375,False,,,,,,,,,,,,,,,
session_20260630_103628,images_weak_noise_raw/weak_20260630_103923_000084.jpg,images_weak_noise_raw,213,3,model,2,unripe,0.70253,weak,weak,weak/noise conf 0.70<0.85,,2,unripe,2,unripe,,,False,,,False,,0.694444,1600.0,1604.667725,0.0,0.0,0.0,1.0,545.8125,405.0,39.90625,40.210938,False,,,,,,,,,,,,,,,
session_20260630_103628,images_weak_noise_raw/weak_20260630_103923_000084.jpg,images_weak_noise_raw,213,4,model,2,unripe,0.637031,weak,weak,weak/noise conf 0.64<0.85,,2,unripe,2,unripe,,,False,,,False,,0.722222,1664.0,1374.284668,0.0,0.0,0.0,1.0,814.601562,231.023438,38.382812,35.804688,False,,,,,,,,,,,,,,,
session_20260630_103628,images_weak_noise_raw/weak_20260630_103923_000084.jpg,images_weak_noise_raw,213,5,model,2,unripe,0.613237,weak,weak,weak/noise conf 0.61<0.85,,2,unripe,2,unripe,,,False,,,False,,0.6,1344.0,1635.616699,0.0,0.0,0.0,1.0,830.359375,154.03125,46.359375,35.28125,False,,,,,,,,,,,,,,,
session_20260630_103628,images_weak_noise_raw/weak_20260630_103923_000084.jpg,images_weak_noise_raw,213,6,model,3,unripe bunch,0.609524,weak,weak,weak/noise conf 0.61<0.70 small_bunch_mask low_bunch_density tomatoes_inside 0<2,,3,unripe bunch,3,unripe bunch,,,False,,,False,,0.025974,128.0,4208.653809,0.0,0.0,0.0,1.0,906.984375,489.5,81.671875,51.53125,False,,,,,,,,,,,,,,,
session_20260630_103628,images_weak_noise_raw/weak_20260630_103923_000084.jpg,images_weak_noise_raw,213,7,model,2,unripe,0.577495,weak,weak,weak/noise conf 0.58<0.85,,2,unripe,2,unripe,,,False,,,False,,0.761905,2048.0,2069.031494,0.0,0.0,0.0,1.0,800.984375,184.921875,47.140625,43.890625,False,,,,,,,,,,,,,,,
session_20260630_103628,images_weak_noise_raw/weak_20260630_103923_000084.jpg,images_weak_noise_raw,213,8,model,2,unripe,0.441673,weak,weak,weak/noise conf 0.44<0.85,,2,unripe,2,unripe,,,False,,,False,,0.633333,1216.0,1328.461426,0.0,0.0,0.0,1.0,1145.5625,509.640625,39.289062,33.8125,False,,,,,,,,,,,,,,,
session_20260630_103628,images_weak_noise_raw/weak_20260630_103923_000084.jpg,images_weak_noise_raw,213,9,model,2,unripe,0.405449,weak,weak,weak/noise conf 0.41<0.85,,2,unripe,2,unripe,,,False,,,False,,0.466667,896.0,1127.555054,0.0,0.714286,0.714286,0.428571,801.65625,140.660156,31.460938,35.839844,False,,,,,,,,,,,,,,,
session_20260630_103628,images_weak_noise_raw/weak_20260630_103923_000084.jpg,images_weak_noise_raw,213,10,model,2,unripe,0.405449,weak,weak,weak/noise conf 0.41<0.85,,2,unripe,2,unripe,,,False,,,False,,0.777778,1792.0,1541.5271,0.0,0.0,0.0,1.0,924.515625,180.429688,40.945312,37.648438,False,,,,,,,,,,,,,,,
session_20260630_103628,images_weak_noise_raw/weak_20260630_103923_000084.jpg,images_weak_noise_raw,213,11,model,2,unripe,0.38122,weak,weak,weak/noise conf 0.38<0.85,,2,unripe,2,unripe,,,False,,,False,,0.638889,1472.0,1501.752319,0.0,0.0,0.0,1.0,1196.429688,585.453125,37.914062,39.609375,False,,,,,,,,,,,,,,,
session_20260630_103628,images_weak_noise_raw/weak_20260630_103923_000084.jpg,images_weak_noise_raw,213,12,model,1,ripe,0.349532,weak,weak,weak/noise conf 0.35<0.80,,1,ripe,1,ripe,,,False,,,False,,0.734694,2304.0,2064.008789,0.424242,0.333333,0.757576,0.212121,943.578125,478.75,46.984375,43.929688,False,,,,,,,,,,,,,,,
session_20260630_103628,images_weak_noise_raw/weak_20260630_103923_000084.jpg,images_weak_noise_raw,213,13,model,2,unripe,0.339827,weak,weak,weak/noise conf 0.34<0.85,,2,unripe,2,unripe,,,False,,,False,,0.694444,1600.0,1554.550781,0.0,0.0,0.0,1.0,451.25,410.4375,40.3125,38.5625,False,,,,,,,,,,,,,,,
session_20260630_103628,images_weak_noise_raw/weak_20260630_103923_000084.jpg,images_weak_noise_raw,213,14,model,1,ripe,0.296654,noise,noise,weak/noise conf 0.30<0.80,,1,ripe,1,ripe,,,False,,,False,,0.633333,1216.0,1209.000488,0.529412,0.235294,0.764706,0.294118,789.46875,103.9375,34.335938,35.210938,False,,,,,,,,,,,,,,,
session_20260630_103628,images_weak_noise_raw/weak_20260630_103923_000084.jpg,images_weak_noise_raw,213,15,model,2,unripe,0.256086,noise,noise,weak/noise conf 0.26<0.85,,2,unripe,2,unripe,,,False,,,False,,0.56,896.0,924.164062,0.0,0.0,0.0,1.0,878.859375,158.796875,32.25,28.65625,False,,,,,,,,,,,,,,,
session_20260630_103628,images_weak_noise_raw/weak_20260630_103923_000084.jpg,images_weak_noise_raw,213,16,model,2,unripe,0.243644,noise,noise,weak/noise conf 0.24<0.85,,2,unripe,2,unripe,,,False,,,False,,0.694444,1600.0,1539.666382,0.0,0.0,0.0,1.0,1166.375,566.3125,37.914062,40.609375,False,,,,,,,,,,,,,,,
session_20260630_103628,images_weak_noise_raw/weak_20260630_103923_000084.jpg,images_weak_noise_raw,213,17,model,2,unripe,0.210118,noise,noise,weak/noise conf 0.21<0.85,,2,unripe,2,unripe,,,False,,,False,,0.791667,1216.0,1069.219482,0.0,0.846154,0.846154,0.153846,729.46875,490.601562,41.96875,25.476562,False,,,,,,,,,,,,,,,
session_20260630_103628,images_weak_noise_raw/weak_20260630_103923_000084.jpg,images_weak_noise_raw,213,18,model,1,ripe,0.196826,noise,noise,weak/noise conf 0.20<0.80,,1,ripe,1,ripe,,,False,,,False,,0.675,1728.0,1857.240723,0.36,0.32,0.68,0.28,921.695312,492.953125,57.242188,32.445312,False,,,,,,,,,,,,,,,
session_20260630_103628,images_weak_noise_raw/weak_20260630_103923_000084.jpg,images_weak_noise_raw,213,19,model,2,unripe,0.160265,noise,noise,weak/noise conf 0.16<0.85,,2,unripe,2,unripe,,,False,,,False,,0.85,1088.0,977.979736,0.0,0.0,0.0,1.0,1169.703125,530.484375,34.109375,28.671875,False,,,,,,,,,,,,,,,
session_20260630_103628,images_weak_noise_raw/weak_20260630_103923_000084.jpg,images_weak_noise_raw,213,20,model,1,ripe,0.160265,noise,noise,weak/noise conf 0.16<0.80,,1,ripe,1,ripe,,,False,,,False,,0.7,1792.0,1772.391113,0.321429,0.535714,0.857143,0.178571,918.28125,521.96875,49.9375,35.492188,False,,,,,,,,,,,,,,,
session_20260630_103628,images_weak_noise_raw/weak_20260630_103927_000085.jpg,images_weak_noise_raw,214,0,model,1,ripe,0.870599,weak,weak,weak/noise roi,,1,ripe,1,ripe,,,False,,,False,,0.765432,7936.0,9311.777344,0.951613,0.040323,0.991935,0.008065,466.4375,651.125,136.0625,68.4375,False,,,,,,,,,,,,,,,
session_20260630_103628,images_weak_noise_raw/weak_20260630_103927_000085.jpg,images_weak_noise_raw,214,1,model,2,unripe,0.656659,weak,weak,weak/noise conf 0.66<0.85,,2,unripe,2,unripe,,,False,,,False,,0.657778,9472.0,12791.904297,0.0,0.151515,0.151515,0.833333,1.0,60.140625,113.34375,112.859375,False,,,,,,,,,,,,,,,
session_20260630_103628,images_weak_noise_raw/weak_20260630_103927_000085.jpg,images_weak_noise_raw,214,2,model,2,unripe,0.372048,weak,weak,weak/noise conf 0.37<0.85 roi,,2,unripe,2,unripe,,,False,,,False,,0.7,1792.0,1594.032959,0.0,0.0,0.0,1.0,1198.890625,685.3125,49.984375,31.890625,False,,,,,,,,,,,,,,,
session_20260630_103628,images_weak_noise_raw/weak_20260630_103927_000085.jpg,images_weak_noise_raw,214,3,model,2,unripe,0.229537,noise,noise,weak/noise conf 0.23<0.85,,2,unripe,2,unripe,,,False,,,False,,0.805861,84480.0,100339.625,0.0,0.000836,0.000836,0.999164,470.5,105.75,325.25,308.5,False,,,,,,,,,,,,,,,
session_20260630_103628,images_weak_noise_raw/weak_20260630_103927_000085.jpg,images_weak_noise_raw,214,4,model,2,unripe,0.202443,noise,noise,weak/noise conf 0.20<0.85,,2,unripe,2,unripe,,,False,,,False,,0.827273,5824.0,5661.024902,0.0,0.0,0.0,1.0,325.40625,642.75,75.84375,74.640625,False,,,,,,,,,,,,,,,
session_20260630_103628,images_weak_noise_raw/weak_20260630_103927_000085.jpg,images_weak_noise_raw,214,5,model,2,unripe,0.181842,noise,noise,weak/noise conf 0.18<0.85,,2,unripe,2,unripe,,,False,,,False,,0.757895,9216.0,10732.648438,0.0,0.0,0.0,1.0,58.625,644.21875,143.640625,74.71875,False,,,,,,,,,,,,,,,
session_20260630_103628,images_weak_noise_raw/weak_20260630_103927_000085.jpg,images_weak_noise_raw,214,6,model,2,unripe,0.159216,noise,noise,weak/noise conf 0.16<0.85,,2,unripe,2,unripe,,,False,,,False,,0.665441,11584.0,15001.453125,0.0,0.012739,0.012739,0.987261,117.3125,31.46875,121.5,123.46875,False,,,,,,,,,,,,,,,
session_20260630_103628,images_weak_noise_raw/weak_20260630_103927_000085.jpg,images_weak_noise_raw,214,7,model,2,unripe,0.155589,noise,noise,weak/noise conf 0.16<0.85,,2,unripe,2,unripe,,,False,,,False,,0.703125,25920.0,32950.730469,0.0,0.0,0.0,1.0,309.875,46.15625,178.625,184.46875,False,,,,,,,,,,,,,,,
session_20260630_103628,images_weak_noise_raw/weak_20260630_103928_000086.jpg,images_weak_noise_raw,215,0,model,2,unripe,0.845944,weak,review,weak/noise conf 0.85<0.85,near_threshold_unripe_color_mask_support,2,unripe,2,unripe,,,False,,,True,near_threshold_unripe_color_mask_support,0.751479,8128.0,9569.755859,0.0,0.0,0.0,1.0,596.09375,509.15625,97.0625,98.59375,False,,,,,,,,,,,,,,,
session_20260630_103628,images_weak_noise_raw/weak_20260630_103928_000086.jpg,images_weak_noise_raw,215,1,model,1,ripe,0.686791,weak,weak,weak/noise conf 0.69<0.80,,1,ripe,1,ripe,,,False,,,False,,0.739645,8000.0,9533.650391,0.493827,0.185185,0.679012,0.074074,429.8125,315.03125,97.84375,97.4375,False,,,,,,,,,,,,,,,
session_20260630_103628,images_weak_noise_raw/weak_20260630_103928_000086.jpg,images_weak_noise_raw,215,2,model,2,unripe,0.384912,weak,weak,weak/noise conf 0.38<0.85 bad_color gy=0.07,,2,unripe,2,unripe,,,False,,,False,,0.739645,8000.0,9297.75,0.493827,0.185185,0.679012,0.074074,429.53125,317.40625,98.0,94.875,False,,,,,,,,,,,,,,,
session_20260630_103628,images_weak_noise_raw/weak_20260630_103928_000086.jpg,images_weak_noise_raw,215,3,model,2,unripe,0.23301,noise,noise,weak/noise conf 0.23<0.85,,2,unripe,2,unripe,,,False,,,False,,0.820574,21952.0,25299.353516,0.0,0.0,0.0,1.0,852.34375,563.0625,171.59375,147.4375,False,,,,,,,,,,,,,,,
session_20260630_103628,images_weak_noise_raw/weak_20260630_103928_000086.jpg,images_weak_noise_raw,215,4,model,2,unripe,0.214034,noise,noise,weak/noise conf 0.21<0.85,,2,unripe,2,unripe,,,False,,,False,,0.573427,5248.0,7766.177734,0.0,0.0,0.0,1.0,597.96875,296.9375,80.21875,96.8125,False,,,,,,,,,,,,,,,
session_20260630_103628,images_weak_noise_raw/weak_20260630_103931_000087.jpg,images_weak_noise_raw,216,0,model,2,unripe,0.811677,weak,color_corrected,weak/noise conf 0.81<0.85 bad_color gy=0.04,unripe_to_ripe_by_mask_color,2,unripe,1,ripe,1,ripe,True,unripe_to_ripe_by_mask_color,0.826087,False,,0.761905,3072.0,3554.539307,0.652174,0.217391,0.869565,0.043478,760.484375,353.453125,65.578125,54.203125,False,,,,,,,,,,,,,,,
session_20260630_103628,images_weak_noise_raw/weak_20260630_103931_000087.jpg,images_weak_noise_raw,216,1,model,2,unripe,0.602062,weak,weak,weak/noise conf 0.60<0.85,,2,unripe,2,unripe,,,False,,,False,,0.691358,3584.0,4080.969238,0.0,0.0,0.0,1.0,870.8125,465.171875,64.09375,63.671875,False,,,,,,,,,,,,,,,
session_20260630_103628,images_weak_noise_raw/weak_20260630_103931_000087.jpg,images_weak_noise_raw,216,2,model,1,ripe,0.505859,weak,weak,weak/noise conf 0.51<0.80,,1,ripe,1,ripe,,,False,,,False,,0.590278,5440.0,7323.117188,0.892857,0.035714,0.928571,0.059524,334.3125,15.125,83.8125,87.375,False,,,,,,,,,,,,,,,
session_20260630_103628,images_weak_noise_raw/weak_20260630_103931_000087.jpg,images_weak_noise_raw,216,3,model,1,ripe,0.286967,noise,noise,weak/noise conf 0.29<0.80 roi,,1,ripe,1,ripe,,,False,,,False,,0.545455,1920.0,2655.56543,1.0,0.0,1.0,0.0,292.84375,0.90625,78.375,33.882812,False,,,,,,,,,,,,,,,
session_20260630_103628,images_weak_noise_raw/weak_20260630_103931_000087.jpg,images_weak_noise_raw,216,4,model,2,unripe,0.266644,noise,noise,weak/noise conf 0.27<0.85,,2,unripe,2,unripe,,,False,,,False,,0.785714,2112.0,2026.656494,0.0,0.0,0.0,0.714286,828.546875,313.96875,40.507812,50.03125,False,,,,,,,,,,,,,,,
session_20260630_103628,images_weak_noise_raw/weak_20260630_103932_000088.jpg,images_weak_noise_raw,217,0,model,1,ripe,0.804406,strong,strong,,,1,ripe,1,ripe,,,False,,,False,,0.613636,5184.0,7194.785156,0.9375,0.05,0.9875,0.0125,337.5625,31.9375,82.34375,87.375,False,,,,,,,,,,,,,,,
session_20260630_103628,images_weak_noise_raw/weak_20260630_103932_000088.jpg,images_weak_noise_raw,217,1,model,1,ripe,0.737159,weak,weak,weak/noise conf 0.74<0.80 roi,,1,ripe,1,ripe,,,False,,,False,,0.649351,3200.0,4325.195312,1.0,0.0,1.0,0.0,297.3125,0.0,80.46875,53.75,False,,,,,,,,,,,,,,,
session_20260630_103628,images_weak_noise_raw/weak_20260630_103932_000088.jpg,images_weak_noise_raw,217,2,model,2,unripe,0.638835,weak,weak,weak/noise conf 0.64<0.85 roi bad_color gy=0.00,,2,unripe,2,unripe,,,False,,,False,,0.666667,2560.0,3014.708984,0.05,0.95,1.0,0.0,394.8125,0.0,74.179688,40.640625,False,,,,,,,,,,,,,,,
session_20260630_103628,images_weak_noise_raw/weak_20260630_103932_000088.jpg,images_weak_noise_raw,217,3,model,2,unripe,0.560253,weak,weak,weak/noise conf 0.56<0.85,,2,unripe,2,unripe,,,False,,,False,,0.805556,3712.0,4196.606934,0.0,0.0,0.0,1.0,872.140625,488.75,63.78125,65.796875,False,,,,,,,,,,,,,,,
session_20260630_103628,images_weak_noise_raw/weak_20260630_103932_000088.jpg,images_weak_noise_raw,217,4,model,2,unripe,0.560253,weak,color_corrected,weak/noise conf 0.56<0.85 bad_color gy=0.04,unripe_to_ripe_by_mask_color,2,unripe,1,ripe,1,ripe,True,unripe_to_ripe_by_mask_color,0.678572,False,,0.62963,3264.0,3861.464844,0.535714,0.178571,0.714286,0.035714,760.375,374.875,65.9375,58.5625,False,,,,,,,,,,,,,,,
session_20260630_103628,images_weak_noise_raw/weak_20260630_103934_000089.jpg,images_weak_noise_raw,218,0,model,1,ripe,0.558327,weak,weak,weak/noise conf 0.56<0.80,,1,ripe,1,ripe,,,False,,,False,,0.598485,5056.0,7453.665527,0.949367,0.025316,0.974684,0.0,340.375,22.15625,83.078125,89.71875,False,,,,,,,,,,,,,,,
session_20260630_103628,images_weak_noise_raw/weak_20260630_103934_000089.jpg,images_weak_noise_raw,218,1,model,2,unripe,0.426322,weak,weak,weak/noise conf 0.43<0.85 roi bad_color gy=0.00,,2,unripe,2,unripe,,,False,,,False,,0.545455,1920.0,2620.019531,0.0,1.0,1.0,0.0,396.53125,0.0,76.21875,34.375,False,,,,,,,,,,,,,,,
session_20260630_103628,images_weak_noise_raw/weak_20260630_103934_000089.jpg,images_weak_noise_raw,218,2,model,1,ripe,0.301568,weak,weak,weak/noise conf 0.30<0.80 roi,,1,ripe,1,ripe,,,False,,,False,,0.651515,2752.0,3584.625,1.0,0.0,1.0,0.0,300.53125,0.0,81.46875,44.0,False,,,,,,,,,,,,,,,
session_20260630_103628,images_weak_noise_raw/weak_20260630_103934_000089.jpg,images_weak_noise_raw,218,3,model,2,unripe,0.249447,noise,noise,weak/noise conf 0.25<0.85 bad_color gy=0.03,,2,unripe,2,unripe,,,False,,,False,,0.691358,3584.0,4097.948242,0.551724,0.172414,0.724138,0.034483,762.359375,367.9375,67.265625,60.921875,False,,,,,,,,,,,,,,,
session_20260630_103628,images_weak_noise_raw/weak_20260630_103935_000090.jpg,images_weak_noise_raw,219,0,model,1,ripe,0.782663,weak,review,weak/noise conf 0.78<0.80,near_threshold_ripe_color_mask_support,1,ripe,1,ripe,,,False,,,True,near_threshold_ripe_color_mask_support,0.611111,5632.0,7205.317383,0.883721,0.034884,0.918605,0.069767,358.78125,3.25,82.96875,86.84375,False,,,,,,,,,,,,,,,
session_20260630_103628,images_weak_noise_raw/weak_20260630_103935_000090.jpg,images_weak_noise_raw,219,1,model,2,unripe,0.252384,noise,noise,weak/noise conf 0.25<0.85 roi bad_color gy=0.00,,2,unripe,2,unripe,,,False,,,False,,0.625,640.0,739.983215,0.1,0.9,1.0,0.0,431.195312,0.0,53.242188,13.898438,False,,,,,,,,,,,,,,,
session_20260630_103628,images_weak_noise_raw/weak_20260630_103935_000090.jpg,images_weak_noise_raw,219,2,model,1,ripe,0.195594,noise,noise,weak/noise conf 0.20<0.80 roi,,1,ripe,1,ripe,,,False,,,False,,0.62963,1088.0,1519.412842,1.0,0.0,1.0,0.0,325.3125,0.0,63.515625,23.921875,False,,,,,,,,,,,,,,,
session_20260630_103628,images_weak_noise_raw/weak_20260630_103937_000091.jpg,images_weak_noise_raw,220,0,model,2,unripe,0.773215,weak,color_corrected,weak/noise conf 0.77<0.85 bad_color gy=0.00,unripe_to_ripe_by_mask_color,2,unripe,1,ripe,1,ripe,True,unripe_to_ripe_by_mask_color,0.76,False,,0.694444,3200.0,3639.748535,0.64,0.12,0.76,0.0,768.78125,267.875,63.59375,57.234375,False,,,,,,,,,,,,,,,
session_20260630_103628,images_weak_noise_raw/weak_20260630_103937_000091.jpg,images_weak_noise_raw,220,1,model,2,unripe,0.622459,weak,weak,weak/noise conf 0.62<0.85,,2,unripe,2,unripe,,,False,,,False,,0.728395,3776.0,4100.842773,0.0,0.0,0.0,1.0,874.546875,381.625,63.640625,64.4375,False,,,,,,,,,,,,,,,
session_20260630_103628,images_weak_noise_raw/weak_20260630_103937_000091.jpg,images_weak_noise_raw,220,2,model,2,unripe,0.583203,weak,weak,weak/noise conf 0.58<0.85,,2,unripe,2,unripe,,,False,,,False,,0.645833,1984.0,2272.855957,0.0,0.0,0.0,1.0,821.8125,416.359375,55.96875,40.609375,False,,,,,,,,,,,,,,,
session_20260630_103628,images_weak_noise_raw/weak_20260630_103937_000091.jpg,images_weak_noise_raw,220,3,model,2,unripe,0.513668,weak,weak,weak/noise conf 0.51<0.85,,2,unripe,2,unripe,,,False,,,False,,0.738095,1984.0,1835.367188,0.0,0.0,0.0,1.0,839.078125,231.78125,38.5,47.671875,False,,,,,,,,,,,,,,,
session_20260630_103628,images_weak_noise_raw/weak_20260630_103937_000091.jpg,images_weak_noise_raw,220,4,model,3,unripe bunch,0.214692,noise,noise,weak/noise conf 0.21<0.70 tomatoes_inside 0<2,,3,unripe bunch,3,unripe bunch,,,False,,,False,,0.071237,3392.0,44222.226562,0.0,0.0,0.0,1.0,763.25,208.875,182.125,242.8125,False,,,,,,,,,,,,,,,
session_20260630_103628,images_weak_noise_raw/weak_20260630_103951_000092.jpg,images_weak_noise_raw,221,0,model,3,unripe bunch,0.879561,weak,weak,weak/noise tomatoes_inside 0<2,,3,unripe bunch,3,unripe bunch,,,False,,,False,,0.096558,5436.620605,53947.804688,0.114286,0.165714,0.28,0.731429,0.0,17.166407,148.010345,364.486725,False,,,,,,,,,,,,,,,
session_20260630_103628,images_weak_noise_raw/weak_20260630_103951_000092.jpg,images_weak_noise_raw,221,1,model,2,unripe,0.700075,weak,color_corrected,weak/noise conf 0.70<0.85 bad_color gy=0.03,unripe_to_ripe_by_mask_color,2,unripe,1,ripe,1,ripe,True,unripe_to_ripe_by_mask_color,0.92683,False,,0.775148,8384.0,10039.365234,0.01626,0.943089,0.95935,0.03252,0.4375,194.65625,99.0625,101.34375,False,,,,,,,,,,,,,,,
session_20260630_103628,images_weak_noise_raw/weak_20260630_103951_000092.jpg,images_weak_noise_raw,221,2,model,1,ripe,0.624294,weak,weak,weak/noise conf 0.62<0.80,,1,ripe,1,ripe,,,False,,,False,,0.734694,9216.0,11374.617188,0.956835,0.021583,0.978417,0.0,42.0625,36.96875,107.625,105.6875,False,,,,,,,,,,,,,,,
session_20260630_103628,images_weak_noise_raw/weak_20260630_103951_000092.jpg,images_weak_noise_raw,221,3,model,1,ripe,0.470737,weak,weak,weak/noise conf 0.47<0.80 roi,,1,ripe,1,ripe,,,False,,,False,,0.5,1664.0,2306.296631,1.0,0.0,1.0,0.0,0.480469,293.3125,25.222656,91.4375,False,,,,,,,,,,,,,,,
session_20260630_103628,images_weak_noise_raw/weak_20260630_103951_000092.jpg,images_weak_noise_raw,221,4,model,3,unripe bunch,0.250179,noise,noise,weak/noise conf 0.25<0.70 tomatoes_inside 0<2,,3,unripe bunch,3,unripe bunch,,,False,,,False,,0.108772,5952.0,52777.828125,0.095238,0.047619,0.142857,0.857143,0.0,25.34375,148.5,355.40625,False,,,,,,,,,,,,,,,
session_20260630_103628,images_weak_noise_raw/weak_20260630_103953_000093.jpg,images_weak_noise_raw,222,0,model,2,unripe,0.843897,weak,review,weak/noise conf 0.84<0.85,near_threshold_unripe_color_mask_support,2,unripe,2,unripe,,,False,,,True,near_threshold_unripe_color_mask_support,0.719008,5568.0,6547.59375,0.0,0.0,0.0,1.0,627.15625,346.15625,79.125,82.75,False,,,,,,,,,,,,,,,
session_20260630_103628,images_weak_noise_raw/weak_20260630_103953_000093.jpg,images_weak_noise_raw,222,1,model,2,unripe,0.843897,weak,color_corrected,weak/noise conf 0.84<0.85,unripe_to_ripe_by_mask_color,2,unripe,1,ripe,1,ripe,True,unripe_to_ripe_by_mask_color,0.588236,False,,0.659091,5568.0,6559.837891,0.411765,0.382353,0.794118,0.205882,487.96875,186.0,82.9375,79.09375,False,,,,,,,,,,,,,,,
session_20260630_103628,images_weak_noise_raw/weak_20260630_103953_000093.jpg,images_weak_noise_raw,222,2,model,2,unripe,0.253121,noise,noise,weak/noise conf 0.25<0.85,,2,unripe,2,unripe,,,False,,,False,,0.609091,4288.0,5194.422852,0.0,0.0,0.0,1.0,630.078125,174.34375,67.859375,76.546875,False,,,,,,,,,,,,,,,
session_20260630_103628,images_weak_noise_raw/weak_20260630_103953_000093.jpg,images_weak_noise_raw,222,3,model,1,ripe,0.2261,noise,noise,weak/noise conf 0.23<0.80,,1,ripe,1,ripe,,,False,,,False,,0.787879,6656.0,7309.86377,0.635135,0.027027,0.662162,0.22973,483.4375,93.0625,82.046875,89.09375,False,,,,,,,,,,,,,,,
session_20260630_103628,images_weak_noise_raw/weak_20260630_103953_000093.jpg,images_weak_noise_raw,222,4,model,2,unripe,0.216012,noise,noise,weak/noise conf 0.22<0.85 roi,,2,unripe,2,unripe,,,False,,,False,,0.696429,2496.0,2668.961426,0.0,0.0,0.0,1.0,1006.351562,662.65625,48.929688,54.546875,False,,,,,,,,,,,,,,,
session_20260630_103628,images_weak_noise_raw/weak_20260630_103958_000094.jpg,images_weak_noise_raw,223,0,model,2,unripe,0.834406,weak,color_corrected,weak/noise conf 0.83<0.85,unripe_to_ripe_by_mask_color,2,unripe,1,ripe,1,ripe,True,unripe_to_ripe_by_mask_color,0.6875,False,,0.734848,6208.0,6986.084961,0.46875,0.3125,0.78125,0.09375,435.25,353.21875,86.28125,80.96875,False,,,,,,,,,,,,,,,
session_20260630_103628,images_weak_noise_raw/weak_20260630_103958_000094.jpg,images_weak_noise_raw,223,1,model,1,ripe,0.763481,weak,review,weak/noise conf 0.76<0.80,near_threshold_ripe_color_mask_support,1,ripe,1,ripe,,,False,,,True,near_threshold_ripe_color_mask_support,0.711538,7104.0,7975.901367,0.662338,0.0,0.662338,0.077922,421.96875,263.46875,90.21875,88.40625,False,,,,,,,,,,,,,,,
session_20260630_103628,images_weak_noise_raw/weak_20260630_103958_000094.jpg,images_weak_noise_raw,223,2,model,1,ripe,0.197444,noise,noise,weak/noise conf 0.20<0.80,,1,ripe,1,ripe,,,False,,,False,,0.735537,5696.0,7161.074219,0.28,0.013333,0.293333,0.0,409.90625,27.8125,85.1875,84.0625,False,,,,,,,,,,,,,,,
session_20260630_103628,images_weak_noise_raw/weak_20260630_103958_000094.jpg,images_weak_noise_raw,223,3,model,2,unripe,0.166134,noise,noise,weak/noise conf 0.17<0.85 roi,,2,unripe,2,unripe,,,False,,,False,,0.727273,1536.0,1426.565552,0.0,0.0,0.0,1.0,259.34375,700.841797,80.609375,17.697266,False,,,,,,,,,,,,,,,
session_20260630_103628,images_weak_noise_raw/weak_20260630_104000_000095.jpg,images_weak_noise_raw,224,0,model,2,unripe,0.689306,weak,color_corrected,weak/noise conf 0.69<0.85 bad_color gy=0.05,unripe_to_ripe_by_mask_color,2,unripe,1,ripe,1,ripe,True,unripe_to_ripe_by_mask_color,0.8205129999999999,False,,0.694444,3200.0,3630.42334,0.435897,0.435897,0.871795,0.051282,221.796875,358.375,65.671875,55.28125,False,,,,,,,,,,,,,,,
session_20260630_103628,images_weak_noise_raw/weak_20260630_104000_000095.jpg,images_weak_noise_raw,224,1,model,2,unripe,0.363873,weak,weak,weak/noise conf 0.36<0.85 roi,,2,unripe,2,unripe,,,False,,,False,,0.759259,2624.0,2447.858398,0.025,0.025,0.05,0.975,637.75,676.195312,59.875,40.882812,False,,,,,,,,,,,,,,,
session_20260630_103628,images_weak_noise_raw/weak_20260630_104000_000095.jpg,images_weak_noise_raw,224,2,model,3,unripe bunch,0.293405,noise,noise,weak/noise conf 0.29<0.70 small_bunch_mask low_bunch_density bad_color gy=0.00 tomatoes_inside 0<2,,3,unripe bunch,3,unripe bunch,,,False,,,False,,0.0,0.0,18851.375,0.0,0.0,0.0,0.0,993.375,119.6875,158.0,119.3125,False,,,,,,,,,,,,,,,
session_20260630_103628,images_weak_noise_raw/weak_20260630_104000_000095.jpg,images_weak_noise_raw,224,3,model,2,unripe,0.193147,noise,noise,weak/noise conf 0.19<0.85,,2,unripe,2,unripe,,,False,,,False,,0.652778,3008.0,3455.223389,0.0,0.0,0.0,1.0,310.78125,472.734375,58.890625,58.671875,False,,,,,,,,,,,,,,,
session_20260630_103628,images_weak_noise_raw/weak_20260630_104001_000096.jpg,images_weak_noise_raw,225,0,model,2,unripe,0.562177,weak,weak,weak/noise conf 0.56<0.85,,2,unripe,2,unripe,,,False,,,False,,0.6,1152.0,1257.540649,0.0,0.0,0.0,1.0,673.410156,563.054688,38.871094,32.351562,False,,,,,,,,,,,,,,,
session_20260630_103628,images_weak_noise_raw/weak_20260630_104001_000096.jpg,images_weak_noise_raw,225,1,model,2,unripe,0.554471,weak,weak,weak/noise conf 0.55<0.85,,2,unripe,2,unripe,,,False,,,False,,0.76,1216.0,1009.786926,0.0,0.0,0.0,1.0,774.4375,642.179688,28.289062,35.695312,False,,,,,,,,,,,,,,,
session_20260630_103628,images_weak_noise_raw/weak_20260630_104001_000096.jpg,images_weak_noise_raw,225,2,model,3,unripe bunch,0.514644,weak,weak,weak/noise conf 0.51<0.70 tomatoes_inside 0<2,,3,unripe bunch,3,unripe bunch,,,False,,,False,,0.081926,6208.0,71858.539062,0.0,0.0,0.0,1.0,621.3125,385.0,244.9375,293.375,False,,,,,,,,,,,,,,,
session_20260630_103628,images_weak_noise_raw/weak_20260630_104001_000096.jpg,images_weak_noise_raw,225,3,model,2,unripe,0.486332,weak,weak,weak/noise conf 0.49<0.85 roi,,2,unripe,2,unripe,,,False,,,False,,0.708333,1088.0,881.157715,0.0,0.066667,0.066667,1.0,442.328125,695.445312,37.9375,23.226562,False,,,,,,,,,,,,,,,
session_20260630_103628,images_weak_noise_raw/weak_20260630_104001_000096.jpg,images_weak_noise_raw,225,4,model,2,unripe,0.432063,weak,weak,weak/noise conf 0.43<0.85,,2,unripe,2,unripe,,,False,,,False,,0.88,1408.0,1093.368408,0.0,0.0,0.0,1.0,639.929688,564.023438,30.617188,35.710938,False,,,,,,,,,,,,,,,
session_20260630_103628,images_weak_noise_raw/weak_20260630_104001_000096.jpg,images_weak_noise_raw,225,5,model,2,unripe,0.313209,weak,weak,weak/noise conf 0.31<0.85,,2,unripe,2,unripe,,,False,,,False,,0.666667,1280.0,1163.861084,0.0,0.0,0.0,1.0,762.257812,531.335938,37.820312,30.773438,False,,,,,,,,,,,,,,,
session_20260630_103628,images_weak_noise_raw/weak_20260630_104001_000096.jpg,images_weak_noise_raw,225,6,model,2,unripe,0.309023,weak,weak,weak/noise conf 0.31<0.85,,2,unripe,2,unripe,,,False,,,False,,0.84,1344.0,1300.40625,0.0,0.0,0.0,1.0,619.3125,504.984375,36.375,35.75,False,,,,,,,,,,,,,,,
session_20260630_103628,images_weak_noise_raw/weak_20260630_104001_000096.jpg,images_weak_noise_raw,225,7,model,2,unripe,0.245086,noise,noise,weak/noise conf 0.25<0.85 roi,,2,unripe,2,unripe,,,False,,,False,,0.9,1152.0,845.046448,0.0,0.705882,0.705882,0.882353,1179.460938,693.960938,34.679688,24.367188,False,,,,,,,,,,,,,,,
session_20260630_103628,images_weak_noise_raw/weak_20260630_104001_000096.jpg,images_weak_noise_raw,225,8,model,2,unripe,0.230922,noise,noise,weak/noise conf 0.23<0.85,,2,unripe,2,unripe,,,False,,,False,,0.638889,1472.0,1244.315186,0.0,0.727273,0.727273,0.909091,1181.546875,662.875,35.953125,34.609375,False,,,,,,,,,,,,,,,
session_20260630_103628,images_weak_noise_raw/weak_20260630_104001_000096.jpg,images_weak_noise_raw,225,9,model,2,unripe,0.216012,noise,noise,weak/noise conf 0.22<0.85,,2,unripe,2,unripe,,,False,,,False,,0.6,960.0,1004.944458,0.0,0.866667,0.866667,0.466667,443.296875,654.609375,30.546875,32.898438,False,,,,,,,,,,,,,,,
session_20260630_103628,images_weak_noise_raw/weak_20260630_104003_000097.jpg,images_weak_noise_raw,226,0,model,2,unripe,0.658418,weak,weak,weak/noise conf 0.66<0.85,,2,unripe,2,unripe,,,False,,,False,,0.7,1344.0,1329.150513,0.0,0.0,0.0,1.0,643.796875,644.867188,35.421875,37.523438,False,,,,,,,,,,,,,,,
session_20260630_103628,images_weak_noise_raw/weak_20260630_104003_000097.jpg,images_weak_noise_raw,226,1,model,3,unripe bunch,0.533155,weak,weak,weak/noise conf 0.53<0.70 low_bunch_density tomatoes_inside 0<2,,3,unripe bunch,3,unripe bunch,,,False,,,False,,0.035285,2816.0,75782.703125,0.0,0.0,0.0,1.0,556.75,474.75,336.625,225.125,False,,,,,,,,,,,,,,,
session_20260630_103628,images_weak_noise_raw/weak_20260630_104003_000097.jpg,images_weak_noise_raw,226,2,model,2,unripe,0.468791,weak,weak,weak/noise conf 0.47<0.85,,2,unripe,2,unripe,,,False,,,False,,0.7,1344.0,1217.050415,0.0,0.0,0.0,1.0,633.523438,516.828125,39.679688,30.671875,False,,,,,,,,,,,,,,,
session_20260630_103628,images_weak_noise_raw/weak_20260630_104003_000097.jpg,images_weak_noise_raw,226,3,model,2,unripe,0.451326,weak,weak,weak/noise conf 0.45<0.85,,2,unripe,2,unripe,,,False,,,False,,0.527778,1216.0,1382.157715,0.0,0.947368,0.947368,0.263158,243.640625,654.421875,36.765625,37.59375,False,,,,,,,,,,,,,,,
session_20260630_103628,images_weak_noise_raw/weak_20260630_104003_000097.jpg,images_weak_noise_raw,226,4,model,2,unripe,0.405449,weak,weak,weak/noise conf 0.41<0.85 roi,,2,unripe,2,unripe,,,False,,,False,,0.666667,640.0,595.842407,0.0,0.3,0.3,1.0,245.34375,701.867188,33.539062,17.765625,False,,,,,,,,,,,,,,,
session_20260630_103628,images_weak_noise_raw/weak_20260630_104003_000097.jpg,images_weak_noise_raw,226,5,model,2,unripe,0.392337,weak,weak,weak/noise conf 0.39<0.85,,2,unripe,2,unripe,,,False,,,False,,0.75,960.0,886.724121,0.0,0.0,0.0,1.0,776.929688,521.636719,34.960938,25.363281,False,,,,,,,,,,,,,,,
session_20260630_103628,images_weak_noise_raw/weak_20260630_104003_000097.jpg,images_weak_noise_raw,226,6,model,2,unripe,0.388618,weak,weak,weak/noise conf 0.39<0.85,,2,unripe,2,unripe,,,False,,,False,,0.619048,1664.0,1652.293945,0.0,0.6,0.6,0.88,1135.28125,653.859375,44.5625,37.078125,False,,,,,,,,,,,,,,,
session_20260630_103628,images_weak_noise_raw/weak_20260630_104003_000097.jpg,images_weak_noise_raw,226,7,model,2,unripe,0.291787,noise,noise,weak/noise conf 0.29<0.85,,2,unripe,2,unripe,,,False,,,False,,0.734694,2304.0,2205.242188,0.0,0.0,0.0,1.0,809.484375,605.78125,47.875,46.0625,False,,,,,,,,,,,,,,,
session_20260630_103628,images_weak_noise_raw/weak_20260630_104003_000097.jpg,images_weak_noise_raw,226,8,model,2,unripe,0.267409,noise,noise,weak/noise conf 0.27<0.85 roi bad_color gy=0.06,,2,unripe,2,unripe,,,False,,,False,,0.75,1152.0,1194.426514,0.0,1.0,1.0,0.055556,120.898438,688.890625,40.117188,29.773438,False,,,,,,,,,,,,,,,
session_20260630_103628,images_weak_noise_raw/weak_20260630_104003_000097.jpg,images_weak_noise_raw,226,9,model,2,unripe,0.240777,noise,noise,weak/noise conf 0.24<0.85,,2,unripe,2,unripe,,,False,,,False,,0.875,1344.0,1212.199219,0.0,0.0,0.0,1.0,816.71875,540.40625,29.65625,40.875,False,,,,,,,,,,,,,,,
session_20260630_103628,images_weak_noise_raw/weak_20260630_104003_000097.jpg,images_weak_noise_raw,226,10,model,2,unripe,0.225417,noise,noise,weak/noise conf 0.23<0.85,,2,unripe,2,unripe,,,False,,,False,,0.85,1088.0,909.092224,0.0,0.0,0.0,1.0,795.203125,516.703125,36.789062,24.710938,False,,,,,,,,,,,,,,,
session_20260630_103628,images_weak_noise_raw/weak_20260630_104003_000097.jpg,images_weak_noise_raw,226,11,model,3,unripe bunch,0.218669,noise,noise,weak/noise conf 0.22<0.70 small_bunch_mask low_bunch_density tomatoes_inside 0<2,,3,unripe bunch,3,unripe bunch,,,False,,,False,,0.045098,1472.0,29601.75,0.0,0.0,0.0,1.0,766.65625,451.25,127.59375,232.0,False,,,,,,,,,,,,,,,
session_20260630_103628,images_weak_noise_raw/weak_20260630_104003_000097.jpg,images_weak_noise_raw,226,12,model,2,unripe,0.194367,noise,noise,weak/noise conf 0.19<0.85,,2,unripe,2,unripe,,,False,,,False,,0.68,1088.0,1117.456177,0.0,0.125,0.125,1.0,105.132812,350.84375,36.101562,30.953125,False,,,,,,,,,,,,,,,
session_20260630_103628,images_weak_noise_raw/weak_20260630_104004_000098.jpg,images_weak_noise_raw,227,0,model,3,unripe bunch,0.796925,weak,weak,weak/noise small_bunch_mask tomatoes_inside 0<2,,3,unripe bunch,3,unripe bunch,,,False,,,False,,0.12125,1279.039795,9658.369141,0.0,0.081081,0.081081,0.986486,617.678284,510.419525,84.795349,113.902107,False,,,,,,,,,,,,,,,
session_20260630_103628,images_weak_noise_raw/weak_20260630_104004_000098.jpg,images_weak_noise_raw,227,1,model,3,unripe bunch,0.629776,weak,weak,weak/noise conf 0.63<0.70 small_bunch_mask tomatoes_inside 0<2,,3,unripe bunch,3,unripe bunch,,,False,,,False,,0.235417,1490.015381,5531.268555,0.0,0.008929,0.008929,1.0,397.306793,519.526001,105.164398,52.596397,False,,,,,,,,,,,,,,,
session_20260630_103628,images_weak_noise_raw/weak_20260630_104004_000098.jpg,images_weak_noise_raw,227,2,model,2,unripe,0.596433,weak,weak,weak/noise conf 0.60<0.85,,2,unripe,2,unripe,,,False,,,False,,0.638889,1472.0,1699.047485,0.0,0.086957,0.086957,1.0,1080.640625,500.859375,45.289062,37.515625,False,,,,,,,,,,,,,,,
session_20260630_103628,images_weak_noise_raw/weak_20260630_104004_000098.jpg,images_weak_noise_raw,227,3,model,3,unripe bunch,0.569853,weak,weak,weak/noise conf 0.57<0.70 tomatoes_inside 0<2,,3,unripe bunch,3,unripe bunch,,,False,,,False,,0.111888,2048.0,16068.383789,0.0,0.0,0.0,1.0,614.625,544.34375,94.78125,169.53125,False,,,,,,,,,,,,,,,
session_20260630_103628,images_weak_noise_raw/weak_20260630_104004_000098.jpg,images_weak_noise_raw,227,4,model,2,unripe,0.5564,weak,weak,weak/noise conf 0.56<0.85,,2,unripe,2,unripe,,,False,,,False,,0.7,896.0,954.849243,0.0,0.0,0.0,1.0,625.75,544.0625,31.953125,29.882812,False,,,,,,,,,,,,,,,
session_20260630_103628,images_weak_noise_raw/weak_20260630_104004_000098.jpg,images_weak_noise_raw,227,5,model,2,unripe,0.525369,weak,weak,weak/noise conf 0.53<0.85,,2,unripe,2,unripe,,,False,,,False,,0.7,896.0,820.975342,0.0,0.0,0.0,1.0,666.789062,562.570312,30.726562,26.71875,False,,,,,,,,,,,,,,,
session_20260630_103628,images_weak_noise_raw/weak_20260630_104004_000098.jpg,images_weak_noise_raw,227,6,model,2,unripe,0.513668,weak,weak,weak/noise conf 0.51<0.85,,2,unripe,2,unripe,,,False,,,False,,0.466667,896.0,1017.361145,0.0,0.0,0.0,1.0,1071.742188,468.835938,34.679688,29.335938,False,,,,,,,,,,,,,,,
session_20260630_103628,images_weak_noise_raw/weak_20260630_104004_000098.jpg,images_weak_noise_raw,227,7,model,2,unripe,0.44746,weak,weak,weak/noise conf 0.45<0.85,,2,unripe,2,unripe,,,False,,,False,,0.7,896.0,786.288391,0.0,0.0,0.0,1.0,673.546875,588.65625,26.667969,29.484375,False,,,,,,,,,,,,,,,
session_20260630_103628,images_weak_noise_raw/weak_20260630_104004_000098.jpg,images_weak_noise_raw,227,8,model,2,unripe,0.439747,weak,weak,weak/noise conf 0.44<0.85,,2,unripe,2,unripe,,,False,,,False,,0.75,768.0,770.267883,0.0,0.0,0.0,1.0,632.679688,576.984375,28.820312,26.726562,False,,,,,,,,,,,,,,,
session_20260630_103628,images_weak_noise_raw/weak_20260630_104004_000098.jpg,images_weak_noise_raw,227,9,model,2,unripe,0.435901,weak,weak,weak/noise conf 0.44<0.85,,2,unripe,2,unripe,,,False,,,False,,0.740741,2560.0,2742.486328,0.0,0.0,0.0,1.0,1057.96875,401.695312,66.75,41.085938,False,,,,,,,,,,,,,,,
session_20260630_103628,images_weak_noise_raw/weak_20260630_104004_000098.jpg,images_weak_noise_raw,227,10,model,2,unripe,0.399812,weak,weak,weak/noise conf 0.40<0.85,,2,unripe,2,unripe,,,False,,,False,,0.875,896.0,656.466553,0.0,0.0,0.0,1.0,656.25,540.958984,26.886719,24.416016,False,,,,,,,,,,,,,,,
session_20260630_103628,images_weak_noise_raw/weak_20260630_104004_000098.jpg,images_weak_noise_raw,227,11,model,2,unripe,0.32595,weak,weak,weak/noise conf 0.33<0.85,,2,unripe,2,unripe,,,False,,,False,,0.642857,1728.0,1859.322266,0.0,0.111111,0.111111,1.0,367.976562,661.734375,47.992188,38.742188,False,,,,,,,,,,,,,,,
session_20260630_103628,images_weak_noise_raw/weak_20260630_104004_000098.jpg,images_weak_noise_raw,227,12,model,2,unripe,0.312369,weak,weak,weak/noise conf 0.31<0.85,,2,unripe,2,unripe,,,False,,,False,,0.625,640.0,689.146851,0.0,0.0,0.0,1.0,633.078125,604.75,26.117188,26.386719,False,,,,,,,,,,,,,,,
session_20260630_103628,images_weak_noise_raw/weak_20260630_104004_000098.jpg,images_weak_noise_raw,227,13,model,2,unripe,0.281406,noise,noise,weak/noise conf 0.28<0.85,,2,unripe,2,unripe,,,False,,,False,,0.805556,1856.0,1903.682861,0.0,0.0,0.0,1.0,618.28125,642.75,44.546875,42.734375,False,,,,,,,,,,,,,,,
session_20260630_103628,images_weak_noise_raw/weak_20260630_104004_000098.jpg,images_weak_noise_raw,227,14,model,2,unripe,0.217337,noise,noise,weak/noise conf 0.22<0.85,,2,unripe,2,unripe,,,False,,,False,,0.611111,1408.0,1515.722656,0.0,0.0,0.0,1.0,1058.09375,534.820312,42.351562,35.789062,False,,,,,,,,,,,,,,,
session_20260630_103628,images_weak_noise_raw/weak_20260630_104004_000098.jpg,images_weak_noise_raw,227,15,model,2,unripe,0.197444,noise,noise,weak/noise conf 0.20<0.85,,2,unripe,2,unripe,,,False,,,False,,0.694444,1600.0,1757.336426,0.28,0.48,0.76,0.4,1106.0625,374.617188,44.0625,39.882812,False,,,,,,,,,,,,,,,
session_20260630_103628,images_weak_noise_raw/weak_20260630_104004_000098.jpg,images_weak_noise_raw,227,16,model,3,unripe bunch,0.187727,noise,noise,weak/noise conf 0.19<0.70 tomatoes_inside 0<2,,3,unripe bunch,3,unripe bunch,,,False,,,False,,0.060606,1920.0,28864.265625,0.0,0.1,0.1,1.0,890.25,602.59375,256.5,112.53125,False,,,,,,,,,,,,,,,
session_20260630_103628,images_weak_noise_raw/weak_20260630_104004_000098.jpg,images_weak_noise_raw,227,17,model,2,unripe,0.176673,noise,noise,weak/noise conf 0.18<0.85,,2,unripe,2,unripe,,,False,,,False,,0.75,1728.0,1512.616699,0.0,0.0,0.0,1.0,982.5625,643.34375,39.945312,37.867188,False,,,,,,,,,,,,,,,
session_20260630_103628,images_weak_noise_raw/weak_20260630_104004_000098.jpg,images_weak_noise_raw,227,18,model,2,unripe,0.165593,noise,noise,weak/noise conf 0.17<0.85,,2,unripe,2,unripe,,,False,,,False,,0.805556,1856.0,1801.593994,0.0,0.137931,0.137931,0.896552,624.96875,452.796875,46.785156,38.507812,False,,,,,,,,,,,,,,,
session_20260630_103628,images_weak_noise_raw/weak_20260630_104004_000098.jpg,images_weak_noise_raw,227,19,model,2,unripe,0.165054,noise,noise,weak/noise conf 0.17<0.85,,2,unripe,2,unripe,,,False,,,False,,0.633333,1216.0,1323.896484,0.0,0.0,0.0,1.0,424.28125,545.625,33.75,39.226562,False,,,,,,,,,,,,,,,
session_20260630_103628,images_weak_noise_raw/weak_20260630_104006_000099.jpg,images_weak_noise_raw,228,0,model,3,unripe bunch,0.886417,weak,weak,weak/noise small_bunch_mask tomatoes_inside 0<2,,3,unripe bunch,3,unripe bunch,,,False,,,False,,0.111905,1647.986938,14195.891602,0.0,0.121951,0.121951,0.95935,846.261963,510.76944,102.055023,139.100372,False,,,,,,,,,,,,,,,
session_20260630_103628,images_weak_noise_raw/weak_20260630_104006_000099.jpg,images_weak_noise_raw,228,1,model,3,unripe bunch,0.719384,weak,weak,weak/noise tomatoes_inside 0<2,,3,unripe bunch,3,unripe bunch,,,False,,,False,,0.091518,2624.0,24849.236328,0.0,0.0,0.0,1.0,839.8125,500.25,115.109375,215.875,False,,,,,,,,,,,,,,,
session_20260630_103628,images_weak_noise_raw/weak_20260630_104006_000099.jpg,images_weak_noise_raw,228,2,model,2,unripe,0.658418,weak,weak,weak/noise conf 0.66<0.85,,2,unripe,2,unripe,,,False,,,False,,0.875,896.0,876.015747,0.0,0.0,0.0,1.0,912.261719,576.671875,31.035156,28.226562,False,,,,,,,,,,,,,,,
session_20260630_103628,images_weak_noise_raw/weak_20260630_104006_000099.jpg,images_weak_noise_raw,228,3,model,2,unripe,0.646013,weak,weak,weak/noise conf 0.65<0.85,,2,unripe,2,unripe,,,False,,,False,,0.566667,1088.0,1185.352783,0.0,0.0,0.0,1.0,862.664062,555.375,35.945312,32.976562,False,,,,,,,,,,,,,,,
session_20260630_103628,images_weak_noise_raw/weak_20260630_104006_000099.jpg,images_weak_noise_raw,228,4,model,2,unripe,0.638835,weak,weak,weak/noise conf 0.64<0.85,,2,unripe,2,unripe,,,False,,,False,,0.75,960.0,831.918945,0.0,0.0,0.0,1.0,870.09375,620.015625,30.6875,27.109375,False,,,,,,,,,,,,,,,
session_20260630_103628,images_weak_noise_raw/weak_20260630_104006_000099.jpg,images_weak_noise_raw,228,5,model,2,unripe,0.638835,weak,weak,weak/noise conf 0.64<0.85,,2,unripe,2,unripe,,,False,,,False,,0.76,1216.0,1055.549927,0.0,0.0,0.0,1.0,869.90625,587.828125,33.164062,31.828125,False,,,,,,,,,,,,,,,
session_20260630_103628,images_weak_noise_raw/weak_20260630_104006_000099.jpg,images_weak_noise_raw,228,6,model,2,unripe,0.635223,weak,weak,weak/noise conf 0.64<0.85,,2,unripe,2,unripe,,,False,,,False,,0.666667,1024.0,881.103516,0.0,0.0,0.0,1.0,893.96875,552.6875,35.15625,25.0625,False,,,,,,,,,,,,,,,
session_20260630_103628,images_weak_noise_raw/weak_20260630_104006_000099.jpg,images_weak_noise_raw,228,7,model,2,unripe,0.600188,weak,weak,weak/noise conf 0.60<0.85 roi,,2,unripe,2,unripe,,,False,,,False,,0.708333,3264.0,3564.132812,0.0,0.0,0.0,1.0,820.65625,662.84375,63.671875,55.976562,False,,,,,,,,,,,,,,,
session_20260630_103628,images_weak_noise_raw/weak_20260630_104006_000099.jpg,images_weak_noise_raw,228,8,model,2,unripe,0.548674,weak,weak,weak/noise conf 0.55<0.85,,2,unripe,2,unripe,,,False,,,False,,0.75,960.0,951.079651,0.0,0.0,0.0,1.0,920.664062,603.953125,28.992188,32.804688,False,,,,,,,,,,,,,,,
session_20260630_103628,images_weak_noise_raw/weak_20260630_104006_000099.jpg,images_weak_noise_raw,228,9,model,1,ripe,0.348646,weak,weak,weak/noise conf 0.35<0.80,,1,ripe,1,ripe,,,False,,,False,,0.8,1280.0,1108.63562,0.3,0.4,0.7,0.3,849.4375,519.0625,33.71875,32.878906,False,,,,,,,,,,,,,,,
session_20260630_103628,images_weak_noise_raw/weak_20260630_104006_000099.jpg,images_weak_noise_raw,228,10,model,2,unripe,0.277473,noise,noise,weak/noise conf 0.28<0.85 roi,,2,unripe,2,unripe,,,False,,,False,,0.75,2688.0,3182.739746,0.0,0.0,0.0,1.0,633.96875,657.765625,53.519531,59.46875,False,,,,,,,,,,,,,,,
session_20260630_103628,images_weak_noise_raw/weak_20260630_104006_000099.jpg,images_weak_noise_raw,228,11,model,2,unripe,0.210118,noise,noise,weak/noise conf 0.21<0.85 roi,,2,unripe,2,unripe,,,False,,,False,,0.8125,832.0,745.746765,0.0,0.0,0.0,1.0,881.195312,689.523438,26.289062,28.367188,False,,,,,,,,,,,,,,,
session_20260630_103628,images_weak_noise_raw/weak_20260630_104007_000100.jpg,images_weak_noise_raw,229,0,model,3,unripe bunch,0.840784,weak,weak,weak/noise small_bunch_mask tomatoes_inside 0<2,,3,unripe bunch,3,unripe bunch,,,False,,,False,,0.112348,1488.943481,12328.830078,0.0,0.05,0.05,1.0,775.912476,375.690826,92.542511,133.223419,False,,,,,,,,,,,,,,,
session_20260630_103628,images_weak_noise_raw/weak_20260630_104007_000100.jpg,images_weak_noise_raw,229,1,model,2,unripe,0.70253,weak,weak,weak/noise conf 0.70<0.85,,2,unripe,2,unripe,,,False,,,False,,0.8,1024.0,1044.924561,0.0,0.0,0.0,1.0,832.164062,432.476562,35.695312,29.273438,False,,,,,,,,,,,,,,,
session_20260630_103628,images_weak_noise_raw/weak_20260630_104007_000100.jpg,images_weak_noise_raw,229,2,model,2,unripe,0.658418,weak,weak,weak/noise conf 0.66<0.85,,2,unripe,2,unripe,,,False,,,False,,0.75,1152.0,946.200073,0.0,0.0,0.0,1.0,814.953125,408.222656,34.648438,27.308594,False,,,,,,,,,,,,,,,
session_20260630_103628,images_weak_noise_raw/weak_20260630_104007_000100.jpg,images_weak_noise_raw,229,3,model,2,unripe,0.642432,weak,weak,weak/noise conf 0.64<0.85,,2,unripe,2,unripe,,,False,,,False,,0.6,768.0,756.721619,0.0,0.0,0.0,1.0,793.023438,477.046875,31.664062,23.898438,False,,,,,,,,,,,,,,,
session_20260630_103628,images_weak_noise_raw/weak_20260630_104007_000100.jpg,images_weak_noise_raw,229,4,model,2,unripe,0.640635,weak,weak,weak/noise conf 0.64<0.85,,2,unripe,2,unripe,,,False,,,False,,0.56,896.0,865.123779,0.0,0.0,0.0,1.0,793.359375,447.625,32.21875,26.851562,False,,,,,,,,,,,,,,,
session_20260630_103628,images_weak_noise_raw/weak_20260630_104007_000100.jpg,images_weak_noise_raw,229,5,model,2,unripe,0.607663,weak,weak,weak/noise conf 0.61<0.85,,2,unripe,2,unripe,,,False,,,False,,0.72,1152.0,1195.276245,0.0,0.0,0.0,1.0,785.480469,412.1875,36.488281,32.757812,False,,,,,,,,,,,,,,,
session_20260630_103628,images_weak_noise_raw/weak_20260630_104007_000100.jpg,images_weak_noise_raw,229,6,model,2,unripe,0.600188,weak,weak,weak/noise conf 0.60<0.85,,2,unripe,2,unripe,,,False,,,False,,0.566667,1088.0,1028.61084,0.0,0.0,0.0,1.0,493.828125,575.578125,30.15625,34.109375,False,,,,,,,,,,,,,,,
session_20260630_103628,images_weak_noise_raw/weak_20260630_104007_000100.jpg,images_weak_noise_raw,229,7,model,2,unripe,0.596433,weak,weak,weak/noise conf 0.60<0.85,,2,unripe,2,unripe,,,False,,,False,,0.8,1280.0,1099.213135,0.0,0.421053,0.421053,1.0,1172.171875,613.34375,34.117188,32.21875,False,,,,,,,,,,,,,,,
session_20260630_103628,images_weak_noise_raw/weak_20260630_104007_000100.jpg,images_weak_noise_raw,229,8,model,2,unripe,0.581303,weak,weak,weak/noise conf 0.58<0.85,,2,unripe,2,unripe,,,False,,,False,,0.75,960.0,828.636475,0.0,0.0,0.0,1.0,519.390625,593.953125,27.578125,30.046875,False,,,,,,,,,,,,,,,
session_20260630_103628,images_weak_noise_raw/weak_20260630_104007_000100.jpg,images_weak_noise_raw,229,9,model,2,unripe,0.550608,weak,weak,weak/noise conf 0.55<0.85,,2,unripe,2,unripe,,,False,,,False,,0.88,1408.0,1304.687744,0.0,0.0,0.0,0.928571,417.582031,265.703125,37.621094,34.679688,False,,,,,,,,,,,,,,,
session_20260630_103628,images_weak_noise_raw/weak_20260630_104007_000100.jpg,images_weak_noise_raw,229,10,model,2,unripe,0.546738,weak,weak,weak/noise conf 0.55<0.85,,2,unripe,2,unripe,,,False,,,False,,0.8,1024.0,938.609009,0.0,0.1875,0.1875,1.0,1155.5625,642.023438,34.296875,27.367188,False,,,,,,,,,,,,,,,
session_20260630_103628,images_weak_noise_raw/weak_20260630_104007_000100.jpg,images_weak_noise_raw,229,11,model,2,unripe,0.525369,weak,weak,weak/noise conf 0.53<0.85 roi,,2,unripe,2,unripe,,,False,,,False,,0.633333,1216.0,1162.236206,0.0,0.368421,0.368421,1.0,1138.34375,675.289062,37.671875,30.851562,False,,,,,,,,,,,,,,,
session_20260630_103628,images_weak_noise_raw/weak_20260630_104007_000100.jpg,images_weak_noise_raw,229,12,model,2,unripe,0.505859,weak,weak,weak/noise conf 0.51<0.85,,2,unripe,2,unripe,,,False,,,False,,0.65,832.0,859.202881,0.0,0.583333,0.583333,0.833333,1200.53125,630.9375,29.171875,29.453125,False,,,,,,,,,,,,,,,
session_20260630_103628,images_weak_noise_raw/weak_20260630_104007_000100.jpg,images_weak_noise_raw,229,13,model,2,unripe,0.472683,weak,weak,weak/noise conf 0.47<0.85,,2,unripe,2,unripe,,,False,,,False,,0.8,1024.0,1010.002808,0.0,0.0,0.0,1.0,841.195312,460.84375,29.671875,34.039062,False,,,,,,,,,,,,,,,
session_20260630_103628,images_weak_noise_raw/weak_20260630_104007_000100.jpg,images_weak_noise_raw,229,14,model,3,unripe bunch,0.47171,weak,weak,weak/noise conf 0.47<0.70 small_bunch_mask low_bunch_density bad_color gy=0.00 tomatoes_inside 0<2,,3,unripe bunch,3,unripe bunch,,,False,,,False,,0.0,0.0,8244.220703,0.0,0.0,0.0,0.0,781.796875,396.8125,85.765625,96.125,False,,,,,,,,,,,,,,,
session_20260630_103628,images_weak_noise_raw/weak_20260630_104007_000100.jpg,images_weak_noise_raw,229,15,model,2,unripe,0.445529,weak,weak,weak/noise conf 0.45<0.85,,2,unripe,2,unripe,,,False,,,False,,0.90625,1856.0,1724.576782,0.25,0.392857,0.642857,0.464286,784.40625,377.6875,61.695312,27.953125,False,,,,,,,,,,,,,,,
session_20260630_103628,images_weak_noise_raw/weak_20260630_104007_000100.jpg,images_weak_noise_raw,229,16,model,2,unripe,0.435901,weak,weak,weak/noise conf 0.44<0.85,,2,unripe,2,unripe,,,False,,,False,,0.733333,1408.0,1574.084717,0.0,0.0,0.0,1.0,552.078125,392.609375,38.941406,40.421875,False,,,,,,,,,,,,,,,
session_20260630_103628,images_weak_noise_raw/weak_20260630_104007_000100.jpg,images_weak_noise_raw,229,17,model,2,unripe,0.424412,weak,weak,weak/noise conf 0.42<0.85,,2,unripe,2,unripe,,,False,,,False,,0.833333,1920.0,1501.478638,0.0,0.0,0.0,1.0,526.625,403.953125,37.765625,39.757812,False,,,,,,,,,,,,,,,
session_20260630_103628,images_weak_noise_raw/weak_20260630_104007_000100.jpg,images_weak_noise_raw,229,18,model,2,unripe,0.418697,weak,weak,weak/noise conf 0.42<0.85,,2,unripe,2,unripe,,,False,,,False,,0.7,896.0,1049.696533,0.071429,0.857143,0.928571,0.214286,1122.644531,632.875,34.058594,30.820312,False,,,,,,,,,,,,,,,
session_20260630_103628,images_weak_noise_raw/weak_20260630_104007_000100.jpg,images_weak_noise_raw,229,19,model,2,unripe,0.324236,weak,weak,weak/noise conf 0.32<0.85 roi,,2,unripe,2,unripe,,,False,,,False,,0.785714,1408.0,1352.088867,0.0,0.380952,0.380952,0.809524,1210.34375,691.554688,49.125,27.523438,False,,,,,,,,,,,,,,,
session_20260630_103628,images_weak_noise_raw/weak_20260630_104007_000100.jpg,images_weak_noise_raw,229,20,model,1,ripe,0.240063,noise,noise,weak/noise conf 0.24<0.80,,1,ripe,1,ripe,,,False,,,False,,0.7,1344.0,1422.145386,0.473684,0.157895,0.631579,0.368421,772.625,376.15625,41.953125,33.898438,False,,,,,,,,,,,,,,,
session_20260630_103628,images_weak_noise_raw/weak_20260630_104007_000100.jpg,images_weak_noise_raw,229,21,model,3,unripe bunch,0.181842,noise,noise,weak/noise conf 0.18<0.70 small_bunch_mask low_bunch_density tomatoes_inside 0<2,,3,unripe bunch,3,unripe bunch,,,False,,,False,,0.018568,448.0,21578.916016,0.0,0.0,0.0,1.0,770.609375,264.5,95.640625,225.625,False,,,,,,,,,,,,,,,
session_20260630_103628,images_weak_noise_raw/weak_20260630_104009_000101.jpg,images_weak_noise_raw,230,0,model,2,unripe,0.839735,weak,review,weak/noise conf 0.84<0.85,near_threshold_unripe_color_mask_support,2,unripe,2,unripe,,,False,,,True,near_threshold_unripe_color_mask_support,0.666667,3840.0,4278.413086,0.0,0.0,0.0,1.0,701.4375,471.703125,68.4375,62.515625,False,,,,,,,,,,,,,,,
session_20260630_103628,images_weak_noise_raw/weak_20260630_104009_000101.jpg,images_weak_noise_raw,230,1,model,2,unripe,0.818738,weak,review,weak/noise conf 0.82<0.85,near_threshold_unripe_color_mask_support,2,unripe,2,unripe,,,False,,,True,near_threshold_unripe_color_mask_support,0.652778,3008.0,3587.629395,0.0,0.0,0.0,1.0,803.71875,576.875,64.40625,55.703125,False,,,,,,,,,,,,,,,
session_20260630_103628,images_weak_noise_raw/weak_20260630_104009_000101.jpg,images_weak_noise_raw,230,2,model,2,unripe,0.818738,weak,review,weak/noise conf 0.82<0.85,near_threshold_unripe_color_mask_support,2,unripe,2,unripe,,,False,,,True,near_threshold_unripe_color_mask_support,0.694444,3200.0,3418.261719,0.0,0.0,0.0,1.0,796.8125,516.09375,61.625,55.46875,False,,,,,,,,,,,,,,,
session_20260630_103628,images_weak_noise_raw/weak_20260630_104009_000101.jpg,images_weak_noise_raw,230,3,model,3,unripe bunch,0.81582,weak,weak,weak/noise tomatoes_inside 0<2,,3,unripe bunch,3,unripe bunch,,,False,,,False,,0.125466,6464.0,49171.453125,0.0,0.024096,0.024096,0.975904,691.09375,392.3125,176.28125,278.9375,False,,,,,,,,,,,,,,,
session_20260630_103628,images_weak_noise_raw/weak_20260630_104009_000101.jpg,images_weak_noise_raw,230,4,model,2,unripe,0.803174,weak,review,weak/noise conf 0.80<0.85,near_threshold_unripe_color_mask_support,2,unripe,2,unripe,,,False,,,True,near_threshold_unripe_color_mask_support,0.666667,3072.0,3579.985352,0.0,0.0,0.0,1.0,712.03125,544.96875,64.90625,55.15625,False,,,,,,,,,,,,,,,
session_20260630_103628,images_weak_noise_raw/weak_20260630_104009_000101.jpg,images_weak_noise_raw,230,5,model,2,unripe,0.787931,weak,weak,weak/noise conf 0.79<0.85,,2,unripe,2,unripe,,,False,,,False,,0.666667,3456.0,3923.481445,0.0,0.0,0.0,1.0,769.875,460.875,65.90625,59.53125,False,,,,,,,,,,,,,,,
session_20260630_103628,images_weak_noise_raw/weak_20260630_104009_000101.jpg,images_weak_noise_raw,230,6,model,2,unripe,0.786623,weak,color_corrected,weak/noise conf 0.79<0.85,unripe_to_ripe_by_mask_color,2,unripe,1,ripe,1,ripe,True,unripe_to_ripe_by_mask_color,0.574468,False,,0.666667,3072.0,3205.164551,0.0,0.851064,0.851064,0.276596,764.40625,398.28125,61.453125,52.15625,False,,,,,,,,,,,,,,,
session_20260630_103628,images_weak_noise_raw/weak_20260630_104009_000101.jpg,images_weak_noise_raw,230,7,model,2,unripe,0.767687,weak,weak,weak/noise conf 0.77<0.85,,2,unripe,2,unripe,,,False,,,False,,0.809524,2176.0,2129.730469,0.0,0.0,0.0,1.0,718.375,603.015625,47.625,44.71875,False,,,,,,,,,,,,,,,
session_20260630_103628,images_weak_noise_raw/weak_20260630_104009_000101.jpg,images_weak_noise_raw,230,8,model,2,unripe,0.675764,weak,weak,weak/noise conf 0.68<0.85,,2,unripe,2,unripe,,,False,,,False,,0.6,1344.0,1309.605835,0.0,0.0,0.0,1.0,807.625,628.351562,41.359375,31.664062,False,,,,,,,,,,,,,,,
session_20260630_103628,images_weak_noise_raw/weak_20260630_104009_000101.jpg,images_weak_noise_raw,230,9,model,3,unripe bunch,0.641534,weak,weak,weak/noise conf 0.64<0.70 tomatoes_inside 0<2,,3,unripe bunch,3,unripe bunch,,,False,,,False,,0.111263,11584.791992,100794.3125,0.0,0.030086,0.030086,0.988539,672.936523,222.490234,202.597656,497.509766,False,,,,,,,,,,,,,,,
session_20260630_103628,images_weak_noise_raw/weak_20260630_104009_000101.jpg,images_weak_noise_raw,230,10,model,1,ripe,0.295026,noise,noise,weak/noise conf 0.30<0.80,,1,ripe,1,ripe,,,False,,,False,,0.666667,3456.0,4161.219727,0.87234,0.085106,0.957447,0.021277,680.25,399.1875,66.28125,62.78125,False,,,,,,,,,,,,,,,
session_20260630_103628,images_weak_noise_raw/weak_20260630_104009_000101.jpg,images_weak_noise_raw,230,11,model,2,unripe,0.264358,noise,noise,weak/noise conf 0.26<0.85 bad_color gy=0.02,,2,unripe,2,unripe,,,False,,,False,,0.75,3456.0,3930.463867,0.653061,0.306122,0.959184,0.020408,754.34375,281.6875,64.765625,60.6875,False,,,,,,,,,,,,,,,
session_20260630_103628,images_weak_noise_raw/weak_20260630_104009_000101.jpg,images_weak_noise_raw,230,12,model,1,ripe,0.210767,noise,noise,weak/noise conf 0.21<0.80,,1,ripe,1,ripe,,,False,,,False,,0.75,3456.0,3991.708008,0.653061,0.306122,0.959184,0.020408,753.671875,282.09375,66.046875,60.4375,False,,,,,,,,,,,,,,,
session_20260630_103628,images_weak_noise_raw/weak_20260630_104009_000101.jpg,images_weak_noise_raw,230,13,model,2,unripe,0.193756,noise,noise,weak/noise conf 0.19<0.85 bad_color gy=0.02,,2,unripe,2,unripe,,,False,,,False,,0.666667,3456.0,4247.371094,0.87234,0.085106,0.957447,0.021277,681.40625,396.53125,65.21875,65.125,False,,,,,,,,,,,,,,,
session_20260630_103628,images_weak_noise_raw/weak_20260630_104011_000102.jpg,images_weak_noise_raw,231,0,model,3,unripe bunch,0.433022,weak,weak,weak/noise conf 0.43<0.70 tomatoes_inside 0<2,,3,unripe bunch,3,unripe bunch,,,False,,,False,,0.099537,2752.0,24930.726562,0.0,0.0,0.0,0.894737,268.0,8.28125,204.875,121.6875,False,,,,,,,,,,,,,,,
session_20260630_103628,images_weak_noise_raw/weak_20260630_104011_000102.jpg,images_weak_noise_raw,231,1,model,1,ripe,0.388618,weak,weak,weak/noise conf 0.39<0.80 roi,,1,ripe,1,ripe,,,False,,,False,,0.772727,2176.0,1920.467163,0.5,0.0,0.5,0.0,427.515625,695.585938,83.640625,22.960938,False,,,,,,,,,,,,,,,
session_20260630_103628,images_weak_noise_raw/weak_20260630_104011_000102.jpg,images_weak_noise_raw,231,2,model,2,unripe,0.364777,weak,weak,weak/noise conf 0.36<0.85,,2,unripe,2,unripe,,,False,,,False,,0.613636,5184.0,6937.328125,0.0,0.0,0.0,1.0,388.65625,22.25,87.125,79.625,False,,,,,,,,,,,,,,,
session_20260630_103628,images_weak_noise_raw/weak_20260630_104011_000102.jpg,images_weak_noise_raw,231,3,model,2,unripe,0.330256,weak,weak,weak/noise conf 0.33<0.85,,2,unripe,2,unripe,,,False,,,False,,0.734375,3008.0,3444.174805,0.0,0.0,0.0,0.909091,273.15625,59.65625,58.46875,58.90625,False,,,,,,,,,,,,,,,
session_20260630_103628,images_weak_noise_raw/weak_20260630_104011_000102.jpg,images_weak_noise_raw,231,4,model,2,unripe,0.26971,noise,noise,weak/noise conf 0.27<0.85,,2,unripe,2,unripe,,,False,,,False,,0.612245,1920.0,2176.241211,0.0,0.0,0.0,1.0,396.054688,93.84375,50.757812,42.875,False,,,,,,,,,,,,,,,
session_20260630_103628,images_weak_noise_raw/weak_20260630_104013_000103.jpg,images_weak_noise_raw,232,0,model,2,unripe,0.401688,weak,weak,weak/noise conf 0.40<0.85 roi,,2,unripe,2,unripe,,,False,,,False,,0.742857,1664.0,1622.478149,0.111111,0.5,0.611111,0.333333,682.265625,686.40625,50.640625,32.039062,False,,,,,,,,,,,,,,,
session_20260630_103628,images_weak_noise_raw/weak_20260630_104013_000103.jpg,images_weak_noise_raw,232,1,model,2,unripe,0.352202,weak,weak,weak/noise conf 0.35<0.85 roi,,2,unripe,2,unripe,,,False,,,False,,0.611111,2112.0,2352.166992,0.0,0.0,0.0,1.0,639.9375,0.390625,56.265625,41.804688,False,,,,,,,,,,,,,,,
session_20260630_103628,images_weak_noise_raw/weak_20260630_104013_000103.jpg,images_weak_noise_raw,232,2,model,2,unripe,0.185356,noise,noise,weak/noise conf 0.19<0.85,,2,unripe,2,unripe,,,False,,,False,,0.738095,1984.0,2210.788574,0.0,0.0,0.0,1.0,672.972656,41.5,51.246094,43.140625,False,,,,,,,,,,,,,,,
session_20260630_103628,images_weak_noise_raw/weak_20260630_104014_000104.jpg,images_weak_noise_raw,233,0,model,2,unripe,0.7773,weak,weak,weak/noise conf 0.78<0.85,,2,unripe,2,unripe,,,False,,,False,,0.727273,5120.0,6127.891602,0.0,0.0,0.0,1.0,1120.625,244.03125,78.53125,78.03125,False,,,,,,,,,,,,,,,
session_20260630_103628,images_weak_noise_raw/weak_20260630_104014_000104.jpg,images_weak_noise_raw,233,1,model,2,unripe,0.757793,weak,weak,weak/noise conf 0.76<0.85,,2,unripe,2,unripe,,,False,,,False,,0.660714,2368.0,2795.946533,0.0,0.0,0.0,1.0,465.046875,547.859375,50.109375,55.796875,False,,,,,,,,,,,,,,,
session_20260630_103628,images_weak_noise_raw/weak_20260630_104014_000104.jpg,images_weak_noise_raw,233,2,model,2,unripe,0.712233,weak,weak,weak/noise conf 0.71<0.85,,2,unripe,2,unripe,,,False,,,False,,0.644628,4992.0,6003.035156,0.0,0.0,0.0,1.0,1074.90625,139.875,78.375,76.59375,False,,,,,,,,,,,,,,,
session_20260630_103628,images_weak_noise_raw/weak_20260630_104014_000104.jpg,images_weak_noise_raw,233,3,model,3,unripe bunch,0.267409,noise,noise,weak/noise conf 0.27<0.70 small_bunch_mask low_bunch_density tomatoes_inside 0<2,,3,unripe bunch,3,unripe bunch,,,False,,,False,,0.011111,256.0,19860.978516,0.0,0.0,0.0,1.0,383.8125,37.65625,146.8125,135.28125,False,,,,,,,,,,,,,,,
session_20260630_103628,images_weak_noise_raw/weak_20260630_104016_000105.jpg,images_weak_noise_raw,234,0,model,3,unripe bunch,0.776624,weak,weak,weak/noise tomatoes_inside 0<2,,3,unripe bunch,3,unripe bunch,,,False,,,False,,0.06746,2176.0,30052.835938,0.0,0.0,0.0,1.0,905.125,291.875,162.1875,185.296875,False,,,,,,,,,,,,,,,
session_20260630_103628,images_weak_noise_raw/weak_20260630_104016_000105.jpg,images_weak_noise_raw,234,1,model,2,unripe,0.774583,weak,weak,weak/noise conf 0.77<0.85,,2,unripe,2,unripe,,,False,,,False,,0.714286,1920.0,2076.955078,0.0,0.0,0.0,1.0,679.296875,304.640625,46.21875,44.9375,False,,,,,,,,,,,,,,,
session_20260630_103628,images_weak_noise_raw/weak_20260630_104016_000105.jpg,images_weak_noise_raw,234,2,model,2,unripe,0.760648,weak,weak,weak/noise conf 0.76<0.85,,2,unripe,2,unripe,,,False,,,False,,0.75,1728.0,1905.714844,0.0,0.0,0.0,1.0,568.28125,656.09375,42.75,44.578125,False,,,,,,,,,,,,,,,
session_20260630_103628,images_weak_noise_raw/weak_20260630_104016_000105.jpg,images_weak_noise_raw,234,3,model,2,unripe,0.744657,weak,weak,weak/noise conf 0.74<0.85,,2,unripe,2,unripe,,,False,,,False,,0.612245,1920.0,1808.390625,0.0,0.0,0.0,1.0,607.59375,614.40625,41.8125,43.25,False,,,,,,,,,,,,,,,
session_20260630_103628,images_weak_noise_raw/weak_20260630_104016_000105.jpg,images_weak_noise_raw,234,4,model,2,unripe,0.735642,weak,weak,weak/noise conf 0.74<0.85,,2,unripe,2,unripe,,,False,,,False,,0.75,1728.0,1785.552246,0.0,0.0,0.0,1.0,656.28125,249.96875,44.65625,39.984375,False,,,,,,,,,,,,,,,
session_20260630_103628,images_weak_noise_raw/weak_20260630_104016_000105.jpg,images_weak_noise_raw,234,5,model,2,unripe,0.735642,weak,weak,weak/noise conf 0.74<0.85,,2,unripe,2,unripe,,,False,,,False,,0.666667,1536.0,1379.980225,0.0,0.0,0.0,1.0,998.84375,396.482422,38.414062,35.923828,False,,,,,,,,,,,,,,,
session_20260630_103628,images_weak_noise_raw/weak_20260630_104016_000105.jpg,images_weak_noise_raw,234,6,model,3,unripe bunch,0.70253,weak,weak,weak/noise tomatoes_inside 0<2,,3,unripe bunch,3,unripe bunch,,,False,,,False,,0.087287,2944.0,31362.607422,0.0,0.0,0.0,1.0,337.75,587.5,238.875,131.292969,False,,,,,,,,,,,,,,,
session_20260630_103628,images_weak_noise_raw/weak_20260630_104016_000105.jpg,images_weak_noise_raw,234,7,model,2,unripe,0.692642,weak,weak,weak/noise conf 0.69<0.85,,2,unripe,2,unripe,,,False,,,False,,0.714286,1920.0,1782.140625,0.0,0.0,0.0,1.0,431.71875,651.59375,41.6875,42.75,False,,,,,,,,,,,,,,,
session_20260630_103628,images_weak_noise_raw/weak_20260630_104016_000105.jpg,images_weak_noise_raw,234,8,model,2,unripe,0.682574,weak,weak,weak/noise conf 0.68<0.85 roi,,2,unripe,2,unripe,,,False,,,False,,0.7,1344.0,1321.526245,0.0,0.0,0.0,1.0,401.140625,687.359375,42.640625,30.992188,False,,,,,,,,,,,,,,,
session_20260630_103628,images_weak_noise_raw/weak_20260630_104016_000105.jpg,images_weak_noise_raw,234,9,model,2,unripe,0.658418,weak,weak,weak/noise conf 0.66<0.85,,2,unripe,2,unripe,,,False,,,False,,0.766667,1472.0,1268.067383,0.0,0.0,0.0,1.0,973.03125,442.890625,36.101562,35.125,False,,,,,,,,,,,,,,,
session_20260630_103628,images_weak_noise_raw/weak_20260630_104016_000105.jpg,images_weak_noise_raw,234,10,model,1,ripe,0.658418,weak,weak,weak/noise conf 0.66<0.80,,1,ripe,1,ripe,,,False,,,False,,0.619048,1664.0,2336.466797,0.916667,0.041667,0.958333,0.0,732.867188,120.234375,51.070312,45.75,False,,,,,,,,,,,,,,,
session_20260630_103628,images_weak_noise_raw/weak_20260630_104016_000105.jpg,images_weak_noise_raw,234,11,model,2,unripe,0.656659,weak,weak,weak/noise conf 0.66<0.85,,2,unripe,2,unripe,,,False,,,False,,0.611111,1408.0,1559.61731,0.0,0.5625,0.5625,1.0,973.28125,346.605469,39.90625,39.082031,False,,,,,,,,,,,,,,,
session_20260630_103628,images_weak_noise_raw/weak_20260630_104016_000105.jpg,images_weak_noise_raw,234,12,model,2,unripe,0.629776,weak,weak,weak/noise conf 0.63<0.85,,2,unripe,2,unripe,,,False,,,False,,0.76,1216.0,1358.126709,0.0,0.071429,0.071429,1.0,952.289062,138.359375,39.617188,34.28125,False,,,,,,,,,,,,,,,
session_20260630_103628,images_weak_noise_raw/weak_20260630_104016_000105.jpg,images_weak_noise_raw,234,13,model,3,unripe bunch,0.624294,weak,weak,weak/noise conf 0.62<0.70 tomatoes_inside 0<2,,3,unripe bunch,3,unripe bunch,,,False,,,False,,0.138095,1856.0,11226.632812,0.0,0.0,0.0,1.0,556.625,604.5625,104.3125,107.625,False,,,,,,,,,,,,,,,
session_20260630_103628,images_weak_noise_raw/weak_20260630_104016_000105.jpg,images_weak_noise_raw,234,14,model,2,unripe,0.61878,weak,weak,weak/noise conf 0.62<0.85,,2,unripe,2,unripe,,,False,,,False,,0.722222,1664.0,1624.796143,0.0,0.0,0.0,1.0,574.820312,602.296875,41.101562,39.53125,False,,,,,,,,,,,,,,,
session_20260630_103628,images_weak_noise_raw/weak_20260630_104016_000105.jpg,images_weak_noise_raw,234,15,model,2,unripe,0.588889,weak,weak,weak/noise conf 0.59<0.85,,2,unripe,2,unripe,,,False,,,False,,0.75,1728.0,1475.037109,0.0,0.0,0.0,1.0,941.265625,372.953125,38.460938,38.351562,False,,,,,,,,,,,,,,,
session_20260630_103628,images_weak_noise_raw/weak_20260630_104016_000105.jpg,images_weak_noise_raw,234,16,model,2,unripe,0.586996,weak,weak,weak/noise conf 0.59<0.85 roi,,2,unripe,2,unripe,,,False,,,False,,0.666667,1280.0,1081.748779,0.0,0.0,0.0,1.0,463.679688,684.515625,32.679688,33.101562,False,,,,,,,,,,,,,,,
session_20260630_103628,images_weak_noise_raw/weak_20260630_104016_000105.jpg,images_weak_noise_raw,234,17,model,2,unripe,0.579401,weak,weak,weak/noise conf 0.58<0.85,,2,unripe,2,unripe,,,False,,,False,,0.6,960.0,1080.314819,0.0,0.0,0.0,1.0,1021.703125,424.832031,31.53125,34.261719,False,,,,,,,,,,,,,,,
session_20260630_103628,images_weak_noise_raw/weak_20260630_104016_000105.jpg,images_weak_noise_raw,234,18,model,2,unripe,0.577495,weak,weak,weak/noise conf 0.58<0.85 roi bad_color gy=0.04,,2,unripe,2,unripe,,,False,,,False,,0.722222,1664.0,1693.977173,0.538462,0.461538,1.0,0.038462,360.0,678.0,41.585938,40.734375,False,,,,,,,,,,,,,,,
session_20260630_103628,images_weak_noise_raw/weak_20260630_104016_000105.jpg,images_weak_noise_raw,234,19,model,1,ripe,0.566019,weak,weak,weak/noise conf 0.57<0.80,,1,ripe,1,ripe,,,False,,,False,,0.533333,1024.0,1322.61792,0.733333,0.2,0.933333,0.0,898.664062,329.867188,39.398438,33.570312,False,,,,,,,,,,,,,,,
session_20260630_103628,images_weak_noise_raw/weak_20260630_104016_000105.jpg,images_weak_noise_raw,234,20,model,2,unripe,0.550608,weak,weak,weak/noise conf 0.55<0.85,,2,unripe,2,unripe,,,False,,,False,,0.76,1216.0,1312.792969,0.0,0.0,0.0,1.0,977.328125,152.4375,37.5,35.007812,False,,,,,,,,,,,,,,,
session_20260630_103628,images_weak_noise_raw/weak_20260630_104016_000105.jpg,images_weak_noise_raw,234,21,model,2,unripe,0.527317,weak,weak,weak/noise conf 0.53<0.85,,2,unripe,2,unripe,,,False,,,False,,0.84,1344.0,1130.956909,0.0,0.0,0.0,1.0,943.007812,210.640625,31.320312,36.109375,False,,,,,,,,,,,,,,,
session_20260630_103628,images_weak_noise_raw/weak_20260630_104016_000105.jpg,images_weak_noise_raw,234,22,model,2,unripe,0.513668,weak,weak,weak/noise conf 0.51<0.85,,2,unripe,2,unripe,,,False,,,False,,0.611111,1408.0,1457.986816,0.0,0.090909,0.090909,1.0,439.015625,587.53125,36.765625,39.65625,False,,,,,,,,,,,,,,,
session_20260630_103628,images_weak_noise_raw/weak_20260630_104016_000105.jpg,images_weak_noise_raw,234,23,model,1,ripe,0.464901,weak,weak,weak/noise conf 0.46<0.80,,1,ripe,1,ripe,,,False,,,False,,0.611111,1408.0,1817.563843,0.857143,0.142857,1.0,0.0,332.101562,585.828125,41.648438,43.640625,False,,,,,,,,,,,,,,,
session_20260630_103628,images_weak_noise_raw/weak_20260630_104016_000105.jpg,images_weak_noise_raw,234,24,model,2,unripe,0.411111,weak,weak,weak/noise conf 0.41<0.85,,2,unripe,2,unripe,,,False,,,False,,0.555556,1280.0,1227.67334,0.0,0.0,0.0,1.0,766.242188,630.320312,35.289062,34.789062,False,,,,,,,,,,,,,,,
session_20260630_103628,images_weak_noise_raw/weak_20260630_104016_000105.jpg,images_weak_noise_raw,234,25,model,1,ripe,0.379378,weak,weak,weak/noise conf 0.38<0.80,,1,ripe,1,ripe,,,False,,,False,,0.458333,704.0,868.898438,0.5,0.3,0.8,0.1,709.0625,113.132812,35.375,24.5625,False,,,,,,,,,,,,,,,
session_20260630_103628,images_weak_noise_raw/weak_20260630_104016_000105.jpg,images_weak_noise_raw,234,26,model,2,unripe,0.293405,noise,noise,weak/noise conf 0.29<0.85,,2,unripe,2,unripe,,,False,,,False,,0.633333,1216.0,1082.118774,0.0,0.0,0.0,1.0,922.492188,367.453125,31.351562,34.515625,False,,,,,,,,,,,,,,,
session_20260630_103628,images_weak_noise_raw/weak_20260630_104016_000105.jpg,images_weak_noise_raw,234,27,model,3,unripe bunch,0.281406,noise,noise,weak/noise conf 0.28<0.70 low_bunch_density tomatoes_inside 0<2,,3,unripe bunch,3,unripe bunch,,,False,,,False,,0.059783,2816.0,45097.820312,0.078947,0.026316,0.105263,0.868421,608.1875,115.3125,182.90625,246.5625,False,,,,,,,,,,,,,,,
session_20260630_103628,images_weak_noise_raw/weak_20260630_104016_000105.jpg,images_weak_noise_raw,234,28,model,2,unripe,0.26588,noise,noise,weak/noise conf 0.27<0.85,,2,unripe,2,unripe,,,False,,,False,,0.666667,1536.0,1660.013672,0.0,0.65,0.65,0.55,554.328125,19.390625,43.9375,37.78125,False,,,,,,,,,,,,,,,
session_20260630_103628,images_weak_noise_raw/weak_20260630_104016_000105.jpg,images_weak_noise_raw,234,29,model,2,unripe,0.253121,noise,noise,weak/noise conf 0.25<0.85,,2,unripe,2,unripe,,,False,,,False,,0.611111,1408.0,1417.272949,0.0,0.0,0.0,1.0,948.40625,412.640625,39.609375,35.78125,False,,,,,,,,,,,,,,,
session_20260630_103628,images_weak_noise_raw/weak_20260630_104016_000105.jpg,images_weak_noise_raw,234,30,model,1,ripe,0.240063,noise,noise,weak/noise conf 0.24<0.80,,1,ripe,1,ripe,,,False,,,False,,0.666667,1536.0,1594.164795,0.727273,0.090909,0.818182,0.0,291.65625,226.78125,42.582031,37.4375,False,,,,,,,,,,,,,,,
session_20260630_103628,images_weak_noise_raw/weak_20260630_104016_000105.jpg,images_weak_noise_raw,234,31,model,2,unripe,0.227471,noise,noise,weak/noise conf 0.23<0.85,,2,unripe,2,unripe,,,False,,,False,,0.698413,2816.0,3094.484375,0.0,0.0,0.0,1.0,609.53125,286.3125,63.203125,48.960938,False,,,,,,,,,,,,,,,
session_20260630_103628,images_weak_noise_raw/weak_20260630_104016_000105.jpg,images_weak_noise_raw,234,32,model,3,unripe bunch,0.224735,noise,noise,weak/noise conf 0.22<0.70 tomatoes_inside 0<2,,3,unripe bunch,3,unripe bunch,,,False,,,False,,0.163441,4864.0,27045.914062,0.0,0.0,0.0,1.0,421.25,603.25,237.375,113.9375,False,,,,,,,,,,,,,,,
session_20260630_103628,images_weak_noise_raw/weak_20260630_104016_000105.jpg,images_weak_noise_raw,234,33,model,3,unripe bunch,0.19498,noise,noise,weak/noise conf 0.19<0.70 small_bunch_mask low_bunch_density tomatoes_inside 0<2,,3,unripe bunch,3,unripe bunch,,,False,,,False,,0.036325,1088.0,27540.820312,0.0,0.0,0.0,1.0,902.90625,121.75,133.53125,206.25,False,,,,,,,,,,,,,,,
session_20260630_103628,images_weak_noise_raw/weak_20260630_104016_000105.jpg,images_weak_noise_raw,234,34,model,1,ripe,0.172731,noise,noise,weak/noise conf 0.17<0.80,,1,ripe,1,ripe,,,False,,,False,,0.555556,1920.0,2478.261475,0.692308,0.153846,0.846154,0.0,902.15625,299.921875,39.484375,62.765625,False,,,,,,,,,,,,,,,
session_20260630_103628,images_weak_noise_raw/weak_20260630_104016_000105.jpg,images_weak_noise_raw,234,35,model,2,unripe,0.165054,noise,noise,weak/noise conf 0.17<0.85 bad_color gy=0.00,,2,unripe,2,unripe,,,False,,,False,,0.642857,1728.0,2107.202881,0.92,0.04,0.96,0.0,733.4375,121.375,48.933594,43.0625,False,,,,,,,,,,,,,,,
session_20260630_103628,images_weak_noise_raw/weak_20260630_104016_000105.jpg,images_weak_noise_raw,234,36,model,1,ripe,0.163445,noise,noise,weak/noise conf 0.16<0.80,,1,ripe,1,ripe,,,False,,,False,,0.696429,2496.0,2503.51123,0.868421,0.026316,0.894737,0.0,340.78125,630.6875,50.109375,49.960938,False,,,,,,,,,,,,,,,
session_20260630_103628,images_weak_noise_raw/weak_20260630_104018_000106.jpg,images_weak_noise_raw,235,0,model,2,unripe,0.805633,weak,review,weak/noise conf 0.81<0.85,near_threshold_unripe_color_mask_support,2,unripe,2,unripe,,,False,,,True,near_threshold_unripe_color_mask_support,0.755102,2368.0,2417.088867,0.0,0.0,0.0,1.0,251.46875,599.984375,50.953125,47.4375,False,,,,,,,,,,,,,,,
session_20260630_103628,images_weak_noise_raw/weak_20260630_104018_000106.jpg,images_weak_noise_raw,235,1,model,3,unripe bunch,0.795022,weak,weak,weak/noise tomatoes_inside 0<2,,3,unripe bunch,3,unripe bunch,,,False,,,False,,0.063095,3392.0,49443.625,0.0,0.0,0.0,1.0,653.875,196.625,233.5,211.75,False,,,,,,,,,,,,,,,
session_20260630_103628,images_weak_noise_raw/weak_20260630_104018_000106.jpg,images_weak_noise_raw,235,2,model,3,unripe bunch,0.791821,weak,weak,weak/noise tomatoes_inside 0<2,,3,unripe bunch,3,unripe bunch,,,False,,,False,,0.133333,4608.0,33586.390625,0.0,0.0,0.0,1.0,8.5,504.875,156.125,215.125,False,,,,,,,,,,,,,,,
session_20260630_103628,images_weak_noise_raw/weak_20260630_104018_000106.jpg,images_weak_noise_raw,235,3,model,2,unripe,0.786623,weak,weak,weak/noise conf 0.79<0.85,,2,unripe,2,unripe,,,False,,,False,,0.589286,2112.0,2551.039062,0.0,0.0,0.0,1.0,388.75,199.0625,50.515625,50.5,False,,,,,,,,,,,,,,,
session_20260630_103628,images_weak_noise_raw/weak_20260630_104018_000106.jpg,images_weak_noise_raw,235,4,model,2,unripe,0.782663,weak,weak,weak/noise conf 0.78<0.85,,2,unripe,2,unripe,,,False,,,False,,0.785714,2112.0,2389.670654,0.0,0.037037,0.037037,1.0,52.25,632.613281,50.5625,47.261719,False,,,,,,,,,,,,,,,
session_20260630_103628,images_weak_noise_raw/weak_20260630_104018_000106.jpg,images_weak_noise_raw,235,5,model,2,unripe,0.773215,weak,weak,weak/noise conf 0.77<0.85,,2,unripe,2,unripe,,,False,,,False,,0.738095,1984.0,2275.682617,0.0,0.0,0.0,1.0,88.421875,592.257812,48.234375,47.179688,False,,,,,,,,,,,,,,,
session_20260630_103628,images_weak_noise_raw/weak_20260630_104018_000106.jpg,images_weak_noise_raw,235,6,model,2,unripe,0.760648,weak,weak,weak/noise conf 0.76<0.85,,2,unripe,2,unripe,,,False,,,False,,0.722222,1664.0,1640.793945,0.0,0.0,0.0,1.0,750.257812,313.1875,41.148438,39.875,False,,,,,,,,,,,,,,,
session_20260630_103628,images_weak_noise_raw/weak_20260630_104018_000106.jpg,images_weak_noise_raw,235,7,model,2,unripe,0.760648,weak,weak,weak/noise conf 0.76<0.85,,2,unripe,2,unripe,,,False,,,False,,0.571429,1792.0,2041.337769,0.0,0.041667,0.041667,0.958333,302.453125,555.0,43.921875,46.476562,False,,,,,,,,,,,,,,,
session_20260630_103628,images_weak_noise_raw/weak_20260630_104018_000106.jpg,images_weak_noise_raw,235,8,model,2,unripe,0.757793,weak,weak,weak/noise conf 0.76<0.85 roi,,2,unripe,2,unripe,,,False,,,False,,0.642857,2304.0,2479.24707,0.085714,0.828571,0.914286,0.142857,2.90625,621.765625,47.835938,51.828125,False,,,,,,,,,,,,,,,
session_20260630_103628,images_weak_noise_raw/weak_20260630_104018_000106.jpg,images_weak_noise_raw,235,9,model,2,unripe,0.726425,weak,weak,weak/noise conf 0.73<0.85,,2,unripe,2,unripe,,,False,,,False,,0.619048,1664.0,1820.847656,0.0,0.0,0.0,1.0,720.734375,255.28125,42.875,42.46875,False,,,,,,,,,,,,,,,
session_20260630_103628,images_weak_noise_raw/weak_20260630_104018_000106.jpg,images_weak_noise_raw,235,10,model,2,unripe,0.717012,weak,weak,weak/noise conf 0.72<0.85,,2,unripe,2,unripe,,,False,,,False,,0.547619,1472.0,1752.734375,0.0,0.0,0.0,1.0,692.78125,329.90625,43.75,40.0625,False,,,,,,,,,,,,,,,
session_20260630_103628,images_weak_noise_raw/weak_20260630_104018_000106.jpg,images_weak_noise_raw,235,11,model,2,unripe,0.712233,weak,weak,weak/noise conf 0.71<0.85,,2,unripe,2,unripe,,,False,,,False,,0.693878,2176.0,2313.092773,0.0,0.0,0.0,1.0,259.015625,535.039062,49.453125,46.773438,False,,,,,,,,,,,,,,,
session_20260630_103628,images_weak_noise_raw/weak_20260630_104018_000106.jpg,images_weak_noise_raw,235,12,model,2,unripe,0.70902,weak,weak,weak/noise conf 0.71<0.85,,2,unripe,2,unripe,,,False,,,False,,0.7,1344.0,1479.623047,0.0,0.0,0.0,1.0,770.71875,344.5625,37.75,39.195312,False,,,,,,,,,,,,,,,
session_20260630_103628,images_weak_noise_raw/weak_20260630_104018_000106.jpg,images_weak_noise_raw,235,13,model,2,unripe,0.699254,weak,weak,weak/noise conf 0.70<0.85 roi,,2,unripe,2,unripe,,,False,,,False,,0.84,1344.0,1501.21936,0.0,0.0,0.0,1.0,800.191406,666.171875,39.808594,37.710938,False,,,,,,,,,,,,,,,
session_20260630_103628,images_weak_noise_raw/weak_20260630_104018_000106.jpg,images_weak_noise_raw,235,14,model,2,unripe,0.687631,weak,weak,weak/noise conf 0.69<0.85,,2,unripe,2,unripe,,,False,,,False,,0.638889,1472.0,1511.783203,0.0,0.0,0.0,1.0,693.0,284.015625,36.15625,41.8125,False,,,,,,,,,,,,,,,
session_20260630_103628,images_weak_noise_raw/weak_20260630_104018_000106.jpg,images_weak_noise_raw,235,15,model,2,unripe,0.67405,weak,weak,weak/noise conf 0.67<0.85,,2,unripe,2,unripe,,,False,,,False,,0.766667,1472.0,1443.80127,0.0,0.0,0.0,1.0,835.625,221.0625,41.34375,34.921875,False,,,,,,,,,,,,,,,
session_20260630_103628,images_weak_noise_raw/weak_20260630_104018_000106.jpg,images_weak_noise_raw,235,16,model,2,unripe,0.66888,weak,weak,weak/noise conf 0.67<0.85,,2,unripe,2,unripe,,,False,,,False,,0.694444,1600.0,1422.87793,0.0,0.0,0.0,1.0,719.96875,365.078125,38.070312,37.375,False,,,,,,,,,,,,,,,
session_20260630_103628,images_weak_noise_raw/weak_20260630_104018_000106.jpg,images_weak_noise_raw,235,17,model,2,unripe,0.658418,weak,weak,weak/noise conf 0.66<0.85,,2,unripe,2,unripe,,,False,,,False,,0.76,1216.0,1115.069092,0.0,0.0,0.0,1.0,749.453125,650.015625,32.453125,34.359375,False,,,,,,,,,,,,,,,
session_20260630_103628,images_weak_noise_raw/weak_20260630_104018_000106.jpg,images_weak_noise_raw,235,18,model,3,unripe bunch,0.656659,weak,weak,weak/noise conf 0.66<0.70 small_bunch_mask tomatoes_inside 0<2,,3,unripe bunch,3,unripe bunch,,,False,,,False,,0.095238,1792.0,16858.789062,0.0,0.0,0.0,1.0,250.09375,509.375,103.90625,162.25,False,,,,,,,,,,,,,,,
session_20260630_103628,images_weak_noise_raw/weak_20260630_104018_000106.jpg,images_weak_noise_raw,235,19,model,2,unripe,0.654895,weak,weak,weak/noise conf 0.65<0.85,,2,unripe,2,unripe,,,False,,,False,,0.666667,1536.0,1800.905762,0.0,0.0,0.0,1.0,97.796875,521.34375,43.28125,41.609375,False,,,,,,,,,,,,,,,
session_20260630_103628,images_weak_noise_raw/weak_20260630_104018_000106.jpg,images_weak_noise_raw,235,20,model,2,unripe,0.646013,weak,weak,weak/noise conf 0.65<0.85,,2,unripe,2,unripe,,,False,,,False,,0.733333,1408.0,1316.140137,0.0,0.0,0.0,1.0,125.703125,633.03125,35.273438,37.3125,False,,,,,,,,,,,,,,,
session_20260630_103628,images_weak_noise_raw/weak_20260630_104018_000106.jpg,images_weak_noise_raw,235,21,model,1,ripe,0.629776,weak,weak,weak/noise conf 0.63<0.80,,1,ripe,1,ripe,,,False,,,False,,0.52381,1408.0,1739.612061,0.5,0.3,0.8,0.2,637.109375,236.347656,47.953125,36.277344,False,,,,,,,,,,,,,,,
session_20260630_103628,images_weak_noise_raw/weak_20260630_104018_000106.jpg,images_weak_noise_raw,235,22,model,2,unripe,0.616936,weak,weak,weak/noise conf 0.62<0.85 roi,,2,unripe,2,unripe,,,False,,,False,,0.666667,1280.0,1182.860352,0.0,0.0,0.0,1.0,751.03125,686.28125,37.375,31.648438,False,,,,,,,,,,,,,,,
session_20260630_103628,images_weak_noise_raw/weak_20260630_104018_000106.jpg,images_weak_noise_raw,235,23,model,2,unripe,0.600188,weak,weak,weak/noise conf 0.60<0.85 roi,,2,unripe,2,unripe,,,False,,,False,,0.607143,1088.0,1180.070068,0.0,0.0,0.0,1.0,23.96875,694.390625,47.335938,24.929688,False,,,,,,,,,,,,,,,
session_20260630_103628,images_weak_noise_raw/weak_20260630_104018_000106.jpg,images_weak_noise_raw,235,24,model,2,unripe,0.596433,weak,weak,weak/noise conf 0.60<0.85,,2,unripe,2,unripe,,,False,,,False,,0.88,1408.0,1263.675781,0.0,0.0,0.0,1.0,656.859375,280.851562,36.570312,34.554688,False,,,,,,,,,,,,,,,
session_20260630_103628,images_weak_noise_raw/weak_20260630_104018_000106.jpg,images_weak_noise_raw,235,25,model,3,unripe bunch,0.572723,weak,weak,weak/noise conf 0.57<0.70 roi tomatoes_inside 0<2,,3,unripe bunch,3,unripe bunch,,,False,,,False,,0.143519,1984.0,12995.9375,0.0,0.0,0.0,1.0,667.25,648.59375,182.0,71.40625,False,,,,,,,,,,,,,,,
session_20260630_103628,images_weak_noise_raw/weak_20260630_104018_000106.jpg,images_weak_noise_raw,235,26,model,2,unripe,0.51562,weak,weak,weak/noise conf 0.52<0.85,,2,unripe,2,unripe,,,False,,,False,,0.8,1536.0,1305.07959,0.0,0.0,0.0,1.0,692.890625,102.054688,32.851562,39.726562,False,,,,,,,,,,,,,,,
session_20260630_103628,images_weak_noise_raw/weak_20260630_104018_000106.jpg,images_weak_noise_raw,235,27,model,2,unripe,0.511717,weak,weak,weak/noise conf 0.51<0.85,,2,unripe,2,unripe,,,False,,,False,,0.75,1728.0,1693.930054,0.0,0.0,0.0,1.0,701.742188,18.796875,42.101562,40.234375,False,,,,,,,,,,,,,,,
session_20260630_103628,images_weak_noise_raw/weak_20260630_104018_000106.jpg,images_weak_noise_raw,235,28,model,2,unripe,0.507812,weak,weak,weak/noise conf 0.51<0.85,,2,unripe,2,unripe,,,False,,,False,,0.732143,2624.0,2645.206055,0.0,0.0,0.0,1.0,354.359375,135.5,58.609375,45.132812,False,,,,,,,,,,,,,,,
session_20260630_103628,images_weak_noise_raw/weak_20260630_104018_000106.jpg,images_weak_noise_raw,235,29,model,2,unripe,0.47658,weak,weak,weak/noise conf 0.48<0.85,,2,unripe,2,unripe,,,False,,,False,,0.64,1024.0,1007.191772,0.0,0.153846,0.153846,0.923077,221.390625,640.710938,31.683594,31.789062,False,,,,,,,,,,,,,,,
session_20260630_103628,images_weak_noise_raw/weak_20260630_104018_000106.jpg,images_weak_noise_raw,235,30,model,3,unripe bunch,0.37479,weak,weak,weak/noise conf 0.37<0.70 small_bunch_mask tomatoes_inside 0<2,,3,unripe bunch,3,unripe bunch,,,False,,,False,,0.112821,1408.0,10820.492188,0.0,0.0,0.0,1.0,661.8125,21.0,95.046875,113.84375,False,,,,,,,,,,,,,,,
session_20260630_103628,images_weak_noise_raw/weak_20260630_104018_000106.jpg,images_weak_noise_raw,235,31,model,1,ripe,0.370224,weak,weak,weak/noise conf 0.37<0.80 roi,,1,ripe,1,ripe,,,False,,,False,,0.666667,1792.0,2116.799072,0.857143,0.071429,0.928571,0.071429,456.601562,0.304688,53.054688,39.898438,False,,,,,,,,,,,,,,,
session_20260630_103628,images_weak_noise_raw/weak_20260630_104018_000106.jpg,images_weak_noise_raw,235,32,model,1,ripe,0.362969,weak,weak,weak/noise conf 0.36<0.80 roi,,1,ripe,1,ripe,,,False,,,False,,0.537037,1856.0,2518.003906,0.896552,0.034483,0.931035,0.0,0.0,566.53125,40.53125,62.125,False,,,,,,,,,,,,,,,
session_20260630_103628,images_weak_noise_raw/weak_20260630_104018_000106.jpg,images_weak_noise_raw,235,33,model,1,ripe,0.33372,weak,weak,weak/noise conf 0.33<0.80,,1,ripe,1,ripe,,,False,,,False,,0.8,1024.0,963.172913,0.333333,0.5,0.833333,0.166667,659.75,197.179688,28.179688,34.179688,False,,,,,,,,,,,,,,,
session_20260630_103628,images_weak_noise_raw/weak_20260630_104018_000106.jpg,images_weak_noise_raw,235,34,model,2,unripe,0.266644,noise,noise,weak/noise conf 0.27<0.85,,2,unripe,2,unripe,,,False,,,False,,0.733333,1408.0,1598.495361,0.0,0.0,0.0,1.0,730.265625,40.234375,43.46875,36.773438,False,,,,,,,,,,,,,,,
session_20260630_103628,images_weak_noise_raw/weak_20260630_104018_000106.jpg,images_weak_noise_raw,235,35,model,2,unripe,0.256086,noise,noise,weak/noise conf 0.26<0.85 roi bad_color gy=0.00,,2,unripe,2,unripe,,,False,,,False,,0.537037,1856.0,2748.689453,0.896552,0.034483,0.931035,0.0,0.0,562.5625,42.875,64.109375,False,,,,,,,,,,,,,,,
session_20260630_103628,images_weak_noise_raw/weak_20260630_104018_000106.jpg,images_weak_noise_raw,235,36,model,2,unripe,0.239352,noise,noise,weak/noise conf 0.24<0.85,,2,unripe,2,unripe,,,False,,,False,,0.6,768.0,697.344727,0.0,0.0,0.0,1.0,713.0625,343.625,24.5625,28.390625,False,,,,,,,,,,,,,,,
session_20260630_103628,images_weak_noise_raw/weak_20260630_104018_000106.jpg,images_weak_noise_raw,235,37,model,2,unripe,0.235111,noise,noise,weak/noise conf 0.24<0.85,,2,unripe,2,unripe,,,False,,,False,,0.6,1152.0,1116.351074,0.0,0.0,0.0,1.0,668.148438,315.8125,38.257812,29.179688,False,,,,,,,,,,,,,,,
session_20260630_103628,images_weak_noise_raw/weak_20260630_104018_000106.jpg,images_weak_noise_raw,235,38,model,2,unripe,0.212722,noise,noise,weak/noise conf 0.21<0.85,,2,unripe,2,unripe,,,False,,,False,,0.571429,1536.0,1859.8396,0.47619,0.285714,0.761905,0.238095,638.21875,235.625,49.710938,37.413086,False,,,,,,,,,,,,,,,
session_20260630_103628,images_weak_noise_raw/weak_20260630_104018_000106.jpg,images_weak_noise_raw,235,39,model,2,unripe,0.186539,noise,noise,weak/noise conf 0.19<0.85 roi,,2,unripe,2,unripe,,,False,,,False,,0.52,832.0,942.598328,0.0,0.0,0.0,1.0,75.257812,681.34375,30.414062,30.992188,False,,,,,,,,,,,,,,,
session_20260630_103628,images_weak_noise_raw/weak_20260630_104018_000106.jpg,images_weak_noise_raw,235,40,model,2,unripe,0.181262,noise,noise,weak/noise conf 0.18<0.85 roi,,2,unripe,2,unripe,,,False,,,False,,0.888889,1024.0,850.225342,0.0,0.0,0.0,1.0,681.578125,699.0625,44.859375,18.953125,False,,,,,,,,,,,,,,,
session_20260630_103628,images_weak_noise_raw/weak_20260630_104018_000106.jpg,images_weak_noise_raw,235,41,model,2,unripe,0.153547,noise,noise,weak/noise conf 0.15<0.85,,2,unripe,2,unripe,,,False,,,False,,0.642857,1728.0,1499.106445,0.0,0.0,0.0,1.0,799.515625,245.625,35.015625,42.8125,False,,,,,,,,,,,,,,,
session_20260630_103628,images_weak_noise_raw/weak_20260630_104019_000107.jpg,images_weak_noise_raw,236,0,model,2,unripe,0.431105,weak,weak,weak/noise conf 0.43<0.85,,2,unripe,2,unripe,,,False,,,False,,0.782353,8512.0,9542.928711,0.0,0.0,0.0,1.0,813.5,644.28125,126.03125,75.71875,False,,,,,,,,,,,,,,,
session_20260630_103628,images_weak_noise_raw/weak_20260630_104019_000107.jpg,images_weak_noise_raw,236,1,model,3,unripe bunch,0.428234,weak,weak,weak/noise conf 0.43<0.70 low_bunch_density tomatoes_inside 0<2,,3,unripe bunch,3,unripe bunch,,,False,,,False,,0.025862,4608.0,172264.8125,0.0,0.0,0.0,1.0,617.875,340.375,455.125,378.5,False,,,,,,,,,,,,,,,
session_20260630_103628,images_weak_noise_raw/weak_20260630_104019_000107.jpg,images_weak_noise_raw,236,2,model,2,unripe,0.230922,noise,noise,weak/noise conf 0.23<0.85,,2,unripe,2,unripe,,,False,,,False,,0.738095,9920.0,11957.477539,0.0,0.020134,0.020134,1.0,843.96875,349.53125,105.90625,112.90625,False,,,,,,,,,,,,,,,
session_20260630_103628,images_weak_noise_raw/weak_20260630_104021_000108.jpg,images_weak_noise_raw,237,0,model,3,unripe bunch,0.73029,weak,weak,weak/noise tomatoes_inside 0<2,,3,unripe bunch,3,unripe bunch,,,False,,,False,,0.068085,9216.0,128773.125,0.0,0.0,0.0,1.0,599.25,347.875,351.0,366.875,False,,,,,,,,,,,,,,,
session_20260630_103628,images_weak_noise_raw/weak_20260630_104021_000108.jpg,images_weak_noise_raw,237,1,model,2,unripe,0.176105,noise,noise,weak/noise conf 0.18<0.85,,2,unripe,2,unripe,,,False,,,False,,0.747619,10048.0,11579.365234,0.0,0.0,0.0,1.0,789.375,503.34375,104.96875,110.3125,False,,,,,,,,,,,,,,,
session_20260630_103628,images_weak_noise_raw/weak_20260630_104022_000109.jpg,images_weak_noise_raw,238,0,model,2,unripe,0.832236,weak,review,weak/noise conf 0.83<0.85,near_threshold_unripe_color_mask_support,2,unripe,2,unripe,,,False,,,True,near_threshold_unripe_color_mask_support,0.7575,19392.0,23392.509766,0.0,0.017123,0.017123,1.0,782.875,114.78125,149.5625,156.40625,False,,,,,,,,,,,,,,,
session_20260630_103628,images_weak_noise_raw/weak_20260630_104022_000109.jpg,images_weak_noise_raw,238,1,model,2,unripe,0.799442,weak,weak,weak/noise conf 0.80<0.85,,2,unripe,2,unripe,,,False,,,False,,0.739229,20864.0,26031.28125,0.0,0.0,0.0,1.0,661.8125,393.90625,159.0,163.71875,False,,,,,,,,,,,,,,,
session_20260630_103628,images_weak_noise_raw/weak_20260630_104022_000109.jpg,images_weak_noise_raw,238,2,model,2,unripe,0.687631,weak,weak,weak/noise conf 0.69<0.85,,2,unripe,2,unripe,,,False,,,False,,0.723684,17600.0,22093.126953,0.0,0.0,0.0,1.0,554.75,295.21875,147.6875,149.59375,False,,,,,,,,,,,,,,,
session_20260630_103628,images_weak_noise_raw/weak_20260630_104022_000109.jpg,images_weak_noise_raw,238,3,model,2,unripe,0.628864,weak,weak,weak/noise conf 0.63<0.85,,2,unripe,2,unripe,,,False,,,False,,0.725,18560.0,22624.386719,0.0,0.0,0.0,1.0,755.03125,535.84375,153.09375,147.78125,False,,,,,,,,,,,,,,,
session_20260630_103628,images_weak_noise_raw/weak_20260630_104022_000109.jpg,images_weak_noise_raw,238,4,model,2,unripe,0.44746,weak,weak,weak/noise conf 0.45<0.85,,2,unripe,2,unripe,,,False,,,False,,0.724311,18496.0,22965.726562,0.0,0.0,0.0,1.0,891.203125,340.0,146.921875,156.3125,False,,,,,,,,,,,,,,,
session_20260630_103628,images_weak_noise_raw/weak_20260630_104022_000109.jpg,images_weak_noise_raw,238,5,model,3,unripe bunch,0.158693,noise,noise,weak/noise conf 0.16<0.70 low_bunch_density tomatoes_inside 0<2,,3,unripe bunch,3,unripe bunch,,,False,,,False,,0.026643,8512.0,310720.15625,0.0,0.0,0.0,1.0,432.5,78.0,505.75,614.375,False,,,,,,,,,,,,,,,
session_20260630_103628,images_weak_noise_raw/weak_20260630_104024_000110.jpg,images_weak_noise_raw,239,0,model,2,unripe,0.509764,weak,weak,weak/noise conf 0.51<0.85,,2,unripe,2,unripe,,,False,,,False,,0.705215,19904.0,25768.796875,0.0,0.0,0.0,1.0,661.1875,170.625,159.3125,161.75,False,,,,,,,,,,,,,,,
session_20260630_103628,images_weak_noise_raw/weak_20260630_104024_000110.jpg,images_weak_noise_raw,239,1,model,2,unripe,0.301568,weak,weak,weak/noise conf 0.30<0.85,,2,unripe,2,unripe,,,False,,,False,,0.707483,13312.0,17586.867188,0.0,0.0,0.0,1.0,497.4375,0.0,160.0625,109.875,False,,,,,,,,,,,,,,,
session_20260630_103628,images_ok_raw/ok_20260630_103644_000003.jpg,images_ok_raw,3,heuristic_0,heuristic,104,HEURISTIC mixed bunch,,none,heuristics,,weak_bunch_anchor_with_child_support_v3,104,HEURISTIC mixed bunch,104,HEURISTIC mixed bunch,,,False,,,False,,0.0,0.0,658764.0000000001,0.0,0.0,0.0,0.0,113.15,0.0,914.9500000000002,720.0,True,weak_bunch_anchor_with_child_support_v3,weak_bunch_anchor,12,unripe bunch,0.567937,0;1;2;3;4;5;6;7;8;9;10;11,12,5,7,10.35,5.7,4.65,mixed,12.912937,union_anchor_children
session_20260630_103628,images_ok_raw/ok_20260630_103645_000004.jpg,images_ok_raw,4,heuristic_0,heuristic,104,HEURISTIC mixed bunch,,none,heuristics,,weak_bunch_anchor_with_child_support_v3,104,HEURISTIC mixed bunch,104,HEURISTIC mixed bunch,,,False,,,False,,0.0,0.0,632794.4999999999,0.0,0.0,0.0,0.0,259.23125,0.0,878.8812499999999,720.0,True,weak_bunch_anchor_with_child_support_v3,weak_bunch_anchor,13,unripe bunch,0.448426,0;2;3;5;6;7;8;10;11;12,10,3,7,8.9,4.0,4.9,mixed,11.063426,union_anchor_children
session_20260630_103628,images_ok_raw/ok_20260630_103646_000005.jpg,images_ok_raw,5,heuristic_0,heuristic,103,HEURISTIC unripe bunch,,none,heuristics,,weak_bunch_anchor_with_child_support_v3,103,HEURISTIC unripe bunch,103,HEURISTIC unripe bunch,,,False,,,False,,0.0,0.0,296382.77221875003,0.0,0.0,0.0,0.0,668.745,216.91875,589.1350000000001,503.08125,True,weak_bunch_anchor_with_child_support_v3,weak_bunch_anchor,11,unripe bunch,0.796925,1;8;10;12;13,5,4,1,3.45,1.0,2.45,unripe,5.104425,union_anchor_children
session_20260630_103628,images_ok_raw/ok_20260630_103647_000006.jpg,images_ok_raw,6,heuristic_0,heuristic,100,HEURISTIC ripe bunch,,none,heuristics,,weak_bunch_anchor_with_child_support_v3,100,HEURISTIC ripe bunch,100,HEURISTIC ripe bunch,,,False,,,False,,0.0,0.0,428257.59280000004,0.0,0.0,0.0,0.0,283.87,209.72,839.2600000000001,510.28,True,weak_bunch_anchor_with_child_support_v3,weak_bunch_anchor,9,unripe bunch,0.413951,0;1;2;3;4;5;6;7;8,9,2,7,8.25,5.7,2.55,ripe,10.658951,union_anchor_children
session_20260630_103628,images_ok_raw/ok_20260630_103654_000012.jpg,images_ok_raw,12,heuristic_0,heuristic,104,HEURISTIC mixed bunch,,none,heuristics,,weak_bunch_anchor_with_child_support_v3,104,HEURISTIC mixed bunch,104,HEURISTIC mixed bunch,,,False,,,False,,0.0,0.0,61464.252410937486,0.0,0.0,0.0,0.0,1002.83375,324.75125,198.61374999999998,309.46624999999995,True,weak_bunch_anchor_with_child_support_v3,weak_bunch_anchor,12,unripe bunch,0.677474,6;9;11,3,3,0,1.6500000000000001,0.55,1.1,mixed,2.7124740000000003,union_anchor_children
session_20260630_103628,images_ok_raw/ok_20260630_103655_000013.jpg,images_ok_raw,13,heuristic_0,heuristic,103,HEURISTIC unripe bunch,,none,heuristics,,weak_bunch_anchor_with_child_support_v3,103,HEURISTIC unripe bunch,103,HEURISTIC unripe bunch,,,False,,,False,,0.0,0.0,110918.21399999999,0.0,0.0,0.0,0.0,0.0,66.86,253.8,437.03,True,weak_bunch_anchor_with_child_support_v3,weak_bunch_anchor,12,unripe bunch,0.588889,0;1;2;4;5;7;9,7,5,2,5.2,0.7,4.5,unripe,7.363889,union_anchor_children
session_20260630_103628,images_ok_raw/ok_20260630_103655_000013.jpg,images_ok_raw,13,heuristic_1,heuristic,104,HEURISTIC mixed bunch,,none,heuristics,,weak_bunch_anchor_with_child_support_v3,104,HEURISTIC mixed bunch,104,HEURISTIC mixed bunch,,,False,,,False,,0.0,0.0,38798.76627343751,0.0,0.0,0.0,0.0,666.5125,344.223125,147.53750000000002,262.97562500000004,True,weak_bunch_anchor_with_child_support_v3,weak_bunch_anchor,3,unripe bunch,0.819317,6;8;11;13,4,4,0,2.25,1.2,1.05,mixed,3.489317,union_anchor_children
session_20260630_103628,images_ok_raw/ok_20260630_103656_000014.jpg,images_ok_raw,14,heuristic_0,heuristic,103,HEURISTIC unripe bunch,,none,heuristics,,weak_bunch_anchor_with_child_support_v3,103,HEURISTIC unripe bunch,103,HEURISTIC unripe bunch,,,False,,,False,,0.0,0.0,119163.00824999998,0.0,0.0,0.0,0.0,0.0,62.415,261.22499999999997,456.17,True,weak_bunch_anchor_with_child_support_v3,weak_bunch_anchor,14,unripe bunch,0.496094,0;1;2;3;6;8;9;11;12,9,7,2,6.05,1.2,4.85,unripe,8.243594,union_anchor_children
session_20260630_103628,images_ok_raw/ok_20260630_103656_000014.jpg,images_ok_raw,14,heuristic_1,heuristic,104,HEURISTIC mixed bunch,,none,heuristics,,weak_bunch_anchor_with_child_support_v3,104,HEURISTIC mixed bunch,104,HEURISTIC mixed bunch,,,False,,,False,,0.0,0.0,35377.50600000001,0.0,0.0,0.0,0.0,664.24,374.85,148.76999999999998,237.80000000000007,True,weak_bunch_anchor_with_child_support_v3,weak_bunch_anchor,4,unripe bunch,0.794385,5;7;13,3,3,0,1.6,1.05,0.55,mixed,2.761885,union_anchor_children
session_20260630_103628,images_ok_raw/ok_20260630_103657_000015.jpg,images_ok_raw,15,heuristic_0,heuristic,103,HEURISTIC unripe bunch,,none,heuristics,,weak_bunch_anchor_with_child_support_v3,103,HEURISTIC unripe bunch,103,HEURISTIC unripe bunch,,,False,,,False,,0.0,0.0,124693.481525,0.0,0.0,0.0,0.0,0.0,33.879999999999995,280.84749999999997,443.99,True,weak_bunch_anchor_with_child_support_v3,weak_bunch_anchor,3,unripe bunch,0.827269,0;1;2;4;5;7;11;12,8,7,1,5.299999999999999,0.55,4.749999999999999,unripe,7.789768999999999,union_anchor_children
session_20260630_103628,images_ok_raw/ok_20260630_103658_000016.jpg,images_ok_raw,16,heuristic_0,heuristic,104,HEURISTIC mixed bunch,,none,heuristics,,weak_bunch_anchor_with_child_support_v3,104,HEURISTIC mixed bunch,104,HEURISTIC mixed bunch,,,False,,,False,,0.0,0.0,36718.28717361119,0.0,0.0,0.0,0.0,688.06625,135.42375008,137.24249999999995,267.54312384,True,weak_bunch_anchor_with_child_support_v3,weak_bunch_anchor,5,unripe bunch,0.801315,6;8;12,3,3,0,1.6,0.55,1.05,mixed,2.768815,union_anchor_children
session_20260630_103628,images_ok_raw/ok_20260630_103700_000017.jpg,images_ok_raw,17,heuristic_0,heuristic,103,HEURISTIC unripe bunch,,none,heuristics,,weak_bunch_anchor_with_child_support_v3,103,HEURISTIC unripe bunch,103,HEURISTIC unripe bunch,,,False,,,False,,0.0,0.0,49368.39776874997,0.0,0.0,0.0,0.0,979.09875,426.99,234.6462499999999,210.39499999999998,True,weak_bunch_anchor_with_child_support_v3,weak_bunch_anchor,7,unripe bunch,0.684265,1;3;5;6;9,5,5,0,2.85,0.0,2.85,unripe,4.531765,union_anchor_children
session_20260630_103628,images_ok_raw/ok_20260630_103700_000017.jpg,images_ok_raw,17,heuristic_1,heuristic,100,HEURISTIC ripe bunch,,none,heuristics,,weak_bunch_anchor_with_child_support_v3,100,HEURISTIC ripe bunch,100,HEURISTIC ripe bunch,,,False,,,False,,0.0,0.0,40689.26791328123,0.0,0.0,0.0,0.0,426.70375,148.266875,156.99874999999997,259.16937499999995,True,weak_bunch_anchor_with_child_support_v3,weak_bunch_anchor,0,unripe bunch,0.840261,2;4;8;10;11,5,5,0,2.6500000000000004,1.6,1.05,ripe,4.050261000000001,union_anchor_children
session_20260630_103628,images_ok_raw/ok_20260630_103701_000018.jpg,images_ok_raw,18,heuristic_0,heuristic,100,HEURISTIC ripe bunch,,none,heuristics,,weak_bunch_anchor_with_child_support_v3,100,HEURISTIC ripe bunch,100,HEURISTIC ripe bunch,,,False,,,False,,0.0,0.0,36484.24228906251,0.0,0.0,0.0,0.0,445.4025,377.1,162.72625,224.20625000000007,True,weak_bunch_anchor_with_child_support_v3,weak_bunch_anchor,3,unripe bunch,0.791821,0;2;4,3,2,1,2.25,1.7,0.55,ripe,3.636821,union_anchor_children
session_20260630_103628,images_ok_raw/ok_20260630_103715_000026.jpg,images_ok_raw,26,heuristic_0,heuristic,100,HEURISTIC ripe bunch,,none,heuristics,,weak_bunch_anchor_with_child_support_v3,100,HEURISTIC ripe bunch,100,HEURISTIC ripe bunch,,,False,,,False,,0.0,0.0,307666.80000000005,0.0,0.0,0.0,0.0,485.03,0.0,427.31500000000005,720.0,True,weak_bunch_anchor_with_child_support_v3,weak_bunch_anchor,4,eripe bunch,0.661923,0;1;2;3,4,1,3,3.55,3.55,0.0,ripe,5.454422999999999,union_anchor_children
session_20260630_103628,images_ok_raw/ok_20260630_103716_000027.jpg,images_ok_raw,27,heuristic_0,heuristic,100,HEURISTIC ripe bunch,,none,heuristics,,weak_bunch_anchor_with_child_support_v3,100,HEURISTIC ripe bunch,100,HEURISTIC ripe bunch,,,False,,,False,,0.0,0.0,280127.88486720005,0.0,0.0,0.0,0.0,521.19987012,0.0,389.06650676000004,720.0,True,weak_bunch_anchor_with_child_support_v3,weak_bunch_anchor,3,eripe bunch,0.713033,0;1;2;4,4,1,3,3.5,3.5,0.0,ripe,5.438033,union_anchor_children
session_20260630_103628,images_ok_raw/ok_20260630_103718_000029.jpg,images_ok_raw,29,heuristic_0,heuristic,103,HEURISTIC unripe bunch,,none,heuristics,,weak_bunch_anchor_with_child_support_v3,103,HEURISTIC unripe bunch,103,HEURISTIC unripe bunch,,,False,,,False,,0.0,0.0,86382.33732812501,0.0,0.0,0.0,0.0,955.55625,453.7525,324.44375,266.2475,True,weak_bunch_anchor_with_child_support_v3,weak_bunch_anchor,7,unripe bunch,0.607663,1;3;4;5;8,5,5,0,2.85,0.0,2.85,unripe,4.455163,union_anchor_children
session_20260630_103628,images_ok_raw/ok_20260630_103720_000030.jpg,images_ok_raw,30,heuristic_0,heuristic,103,HEURISTIC unripe bunch,,none,heuristics,,weak_bunch_anchor_with_child_support_v3,103,HEURISTIC unripe bunch,103,HEURISTIC unripe bunch,,,False,,,False,,0.0,0.0,57030.7224875,0.0,0.0,0.0,0.0,589.18375,259.855,280.53875000000005,203.28999999999996,True,weak_bunch_anchor_with_child_support_v3,weak_bunch_anchor,7,unripe bunch,0.654895,0;1;2;3;5;6,6,5,1,4.05,0.0,4.05,unripe,6.122394999999999,union_anchor_children
session_20260630_103628,images_ok_raw/ok_20260630_103721_000031.jpg,images_ok_raw,31,heuristic_0,heuristic,103,HEURISTIC unripe bunch,,none,heuristics,,weak_bunch_anchor_with_child_support_v3,103,HEURISTIC unripe bunch,103,HEURISTIC unripe bunch,,,False,,,False,,0.0,0.0,51413.90425000002,0.0,0.0,0.0,0.0,479.6625,272.80125,281.30000000000007,182.77250000000004,True,weak_bunch_anchor_with_child_support_v3,weak_bunch_anchor,8,unripe bunch,0.405449,0;1;2;3;5;7,6,6,0,3.5,0.0,3.5,unripe,5.130449,union_anchor_children
session_20260630_103628,images_ok_raw/ok_20260630_103723_000033.jpg,images_ok_raw,33,heuristic_0,heuristic,103,HEURISTIC unripe bunch,,none,heuristics,,weak_bunch_anchor_with_child_support_v3,103,HEURISTIC unripe bunch,103,HEURISTIC unripe bunch,,,False,,,False,,0.0,0.0,70248.24642499999,0.0,0.0,0.0,0.0,287.24,335.48,221.26999999999998,317.47749999999996,True,weak_bunch_anchor_with_child_support_v3,weak_bunch_anchor,7,unripe bunch,0.69181,0;1;2;3;4;5,6,3,3,4.95,0.0,4.95,unripe,7.37431,union_anchor_children
session_20260630_103628,images_ok_raw/ok_20260630_103726_000036.jpg,images_ok_raw,36,heuristic_0,heuristic,103,HEURISTIC unripe bunch,,none,heuristics,,weak_bunch_anchor_with_child_support_v3,103,HEURISTIC unripe bunch,103,HEURISTIC unripe bunch,,,False,,,False,,0.0,0.0,114371.6257125,0.0,0.0,0.0,0.0,192.38,415.1025,375.115,304.8975,True,weak_bunch_anchor_with_child_support_v3,weak_bunch_anchor,5,unripe bunch,0.627039,0;1;2;3;4,5,4,1,3.5,0.0,3.5,unripe,5.3520389999999995,union_anchor_children
session_20260630_103628,images_ok_raw/ok_20260630_103751_000041.jpg,images_ok_raw,41,heuristic_0,heuristic,100,HEURISTIC ripe bunch,,none,heuristics,,weak_bunch_anchor_with_child_support_v3,100,HEURISTIC ripe bunch,100,HEURISTIC ripe bunch,,,False,,,False,,0.0,0.0,152966.4363,0.0,0.0,0.0,0.0,498.24,165.06,275.645,554.94,True,weak_bunch_anchor_with_child_support_v3,weak_bunch_anchor,7,eripe bunch,0.653127,0;1;2;4;6;9,6,5,1,3.8499999999999996,3.8499999999999996,0.0,ripe,5.850626999999999,union_anchor_children
session_20260630_103628,images_ok_raw/ok_20260630_103751_000041.jpg,images_ok_raw,41,heuristic_1,heuristic,103,HEURISTIC unripe bunch,,none,heuristics,,weak_bunch_anchor_with_child_support_v3,103,HEURISTIC unripe bunch,103,HEURISTIC unripe bunch,,,False,,,False,,0.0,0.0,72914.1428375,0.0,0.0,0.0,0.0,909.0525,198.39,270.2075,269.845,True,weak_bunch_anchor_with_child_support_v3,weak_bunch_anchor,10,unripe bunch,0.617858,3;5;8,3,3,0,1.6500000000000001,0.0,1.6500000000000001,unripe,2.845358,union_anchor_children
session_20260630_103628,images_ok_raw/ok_20260630_103758_000048.jpg,images_ok_raw,48,heuristic_0,heuristic,100,HEURISTIC ripe bunch,,none,heuristics,,weak_bunch_anchor_with_child_support_v3,100,HEURISTIC ripe bunch,100,HEURISTIC ripe bunch,,,False,,,False,,0.0,0.0,180054.56925,0.0,0.0,0.0,0.0,271.825,160.01999999999998,321.53749999999997,559.98,True,weak_bunch_anchor_with_child_support_v3,weak_bunch_anchor,14,eripe bunch,0.428234,0;2;3;5;6,5,5,0,2.9000000000000004,2.9000000000000004,0.0,ripe,4.343234000000001,union_anchor_children
session_20260630_103628,images_ok_raw/ok_20260630_103758_000048.jpg,images_ok_raw,48,heuristic_1,heuristic,103,HEURISTIC unripe bunch,,none,heuristics,,weak_bunch_anchor_with_child_support_v3,103,HEURISTIC unripe bunch,103,HEURISTIC unripe bunch,,,False,,,False,,0.0,0.0,55235.975924999984,0.0,0.0,0.0,0.0,739.345,190.31,199.80999999999995,276.4425,True,weak_bunch_anchor_with_child_support_v3,weak_bunch_anchor,7,unripe bunch,0.688469,4;9;11,3,3,0,1.55,0.0,1.55,unripe,2.7809690000000002,union_anchor_children
session_20260630_103628,images_ok_raw/ok_20260630_103759_000049.jpg,images_ok_raw,49,heuristic_0,heuristic,103,HEURISTIC unripe bunch,,none,heuristics,,weak_bunch_anchor_with_child_support_v3,103,HEURISTIC unripe bunch,103,HEURISTIC unripe bunch,,,False,,,False,,0.0,0.0,145004.7096,0.0,0.0,0.0,0.0,823.395,0.0,354.96000000000004,408.51,True,weak_bunch_anchor_with_child_support_v3,weak_bunch_anchor,1,unripe bunch,0.884835,2;4;6;10;12,5,5,0,2.85,1.25,1.6,unripe,4.294835,union_anchor_children
session_20260630_103628,images_ok_raw/ok_20260630_103759_000049.jpg,images_ok_raw,49,heuristic_1,heuristic,100,HEURISTIC ripe bunch,,none,heuristics,,weak_bunch_anchor_with_child_support_v3,100,HEURISTIC ripe bunch,100,HEURISTIC ripe bunch,,,False,,,False,,0.0,0.0,173251.4639625,0.0,0.0,0.0,0.0,21.945,172.035,316.1725,547.965,True,weak_bunch_anchor_with_child_support_v3,weak_bunch_anchor,17,eripe bunch,0.413951,0;3;7;13,4,3,1,2.6,2.6,0.0,ripe,3.9239509999999997,union_anchor_children
session_20260630_103628,images_ok_raw/ok_20260630_103802_000050.jpg,images_ok_raw,50,heuristic_0,heuristic,104,HEURISTIC mixed bunch,,none,heuristics,,weak_bunch_anchor_with_child_support_v3,104,HEURISTIC mixed bunch,104,HEURISTIC mixed bunch,,,False,,,False,,0.0,0.0,340043.58827500005,0.0,0.0,0.0,0.0,669.605,0.0,554.915,612.7850000000001,True,weak_bunch_anchor_with_child_support_v3,weak_bunch_anchor,1,unripe bunch,0.851956,0;2;3;4,4,4,0,2.35,1.25,1.1,mixed,3.639456,union_anchor_children
session_20260630_103628,images_ok_raw/ok_20260630_103803_000051.jpg,images_ok_raw,51,heuristic_0,heuristic,100,HEURISTIC ripe bunch,,none,heuristics,,weak_bunch_anchor_with_child_support_v3,100,HEURISTIC ripe bunch,100,HEURISTIC ripe bunch,,,False,,,False,,0.0,0.0,232389.36704999997,0.0,0.0,0.0,0.0,657.08,62.565,397.59000000000003,584.4949999999999,True,weak_bunch_anchor_with_child_support_v3,weak_bunch_anchor,0,unripe bunch,0.878732,1;2;3;4;5,5,5,0,2.85,1.75,1.1,ripe,4.341232,union_anchor_children
session_20260630_103628,images_ok_raw/ok_20260630_103805_000052.jpg,images_ok_raw,52,heuristic_0,heuristic,103,HEURISTIC unripe bunch,,none,heuristics,,weak_bunch_anchor_with_child_support_v3,103,HEURISTIC unripe bunch,103,HEURISTIC unripe bunch,,,False,,,False,,0.0,0.0,156514.30500000005,0.0,0.0,0.0,0.0,886.2,123.1,330.60000000000014,473.42499999999995,True,weak_bunch_anchor_with_child_support_v3,weak_bunch_anchor,2,unripe bunch,0.857288,1;3;4;5;6,5,5,0,3.3499999999999996,1.4,1.95,unripe,4.889787999999999,union_anchor_children
session_20260630_103628,images_ok_raw/ok_20260630_103813_000056.jpg,images_ok_raw,56,heuristic_0,heuristic,104,HEURISTIC mixed bunch,,none,heuristics,,weak_bunch_anchor_with_child_support_v3,104,HEURISTIC mixed bunch,104,HEURISTIC mixed bunch,,,False,,,False,,0.0,0.0,158489.4670875,0.0,0.0,0.0,0.0,449.555,365.3575,486.76499999999993,325.5975,True,weak_bunch_anchor_with_child_support_v3,weak_bunch_anchor,8,unripe bunch,0.446495,0;1;2;3;4;7,6,6,0,3.4000000000000004,1.6,1.8,mixed,4.476495,union_anchor_children
session_20260630_103628,images_ok_raw/ok_20260630_103814_000057.jpg,images_ok_raw,57,heuristic_0,heuristic,103,HEURISTIC unripe bunch,,none,heuristics,,weak_bunch_anchor_with_child_support_v3,103,HEURISTIC unripe bunch,103,HEURISTIC unripe bunch,,,False,,,False,,0.0,0.0,168127.8316875,0.0,0.0,0.0,0.0,657.3375,358.545,491.73124999999993,341.91,True,weak_bunch_anchor_with_child_support_v3,weak_bunch_anchor,3,unripe bunch,0.699254,0;1;2;4;5;6,6,5,1,3.6500000000000004,1.6,2.05,unripe,5.066754,union_anchor_children
session_20260630_103628,images_ok_raw/ok_20260630_103835_000058.jpg,images_ok_raw,58,heuristic_0,heuristic,103,HEURISTIC unripe bunch,,none,heuristics,,weak_bunch_anchor_with_child_support_v3,103,HEURISTIC unripe bunch,103,HEURISTIC unripe bunch,,,False,,,False,,0.0,0.0,39261.995643750015,0.0,0.0,0.0,0.0,437.9975,470.2325,195.78625000000005,200.53500000000003,True,weak_bunch_anchor_with_child_support_v3,weak_bunch_anchor,4,unripe bunch,0.578448,0;1;2;3,4,4,0,2.35,0.0,2.35,unripe,3.750948,union_anchor_children
session_20260630_103628,images_ok_raw/ok_20260630_103837_000060.jpg,images_ok_raw,60,heuristic_0,heuristic,104,HEURISTIC mixed bunch,,none,heuristics,,weak_bunch_anchor_with_child_support_v3,104,HEURISTIC mixed bunch,104,HEURISTIC mixed bunch,,,False,,,False,,0.0,0.0,145314.0946613281,0.0,0.0,0.0,0.0,533.76625,226.579375,353.201875,411.41937499999995,True,weak_bunch_anchor_with_child_support_v3,weak_bunch_anchor,8,unripe bunch,0.682574,1;2;5;7,4,2,2,3.0999999999999996,1.55,1.55,mixed,4.325074,union_anchor_children
session_20260630_103628,images_ok_raw/ok_20260630_103838_000061.jpg,images_ok_raw,61,heuristic_0,heuristic,100,HEURISTIC ripe bunch,,none,heuristics,,weak_bunch_anchor_with_child_support_v3,100,HEURISTIC ripe bunch,100,HEURISTIC ripe bunch,,,False,,,False,,0.0,0.0,312274.13741655386,0.0,0.0,0.0,0.0,610.41656304,0.0,441.5340619199999,707.2481250000001,True,weak_bunch_anchor_with_child_support_v3,weak_bunch_anchor,5,eripe bunch,0.758509,0;1;3;4;6,5,1,4,4.5,3.0,1.5,ripe,6.308509,union_anchor_children
session_20260630_103628,images_ok_raw/ok_20260630_103839_000062.jpg,images_ok_raw,62,heuristic_0,heuristic,100,HEURISTIC ripe bunch,,none,heuristics,,weak_bunch_anchor_with_child_support_v3,100,HEURISTIC ripe bunch,100,HEURISTIC ripe bunch,,,False,,,False,,0.0,0.0,498587.39999999997,0.0,0.0,0.0,0.0,587.5175,0.0,692.4825,720.0,True,weak_bunch_anchor_with_child_support_v3,weak_bunch_anchor,5,unripe bunch,0.656659,0;2;4;6;7;8,6,4,2,4.05,2.5,1.55,ripe,5.581659,union_anchor_children
session_20260630_103628,images_ok_raw/ok_20260630_103840_000063.jpg,images_ok_raw,63,heuristic_0,heuristic,100,HEURISTIC ripe bunch,,none,heuristics,,weak_bunch_anchor_with_child_support_v3,100,HEURISTIC ripe bunch,100,HEURISTIC ripe bunch,,,False,,,False,,0.0,0.0,454870.79999999993,0.0,0.0,0.0,0.0,315.555,0.0,631.7649999999999,720.0,True,weak_bunch_anchor_with_child_support_v3,weak_bunch_anchor,6,unripe bunch,0.564099,0;1;3;4,4,2,2,3.0999999999999996,2.55,0.55,ripe,4.556598999999999,union_anchor_children
session_20260630_103628,images_ok_raw/ok_20260630_103842_000065.jpg,images_ok_raw,65,heuristic_0,heuristic,100,HEURISTIC ripe bunch,,none,heuristics,,weak_bunch_anchor_with_child_support_v3,100,HEURISTIC ripe bunch,100,HEURISTIC ripe bunch,,,False,,,False,,0.0,0.0,160762.4164,0.0,0.0,0.0,0.0,405.105,305.84,388.16499999999996,414.16,True,weak_bunch_anchor_with_child_support_v3,weak_bunch_anchor,4,eripe bunch,0.684265,0;1;2;3,4,1,3,3.55,3.55,0.0,ripe,5.476764999999999,union_anchor_children
session_20260630_103628,images_ok_raw/ok_20260630_103844_000067.jpg,images_ok_raw,67,heuristic_0,heuristic,103,HEURISTIC unripe bunch,,none,heuristics,,weak_bunch_anchor_with_child_support_v3,103,HEURISTIC unripe bunch,103,HEURISTIC unripe bunch,,,False,,,False,,0.0,0.0,216107.32357500002,0.0,0.0,0.0,0.0,700.445,0.0,477.485,452.595,True,weak_bunch_anchor_with_child_support_v3,weak_bunch_anchor,2,unripe bunch,0.885233,0;1;3;4;5,5,4,1,3.6499999999999995,0.7,2.95,unripe,5.567733,union_anchor_children
session_20260630_103628,images_ok_raw/ok_20260630_103845_000068.jpg,images_ok_raw,68,heuristic_0,heuristic,103,HEURISTIC unripe bunch,,none,heuristics,,weak_bunch_anchor_with_child_support_v3,103,HEURISTIC unripe bunch,103,HEURISTIC unripe bunch,,,False,,,False,,0.0,0.0,234157.81387499996,0.0,0.0,0.0,0.0,476.9,0.0,501.69999999999993,466.72875,True,weak_bunch_anchor_with_child_support_v3,weak_bunch_anchor,2,unripe bunch,0.870599,0;1;3;4;5,5,4,1,3.5,0.7,2.8,unripe,5.350599,union_anchor_children
session_20260630_103628,images_ok_raw/ok_20260630_103852_000073.jpg,images_ok_raw,73,heuristic_0,heuristic,103,HEURISTIC unripe bunch,,none,heuristics,,weak_bunch_anchor_with_child_support_v3,103,HEURISTIC unripe bunch,103,HEURISTIC unripe bunch,,,False,,,False,,0.0,0.0,275872.53400000004,0.0,0.0,0.0,0.0,339.57125,204.8,535.4668750000001,515.2,True,weak_bunch_anchor_with_child_support_v3,weak_bunch_anchor,1,unripe bunch,0.802556,0;3;4;5;6;7,6,6,0,3.3,0.7,2.6,unripe,5.012556,union_anchor_children
session_20260630_103628,images_ok_raw/ok_20260630_103856_000075.jpg,images_ok_raw,75,heuristic_0,heuristic,103,HEURISTIC unripe bunch,,none,heuristics,,weak_bunch_anchor_with_child_support_v3,103,HEURISTIC unripe bunch,103,HEURISTIC unripe bunch,,,False,,,False,,0.0,0.0,178884.20809374997,0.0,0.0,0.0,0.0,421.15,235.7275,369.38749999999993,484.27250000000004,True,weak_bunch_anchor_with_child_support_v3,weak_bunch_anchor,1,unripe bunch,0.786623,0;2;3;4,4,4,0,2.3,0.7,1.6,unripe,3.646623,union_anchor_children
session_20260630_103628,images_ok_raw/ok_20260630_103920_000089.jpg,images_ok_raw,89,heuristic_0,heuristic,103,HEURISTIC unripe bunch,,none,heuristics,,weak_bunch_anchor_with_child_support_v3,103,HEURISTIC unripe bunch,103,HEURISTIC unripe bunch,,,False,,,False,,0.0,0.0,300896.0103784856,0.0,0.0,0.0,0.0,270.29476292000004,179.45162296,556.6495491599999,540.54837704,True,weak_bunch_anchor_with_child_support_v3,weak_bunch_anchor,5,unripe bunch,0.775945,0;2;3;4;7;8;11,7,6,1,4.5,0.55,3.95,unripe,6.658445,union_anchor_children
session_20260630_103628,images_ok_raw/ok_20260630_103921_000090.jpg,images_ok_raw,90,heuristic_0,heuristic,103,HEURISTIC unripe bunch,,none,heuristics,,weak_bunch_anchor_with_child_support_v3,103,HEURISTIC unripe bunch,103,HEURISTIC unripe bunch,,,False,,,False,,0.0,0.0,174075.39420000004,0.0,0.0,0.0,0.0,266.57,199.28,334.29750000000007,520.72,True,weak_bunch_anchor_with_child_support_v3,weak_bunch_anchor,1,unripe bunch,0.876637,0;2;3;6;9;11,6,5,1,3.95,0.5,3.45,unripe,6.034137,union_anchor_children
session_20260630_103628,images_ok_raw/ok_20260630_103945_000106.jpg,images_ok_raw,106,heuristic_0,heuristic,100,HEURISTIC ripe bunch,,none,heuristics,,weak_bunch_anchor_with_child_support_v3,100,HEURISTIC ripe bunch,100,HEURISTIC ripe bunch,,,False,,,False,,0.0,0.0,351201.6,0.0,0.0,0.0,0.0,427.11,0.0,487.78,720.0,True,weak_bunch_anchor_with_child_support_v3,weak_bunch_anchor,6,unripe bunch,0.639736,0;1;2;3;4;5,6,1,5,5.7,5.7,0.0,ripe,8.334736,union_anchor_children
session_20260630_103628,images_ok_raw/ok_20260630_103947_000108.jpg,images_ok_raw,108,heuristic_0,heuristic,100,HEURISTIC ripe bunch,,none,heuristics,,weak_bunch_anchor_with_child_support_v3,100,HEURISTIC ripe bunch,100,HEURISTIC ripe bunch,,,False,,,False,,0.0,0.0,273167.4807,0.0,0.0,0.0,0.0,729.47,27.28,550.53,496.19000000000005,True,weak_bunch_anchor_with_child_support_v3,weak_bunch_anchor,3,eripe bunch,0.766291,0;1;2;4,4,2,2,3.25,3.25,0.0,ripe,5.153791,union_anchor_children
session_20260630_103628,images_ok_raw/ok_20260630_103948_000109.jpg,images_ok_raw,109,heuristic_0,heuristic,100,HEURISTIC ripe bunch,,none,heuristics,,weak_bunch_anchor_with_child_support_v3,100,HEURISTIC ripe bunch,100,HEURISTIC ripe bunch,,,False,,,False,,0.0,0.0,270707.96025,0.0,0.0,0.0,0.0,727.6475,30.450000000000003,552.3525,490.1000000000001,True,weak_bunch_anchor_with_child_support_v3,weak_bunch_anchor,3,eripe bunch,0.787278,0;1;2;4,4,2,2,3.25,3.25,0.0,ripe,5.174778,union_anchor_children
session_20260630_103628,images_ok_raw/ok_20260630_103950_000111.jpg,images_ok_raw,111,heuristic_0,heuristic,100,HEURISTIC ripe bunch,,none,heuristics,,weak_bunch_anchor_with_child_support_v3,100,HEURISTIC ripe bunch,100,HEURISTIC ripe bunch,,,False,,,False,,0.0,0.0,174219.09920451275,0.0,0.0,0.0,0.0,900.67054668,0.0,295.61251963999996,589.34952896,True,weak_bunch_anchor_with_child_support_v3,weak_bunch_anchor,4,unripe bunch,0.746879,0;1;2;3,4,1,3,3.7,3.7,0.0,ripe,5.741879,union_anchor_children
session_20260630_103628,images_ok_raw/ok_20260630_103951_000112.jpg,images_ok_raw,112,heuristic_0,heuristic,100,HEURISTIC ripe bunch,,none,heuristics,,weak_bunch_anchor_with_child_support_v3,100,HEURISTIC ripe bunch,100,HEURISTIC ripe bunch,,,False,,,False,,0.0,0.0,180655.66423386364,0.0,0.0,0.0,0.0,302.69353651999995,0.0,302.8606079599999,596.49772696,True,weak_bunch_anchor_with_child_support_v3,weak_bunch_anchor,5,unripe bunch,0.510741,0;1;2;3,4,1,3,3.7,3.7,0.0,ripe,5.505741,union_anchor_children
session_20260630_103628,images_ok_raw/ok_20260630_104009_000120.jpg,images_ok_raw,120,heuristic_0,heuristic,103,HEURISTIC unripe bunch,,none,heuristics,,weak_bunch_anchor_with_child_support_v3,103,HEURISTIC unripe bunch,103,HEURISTIC unripe bunch,,,False,,,False,,0.0,0.0,53649.28305511418,0.0,0.0,0.0,0.0,653.07781476,347.28597776000004,190.90021748000004,281.03311648,True,weak_bunch_anchor_with_child_support_v3,weak_bunch_anchor,1,unripe bunch,0.886417,0;2;3;4;6;7;8;9;10,9,8,1,5.499999999999999,1.55,3.95,unripe,7.768916999999999,union_anchor_children
session_20260630_103628,images_ok_raw/ok_20260630_104013_000124.jpg,images_ok_raw,124,heuristic_0,heuristic,103,HEURISTIC unripe bunch,,none,heuristics,,weak_bunch_anchor_with_child_support_v3,103,HEURISTIC unripe bunch,103,HEURISTIC unripe bunch,,,False,,,False,,0.0,0.0,131938.85530000002,0.0,0.0,0.0,0.0,465.255,14.515,358.8025,367.72,True,weak_bunch_anchor_with_child_support_v3,weak_bunch_anchor,8,unripe bunch,0.704974,0;1;3;4;5;7;9,7,5,2,4.749999999999999,2.1,2.6500000000000004,unripe,6.382473999999999,union_anchor_children
session_20260630_103628,images_ok_raw/ok_20260630_104018_000126.jpg,images_ok_raw,126,heuristic_0,heuristic,103,HEURISTIC unripe bunch,,none,heuristics,,weak_bunch_anchor_with_child_support_v3,103,HEURISTIC unripe bunch,103,HEURISTIC unripe bunch,,,False,,,False,,0.0,0.0,80150.36965000001,0.0,0.0,0.0,0.0,618.83,157.6825,281.59000000000003,284.635,True,weak_bunch_anchor_with_child_support_v3,weak_bunch_anchor,4,unripe bunch,0.818738,1;2;3;5;6;7;9;10;11,9,8,1,5.999999999999999,1.0,4.999999999999999,unripe,8.568737999999998,union_anchor_children
session_20260630_103628,images_weak_noise_raw/weak_20260630_103656_000012.jpg,images_weak_noise_raw,141,heuristic_0,heuristic,103,HEURISTIC unripe bunch,,none,heuristics,,weak_bunch_anchor_with_child_support_v3,103,HEURISTIC unripe bunch,103,HEURISTIC unripe bunch,,,False,,,False,,0.0,0.0,111076.69320000001,0.0,0.0,0.0,0.0,0.0,57.69,261.36,424.995,True,weak_bunch_anchor_with_child_support_v3,weak_bunch_anchor,4,unripe bunch,0.815233,0;1;2;3;5;6;11;12,8,8,0,5.25,1.2,4.05,unripe,7.482733,union_anchor_children
session_20260630_103628,images_weak_noise_raw/weak_20260630_103656_000012.jpg,images_weak_noise_raw,141,heuristic_1,heuristic,104,HEURISTIC mixed bunch,,none,heuristics,,weak_bunch_anchor_with_child_support_v3,104,HEURISTIC mixed bunch,104,HEURISTIC mixed bunch,,,False,,,False,,0.0,0.0,46134.69495000001,0.0,0.0,0.0,0.0,616.4475,373.28,199.23000000000002,231.56500000000005,True,weak_bunch_anchor_with_child_support_v3,weak_bunch_anchor,7,unripe bunch,0.795022,8;9;13,3,3,0,1.6,1.05,0.55,mixed,2.762522,union_anchor_children
session_20260630_103628,images_weak_noise_raw/weak_20260630_103659_000013.jpg,images_weak_noise_raw,142,heuristic_0,heuristic,103,HEURISTIC unripe bunch,,none,heuristics,,weak_bunch_anchor_with_child_support_v3,103,HEURISTIC unripe bunch,103,HEURISTIC unripe bunch,,,False,,,False,,0.0,0.0,52294.312741053596,0.0,0.0,0.0,0.0,0.0,0.0,197.03218696000002,265.40999999999997,True,weak_bunch_anchor_with_child_support_v3,weak_bunch_anchor,7,unripe bunch,0.740176,0;2;3;4;11,5,5,0,3.3,0.0,3.3,unripe,5.195176,union_anchor_children
session_20260630_103628,images_weak_noise_raw/weak_20260630_103659_000013.jpg,images_weak_noise_raw,142,heuristic_1,heuristic,104,HEURISTIC mixed bunch,,none,heuristics,,weak_bunch_anchor_with_child_support_v3,104,HEURISTIC mixed bunch,104,HEURISTIC mixed bunch,,,False,,,False,,0.0,0.0,33546.17199531249,0.0,0.0,0.0,0.0,615.88875,172.5725,145.25374999999997,230.94875000000002,True,weak_bunch_anchor_with_child_support_v3,weak_bunch_anchor,1,unripe bunch,0.83602,5;8;10,3,3,0,1.6500000000000001,1.1,0.55,mixed,2.87102,union_anchor_children
session_20260630_103628,images_weak_noise_raw/weak_20260630_103700_000014.jpg,images_weak_noise_raw,143,heuristic_0,heuristic,104,HEURISTIC mixed bunch,,none,heuristics,,weak_bunch_anchor_with_child_support_v3,104,HEURISTIC mixed bunch,104,HEURISTIC mixed bunch,,,False,,,False,,0.0,0.0,36681.55534375001,0.0,0.0,0.0,0.0,428.83125,370.29,146.99375000000003,249.54500000000002,True,weak_bunch_anchor_with_child_support_v3,weak_bunch_anchor,0,unripe bunch,0.802556,4;5;6,3,3,0,1.6500000000000001,1.1,0.55,mixed,2.837556,union_anchor_children
session_20260630_103628,images_weak_noise_raw/weak_20260630_103702_000015.jpg,images_weak_noise_raw,144,heuristic_0,heuristic,104,HEURISTIC mixed bunch,,none,heuristics,,weak_bunch_anchor_with_child_support_v3,104,HEURISTIC mixed bunch,104,HEURISTIC mixed bunch,,,False,,,False,,0.0,0.0,39533.94350624999,0.0,0.0,0.0,0.0,468.485,343.12125,150.65499999999997,262.41375,True,weak_bunch_anchor_with_child_support_v3,weak_bunch_anchor,1,unripe bunch,0.775945,0;4;6;8,4,4,0,2.1500000000000004,1.1,1.05,mixed,3.3109450000000002,union_anchor_children
session_20260630_103628,images_weak_noise_raw/weak_20260630_103703_000016.jpg,images_weak_noise_raw,145,heuristic_0,heuristic,104,HEURISTIC mixed bunch,,none,heuristics,,weak_bunch_anchor_with_child_support_v3,104,HEURISTIC mixed bunch,104,HEURISTIC mixed bunch,,,False,,,False,,0.0,0.0,41735.23472500001,0.0,0.0,0.0,0.0,443.885,347.79,160.26125000000002,260.42,True,weak_bunch_anchor_with_child_support_v3,weak_bunch_anchor,1,unripe bunch,0.799442,0;2;7;8,4,4,0,2.25,1.2,1.05,mixed,3.469442,union_anchor_children
session_20260630_103628,images_weak_noise_raw/weak_20260630_103718_000019.jpg,images_weak_noise_raw,148,heuristic_0,heuristic,103,HEURISTIC unripe bunch,,none,heuristics,,weak_bunch_anchor_with_child_support_v3,103,HEURISTIC unripe bunch,103,HEURISTIC unripe bunch,,,False,,,False,,0.0,0.0,49914.14242499998,0.0,0.0,0.0,0.0,1038.93875,501.5325,241.06124999999997,207.05999999999995,True,weak_bunch_anchor_with_child_support_v3,weak_bunch_anchor,7,unripe bunch,0.560253,0;1;6,3,3,0,1.75,0.0,1.75,unripe,2.9227529999999997,union_anchor_children
session_20260630_103628,images_weak_noise_raw/weak_20260630_103728_000024.jpg,images_weak_noise_raw,153,heuristic_0,heuristic,103,HEURISTIC unripe bunch,,none,heuristics,,weak_bunch_anchor_with_child_support_v3,103,HEURISTIC unripe bunch,103,HEURISTIC unripe bunch,,,False,,,False,,0.0,0.0,62565.57834691406,0.0,0.0,0.0,0.0,195.59562496,370.35722252,210.67593808000004,296.9754349600001,True,weak_bunch_anchor_with_child_support_v3,weak_bunch_anchor,3,unripe bunch,0.757075,0;1;2;5;6;7,6,6,0,3.749999999999999,0.0,3.749999999999999,unripe,5.819574999999999,union_anchor_children
session_20260630_103628,images_weak_noise_raw/weak_20260630_103736_000027.jpg,images_weak_noise_raw,156,heuristic_0,heuristic,103,HEURISTIC unripe bunch,,none,heuristics,,weak_bunch_anchor_with_child_support_v3,103,HEURISTIC unripe bunch,103,HEURISTIC unripe bunch,,,False,,,False,,0.0,0.0,26691.383830631396,0.0,0.0,0.0,0.0,271.68480483999997,180.29032024,144.78551831999994,184.35119851999994,True,weak_bunch_anchor_with_child_support_v3,weak_bunch_anchor,3,unripe bunch,0.767687,0;1;2;4;5,5,5,0,3.05,0.0,3.05,unripe,4.885187,union_anchor_children
session_20260630_103628,images_weak_noise_raw/weak_20260630_103737_000028.jpg,images_weak_noise_raw,157,heuristic_0,heuristic,103,HEURISTIC unripe bunch,,none,heuristics,,weak_bunch_anchor_with_child_support_v3,103,HEURISTIC unripe bunch,103,HEURISTIC unripe bunch,,,False,,,False,,0.0,0.0,27922.903922192407,0.0,0.0,0.0,0.0,95.97399300000001,169.28009120000002,154.60111699999996,180.61256259999993,True,weak_bunch_anchor_with_child_support_v3,weak_bunch_anchor,2,unripe bunch,0.808068,0;1;4;5;6,5,5,0,3.05,0.0,3.05,unripe,4.925568,union_anchor_children
session_20260630_103628,images_weak_noise_raw/weak_20260630_103739_000029.jpg,images_weak_noise_raw,158,heuristic_0,heuristic,103,HEURISTIC unripe bunch,,none,heuristics,,weak_bunch_anchor_with_child_support_v3,103,HEURISTIC unripe bunch,103,HEURISTIC unripe bunch,,,False,,,False,,0.0,0.0,48445.49488125001,0.0,0.0,0.0,0.0,92.30875,274.31,159.554375,303.63000000000005,True,weak_bunch_anchor_with_child_support_v3,weak_bunch_anchor,5,unripe bunch,0.690142,0;1;2;3;4;6,6,6,0,3.25,0.0,3.25,unripe,5.077642,union_anchor_children
session_20260630_103628,images_weak_noise_raw/weak_20260630_103742_000031.jpg,images_weak_noise_raw,160,heuristic_0,heuristic,103,HEURISTIC unripe bunch,,none,heuristics,,weak_bunch_anchor_with_child_support_v3,103,HEURISTIC unripe bunch,103,HEURISTIC unripe bunch,,,False,,,False,,0.0,0.0,45606.00161406251,0.0,0.0,0.0,0.0,56.955,382.7725,173.74625000000003,262.48625,True,weak_bunch_anchor_with_child_support_v3,weak_bunch_anchor,0,unripe bunch,0.710629,3;4;5;6,4,4,0,2.0,0.0,2.0,unripe,3.410629,union_anchor_children
session_20260630_103628,images_weak_noise_raw/weak_20260630_103743_000032.jpg,images_weak_noise_raw,161,heuristic_0,heuristic,103,HEURISTIC unripe bunch,,none,heuristics,,weak_bunch_anchor_with_child_support_v3,103,HEURISTIC unripe bunch,103,HEURISTIC unripe bunch,,,False,,,False,,0.0,0.0,45490.46584062501,0.0,0.0,0.0,0.0,0.0,445.218125,167.735,271.204375,True,weak_bunch_anchor_with_child_support_v3,weak_bunch_anchor,1,unripe bunch,0.759223,0;4;6;7,4,4,0,2.05,0.0,2.05,unripe,3.5267229999999996,union_anchor_children
session_20260630_103628,images_weak_noise_raw/weak_20260630_103745_000033.jpg,images_weak_noise_raw,162,heuristic_0,heuristic,104,HEURISTIC mixed bunch,,none,heuristics,,weak_bunch_anchor_with_child_support_v3,104,HEURISTIC mixed bunch,104,HEURISTIC mixed bunch,,,False,,,False,,0.0,0.0,37240.02070574581,0.0,0.0,0.0,0.0,1123.17734372,394.48046888,156.82265628000005,237.46582024000008,True,weak_bunch_anchor_with_child_support_v3,weak_bunch_anchor,0,unripe bunch,0.871477,2;4;5,3,3,0,1.55,0.5,1.05,mixed,2.788977,union_anchor_children
session_20260630_103628,images_weak_noise_raw/weak_20260630_103746_000034.jpg,images_weak_noise_raw,163,heuristic_0,heuristic,103,HEURISTIC unripe bunch,,none,heuristics,,weak_bunch_anchor_with_child_support_v3,103,HEURISTIC unripe bunch,103,HEURISTIC unripe bunch,,,False,,,False,,0.0,0.0,42567.11021871499,0.0,0.0,0.0,0.0,1056.8209769199998,406.52076408,173.33900416000006,245.57144783999996,True,weak_bunch_anchor_with_child_support_v3,weak_bunch_anchor,0,unripe bunch,0.831689,1;3;5;7,4,4,0,2.1,0.55,1.55,unripe,3.474189,union_anchor_children
session_20260630_103628,images_weak_noise_raw/weak_20260630_103748_000035.jpg,images_weak_noise_raw,164,heuristic_0,heuristic,103,HEURISTIC unripe bunch,,none,heuristics,,weak_bunch_anchor_with_child_support_v3,103,HEURISTIC unripe bunch,103,HEURISTIC unripe bunch,,,False,,,False,,0.0,0.0,52956.992835012476,0.0,0.0,0.0,0.0,979.1785812,308.92794424,200.09107960000006,264.66443652,True,weak_bunch_anchor_with_child_support_v3,weak_bunch_anchor,0,unripe bunch,0.808068,3;4;5;10,4,4,0,2.1500000000000004,0.55,1.6,unripe,3.5180680000000004,union_anchor_children
session_20260630_103628,images_weak_noise_raw/weak_20260630_103749_000036.jpg,images_weak_noise_raw,165,heuristic_0,heuristic,100,HEURISTIC ripe bunch,,none,heuristics,,weak_bunch_anchor_with_child_support_v3,100,HEURISTIC ripe bunch,100,HEURISTIC ripe bunch,,,False,,,False,,0.0,0.0,109629.41176875001,0.0,0.0,0.0,0.0,549.42125,195.73,227.25125000000003,482.41499999999996,True,weak_bunch_anchor_with_child_support_v3,weak_bunch_anchor,0,unripe bunch,0.803174,4;5;7;8;11,5,5,0,2.7,1.6,1.1,ripe,4.063174,union_anchor_children
session_20260630_103628,images_weak_noise_raw/weak_20260630_103749_000036.jpg,images_weak_noise_raw,165,heuristic_1,heuristic,103,HEURISTIC unripe bunch,,none,heuristics,,weak_bunch_anchor_with_child_support_v3,103,HEURISTIC unripe bunch,103,HEURISTIC unripe bunch,,,False,,,False,,0.0,0.0,40567.540390625,0.0,0.0,0.0,0.0,1001.34375,127.2075,155.875,260.256875,True,weak_bunch_anchor_with_child_support_v3,weak_bunch_anchor,1,unripe bunch,0.783326,2;3;6;9,4,4,0,2.1500000000000004,0.55,1.6,unripe,3.4933260000000006,union_anchor_children
session_20260630_103628,images_weak_noise_raw/weak_20260630_103759_000040.jpg,images_weak_noise_raw,169,heuristic_0,heuristic,104,HEURISTIC mixed bunch,,none,heuristics,,weak_bunch_anchor_with_child_support_v3,104,HEURISTIC mixed bunch,104,HEURISTIC mixed bunch,,,False,,,False,,0.0,0.0,133645.45657500002,0.0,0.0,0.0,0.0,951.435,0.0,328.56500000000005,406.755,True,weak_bunch_anchor_with_child_support_v3,weak_bunch_anchor,3,unripe bunch,0.83602,2;5;8;9,4,4,0,2.3,1.25,1.05,mixed,3.57352,union_anchor_children
session_20260630_103628,images_weak_noise_raw/weak_20260630_103803_000043.jpg,images_weak_noise_raw,172,heuristic_0,heuristic,104,HEURISTIC mixed bunch,,none,heuristics,,weak_bunch_anchor_with_child_support_v3,104,HEURISTIC mixed bunch,104,HEURISTIC mixed bunch,,,False,,,False,,0.0,0.0,164886.03949999998,0.0,0.0,0.0,0.0,639.925,125.00999999999999,352.7125,467.48,True,weak_bunch_anchor_with_child_support_v3,weak_bunch_anchor,1,unripe bunch,0.87235,0;2;3;4;6;7,6,6,0,3.6499999999999995,1.7,1.95,mixed,5.2048499999999995,union_anchor_children
session_20260630_103628,images_weak_noise_raw/weak_20260630_103805_000044.jpg,images_weak_noise_raw,173,heuristic_0,heuristic,103,HEURISTIC unripe bunch,,none,heuristics,,weak_bunch_anchor_with_child_support_v3,103,HEURISTIC unripe bunch,103,HEURISTIC unripe bunch,,,False,,,False,,0.0,0.0,62143.533038671856,0.0,0.0,0.0,0.0,940.968125,377.98375,223.1731249999999,278.454375,True,weak_bunch_anchor_with_child_support_v3,weak_bunch_anchor,2,unripe bunch,0.727975,1;3;4;6,4,4,0,2.1500000000000004,0.0,2.1500000000000004,unripe,3.6304750000000006,union_anchor_children
session_20260630_103628,images_weak_noise_raw/weak_20260630_103815_000050.jpg,images_weak_noise_raw,179,heuristic_0,heuristic,104,HEURISTIC mixed bunch,,none,heuristics,,weak_bunch_anchor_with_child_support_v3,104,HEURISTIC mixed bunch,104,HEURISTIC mixed bunch,,,False,,,False,,0.0,0.0,160658.62685,0.0,0.0,0.0,0.0,344.315,366.1225,482.99499999999995,332.63000000000005,True,weak_bunch_anchor_with_child_support_v3,weak_bunch_anchor,5,unripe bunch,0.67405,0;1;2;3;4;6;7,7,6,1,4.25,2.1500000000000004,2.1,mixed,5.676550000000001,union_anchor_children
session_20260630_103628,images_weak_noise_raw/weak_20260630_103816_000051.jpg,images_weak_noise_raw,180,heuristic_0,heuristic,103,HEURISTIC unripe bunch,,none,heuristics,,weak_bunch_anchor_with_child_support_v3,103,HEURISTIC unripe bunch,103,HEURISTIC unripe bunch,,,False,,,False,,0.0,0.0,103886.0988770844,0.0,0.0,0.0,0.0,739.545,463.71101616,405.34749999999997,256.28898384,True,weak_bunch_anchor_with_child_support_v3,weak_bunch_anchor,6,unripe bunch,0.593609,0;2;3;5;7,5,5,0,2.85,0.5,2.35,unripe,4.266109,union_anchor_children
session_20260630_103628,images_weak_noise_raw/weak_20260630_103816_000051.jpg,images_weak_noise_raw,180,heuristic_1,heuristic,103,HEURISTIC unripe bunch,,none,heuristics,,weak_bunch_anchor_with_child_support_v3,103,HEURISTIC unripe bunch,103,HEURISTIC unripe bunch,,,False,,,False,,0.0,0.0,33008.73578854739,0.0,0.0,0.0,0.0,757.199844,479.71906296,137.51437499999997,240.03843808,True,weak_bunch_anchor_with_child_support_v3,weak_bunch_anchor,4,unripe bunch,0.719384,0;2;3;7,4,4,0,2.3,0.5,1.8,unripe,3.6493839999999995,union_anchor_children
session_20260630_103628,images_weak_noise_raw/weak_20260630_103829_000059.jpg,images_weak_noise_raw,188,heuristic_0,heuristic,103,HEURISTIC unripe bunch,,none,heuristics,,weak_bunch_anchor_with_child_support_v3,103,HEURISTIC unripe bunch,103,HEURISTIC unripe bunch,,,False,,,False,,0.0,0.0,37347.20618671873,0.0,0.0,0.0,0.0,548.37625,162.475625,159.02874999999995,234.84562499999996,True,weak_bunch_anchor_with_child_support_v3,weak_bunch_anchor,1,unripe bunch,0.704974,0;2;4;5,4,4,0,2.05,0.0,2.05,unripe,3.4724739999999996,union_anchor_children
session_20260630_103628,images_weak_noise_raw/weak_20260630_103830_000060.jpg,images_weak_noise_raw,189,heuristic_0,heuristic,103,HEURISTIC unripe bunch,,none,heuristics,,weak_bunch_anchor_with_child_support_v3,103,HEURISTIC unripe bunch,103,HEURISTIC unripe bunch,,,False,,,False,,0.0,0.0,158549.2207945312,0.0,0.0,0.0,0.0,448.370625,130.35750000000002,317.93062499999996,498.6912499999999,True,weak_bunch_anchor_with_child_support_v3,weak_bunch_anchor,10,unripe bunch,0.498047,1;3;4;5;6;7;8,7,7,0,3.6500000000000004,0.5,3.1500000000000004,unripe,5.250547,union_anchor_children
session_20260630_103628,images_weak_noise_raw/weak_20260630_103830_000060.jpg,images_weak_noise_raw,189,heuristic_1,heuristic,103,HEURISTIC unripe bunch,,none,heuristics,,weak_bunch_anchor_with_child_support_v3,103,HEURISTIC unripe bunch,103,HEURISTIC unripe bunch,,,False,,,False,,0.0,0.0,53409.347578125,0.0,0.0,0.0,0.0,543.8,150.15,206.35312499999998,258.82500000000005,True,weak_bunch_anchor_with_child_support_v3,weak_bunch_anchor,0,unripe bunch,0.785308,1;3;4;5;7;8,6,6,0,3.1500000000000004,0.0,3.1500000000000004,unripe,5.037808,union_anchor_children
session_20260630_103628,images_weak_noise_raw/weak_20260630_103832_000061.jpg,images_weak_noise_raw,190,heuristic_0,heuristic,103,HEURISTIC unripe bunch,,none,heuristics,,weak_bunch_anchor_with_child_support_v3,103,HEURISTIC unripe bunch,103,HEURISTIC unripe bunch,,,False,,,False,,0.0,0.0,62253.93786461413,0.0,0.0,0.0,0.0,516.93093752,152.27,233.90765596000006,266.14750000000004,True,weak_bunch_anchor_with_child_support_v3,weak_bunch_anchor,0,unripe bunch,0.800692,2;3;4;5;6;7;8,7,7,0,3.6500000000000004,0.0,3.6500000000000004,unripe,5.728192,union_anchor_children
session_20260630_103628,images_weak_noise_raw/weak_20260630_103833_000062.jpg,images_weak_noise_raw,191,heuristic_0,heuristic,103,HEURISTIC unripe bunch,,none,heuristics,,weak_bunch_anchor_with_child_support_v3,103,HEURISTIC unripe bunch,103,HEURISTIC unripe bunch,,,False,,,False,,0.0,0.0,82155.33073237288,0.0,0.0,0.0,0.0,1015.33649036,137.98564744,246.93625627999995,332.69853512,True,weak_bunch_anchor_with_child_support_v3,weak_bunch_anchor,9,unripe bunch,0.531209,1;2;3;4;5;7;8,7,7,0,3.8,0.5,3.3,unripe,5.486209000000001,union_anchor_children
session_20260630_103628,images_weak_noise_raw/weak_20260630_103855_000069.jpg,images_weak_noise_raw,198,heuristic_0,heuristic,103,HEURISTIC unripe bunch,,none,heuristics,,weak_bunch_anchor_with_child_support_v3,103,HEURISTIC unripe bunch,103,HEURISTIC unripe bunch,,,False,,,False,,0.0,0.0,224949.16620000004,0.0,0.0,0.0,0.0,317.795625,227.51999999999998,456.76812500000005,492.48,True,weak_bunch_anchor_with_child_support_v3,weak_bunch_anchor,2,unripe bunch,0.646013,0;1;3;4,4,3,1,2.55,1.0,1.55,unripe,3.7385129999999998,union_anchor_children
session_20260630_103628,images_weak_noise_raw/weak_20260630_103858_000071.jpg,images_weak_noise_raw,200,heuristic_0,heuristic,103,HEURISTIC unripe bunch,,none,heuristics,,weak_bunch_anchor_with_child_support_v3,103,HEURISTIC unripe bunch,103,HEURISTIC unripe bunch,,,False,,,False,,0.0,0.0,43229.113537499994,0.0,0.0,0.0,0.0,494.51,455.315,185.63625000000002,232.86999999999995,True,weak_bunch_anchor_with_child_support_v3,weak_bunch_anchor,3,unripe bunch,0.679178,0;1;4;5,4,4,0,2.1500000000000004,0.0,2.1500000000000004,unripe,3.581678,union_anchor_children
session_20260630_103628,images_weak_noise_raw/weak_20260630_103858_000071.jpg,images_weak_noise_raw,200,heuristic_1,heuristic,104,HEURISTIC mixed bunch,,none,heuristics,,weak_bunch_anchor_with_child_support_v3,104,HEURISTIC mixed bunch,104,HEURISTIC mixed bunch,,,False,,,False,,0.0,0.0,120111.03351992194,0.0,0.0,0.0,0.0,310.69265652,203.14863604,263.36078095999994,456.0703119199999,True,weak_bunch_anchor_with_child_support_v3,weak_bunch_anchor,6,unripe bunch,0.54577,2;4;8,3,3,0,1.6,0.5,1.1,mixed,2.53077,union_anchor_children
session_20260630_103628,images_weak_noise_raw/weak_20260630_103919_000081.jpg,images_weak_noise_raw,210,heuristic_0,heuristic,103,HEURISTIC unripe bunch,,none,heuristics,,weak_bunch_anchor_with_child_support_v3,103,HEURISTIC unripe bunch,103,HEURISTIC unripe bunch,,,False,,,False,,0.0,0.0,279890.581875,0.0,0.0,0.0,0.0,395.335,184.40625,522.5799999999999,535.59375,True,weak_bunch_anchor_with_child_support_v3,weak_bunch_anchor,0,unripe bunch,0.803791,1;2;3;4;6;7;9,7,7,0,3.7,0.5,3.2,unripe,5.623791000000001,union_anchor_children
session_20260630_103628,images_weak_noise_raw/weak_20260630_103920_000082.jpg,images_weak_noise_raw,211,heuristic_0,heuristic,103,HEURISTIC unripe bunch,,none,heuristics,,weak_bunch_anchor_with_child_support_v3,103,HEURISTIC unripe bunch,103,HEURISTIC unripe bunch,,,False,,,False,,0.0,0.0,194786.98555198326,0.0,0.0,0.0,0.0,389.59562504,200.79,375.1603119200001,519.21,True,weak_bunch_anchor_with_child_support_v3,weak_bunch_anchor,1,unripe bunch,0.772529,2;3;4;9;10,5,5,0,2.6500000000000004,0.5,2.1500000000000004,unripe,4.175029,union_anchor_children
session_20260630_103628,images_weak_noise_raw/weak_20260630_103923_000084.jpg,images_weak_noise_raw,213,heuristic_0,heuristic,103,HEURISTIC unripe bunch,,none,heuristics,,weak_bunch_anchor_with_child_support_v3,103,HEURISTIC unripe bunch,103,HEURISTIC unripe bunch,,,False,,,False,,0.0,0.0,34697.74304293379,0.0,0.0,0.0,0.0,776.535,122.76624992,224.24249999999995,154.73312615999998,True,weak_bunch_anchor_with_child_support_v3,weak_bunch_anchor,0,unripe bunch,0.734882,4;5;7,3,3,0,1.5,0.0,1.5,unripe,2.759882,union_anchor_children
session_20260630_103628,images_weak_noise_raw/weak_20260630_104006_000099.jpg,images_weak_noise_raw,228,heuristic_0,heuristic,103,HEURISTIC unripe bunch,,none,heuristics,,weak_bunch_anchor_with_child_support_v3,103,HEURISTIC unripe bunch,103,HEURISTIC unripe bunch,,,False,,,False,,0.0,0.0,19352.66650025466,0.0,0.0,0.0,0.0,837.99042004,499.64141023999997,119.93737291999992,161.35643151999994,True,weak_bunch_anchor_with_child_support_v3,weak_bunch_anchor,0,unripe bunch,0.886417,2;3;4;5;6;8,6,6,0,3.05,0.0,3.05,unripe,5.0039169999999995,union_anchor_children
session_20260630_103628,images_weak_noise_raw/weak_20260630_104007_000100.jpg,images_weak_noise_raw,229,heuristic_0,heuristic,103,HEURISTIC unripe bunch,,none,heuristics,,weak_bunch_anchor_with_child_support_v3,103,HEURISTIC unripe bunch,103,HEURISTIC unripe bunch,,,False,,,False,,0.0,0.0,16589.673268897528,0.0,0.0,0.0,0.0,768.5090751199999,365.03295248,107.34931275999998,154.53916604,True,weak_bunch_anchor_with_child_support_v3,weak_bunch_anchor,0,unripe bunch,0.840784,1;2;3;4;5,5,5,0,2.6,0.0,2.6,unripe,4.350784,union_anchor_children
session_20260630_103628,images_weak_noise_raw/weak_20260630_104009_000101.jpg,images_weak_noise_raw,230,heuristic_0,heuristic,103,HEURISTIC unripe bunch,,none,heuristics,,weak_bunch_anchor_with_child_support_v3,103,HEURISTIC unripe bunch,103,HEURISTIC unripe bunch,,,False,,,False,,0.0,0.0,66446.60842187499,0.0,0.0,0.0,0.0,676.93125,369.9975,205.35624999999993,323.56750000000005,True,weak_bunch_anchor_with_child_support_v3,weak_bunch_anchor,3,unripe bunch,0.81582,0;1;2;4;5;6;7;8,8,8,0,4.999999999999999,0.55,4.449999999999999,unripe,7.37332,union_anchor_children
session_20260630_103628,images_weak_noise_raw/weak_20260630_104016_000105.jpg,images_weak_noise_raw,234,heuristic_0,heuristic,103,HEURISTIC unripe bunch,,none,heuristics,,weak_bunch_anchor_with_child_support_v3,103,HEURISTIC unripe bunch,103,HEURISTIC unripe bunch,,,False,,,False,,0.0,0.0,42241.51340082135,0.0,0.0,0.0,0.0,885.17218696,276.98375,195.63218808,215.92312500000003,True,weak_bunch_anchor_with_child_support_v3,weak_bunch_anchor,0,unripe bunch,0.776624,5;9;11;15;17;19,6,6,0,3.1500000000000004,0.5,2.6500000000000004,unripe,4.8541240000000005,union_anchor_children
session_20260630_103628,images_weak_noise_raw/weak_20260630_104016_000105.jpg,images_weak_noise_raw,234,heuristic_1,heuristic,103,HEURISTIC unripe bunch,,none,heuristics,,weak_bunch_anchor_with_child_support_v3,103,HEURISTIC unripe bunch,103,HEURISTIC unripe bunch,,,False,,,False,,0.0,0.0,46144.25967592116,0.0,0.0,0.0,0.0,315.49625008,576.99656248,322.6793738399999,143.00343752000003,True,weak_bunch_anchor_with_child_support_v3,weak_bunch_anchor,6,unripe bunch,0.70253,2;7;14;22,4,4,0,2.1,0.0,2.1,unripe,3.53753,union_anchor_children
session_20260630_103628,images_weak_noise_raw/weak_20260630_104016_000105.jpg,images_weak_noise_raw,234,heuristic_2,heuristic,103,HEURISTIC unripe bunch,,none,heuristics,,weak_bunch_anchor_with_child_support_v3,103,HEURISTIC unripe bunch,103,HEURISTIC unripe bunch,,,False,,,False,,0.0,0.0,15306.135610937506,0.0,0.0,0.0,0.0,548.28,593.505625,121.00250000000005,126.49437499999999,True,weak_bunch_anchor_with_child_support_v3,weak_bunch_anchor,13,unripe bunch,0.624294,2;3;14,3,3,0,1.6,0.0,1.6,unripe,2.784294,union_anchor_children
session_20260630_103628,images_weak_noise_raw/weak_20260630_104018_000106.jpg,images_weak_noise_raw,235,heuristic_0,heuristic,103,HEURISTIC unripe bunch,,none,heuristics,,weak_bunch_anchor_with_child_support_v3,103,HEURISTIC unripe bunch,103,HEURISTIC unripe bunch,,,False,,,False,,0.0,0.0,71308.38474375001,0.0,0.0,0.0,0.0,617.088125,179.685,290.308125,245.63,True,weak_bunch_anchor_with_child_support_v3,weak_bunch_anchor,1,unripe bunch,0.795022,6;9;10;12;14;15;16;21;24,9,9,0,4.85,0.5,4.35,unripe,7.167522,union_anchor_children
session_20260630_103628,images_weak_noise_raw/weak_20260630_104018_000106.jpg,images_weak_noise_raw,235,heuristic_1,heuristic,103,HEURISTIC unripe bunch,,none,heuristics,,weak_bunch_anchor_with_child_support_v3,103,HEURISTIC unripe bunch,103,HEURISTIC unripe bunch,,,False,,,False,,0.0,0.0,41150.013524999995,0.0,0.0,0.0,0.0,0.0,487.665,177.11499999999998,232.33499999999998,True,weak_bunch_anchor_with_child_support_v3,weak_bunch_anchor,2,unripe bunch,0.791821,4;5;19;20,4,4,0,2.1500000000000004,0.0,2.1500000000000004,unripe,3.6943210000000004,union_anchor_children
session_20260630_103628,images_weak_noise_raw/weak_20260630_104018_000106.jpg,images_weak_noise_raw,235,heuristic_2,heuristic,103,HEURISTIC unripe bunch,,none,heuristics,,weak_bunch_anchor_with_child_support_v3,103,HEURISTIC unripe bunch,103,HEURISTIC unripe bunch,,,False,,,False,,0.0,0.0,22685.186562500003,0.0,0.0,0.0,0.0,241.78125,496.395,120.53125,188.21000000000004,True,weak_bunch_anchor_with_child_support_v3,weak_bunch_anchor,18,unripe bunch,0.656659,0;7;11,3,3,0,1.8,0.0,1.8,unripe,3.086659,union_anchor_children
